ISO-10303-21;
HEADER;
FILE_DESCRIPTION (( 'STEP AP214' ),
    '1' );
FILE_NAME ('box.STEP',
    '2026-05-17T10:55:09',
    ( '' ),
    ( '' ),
    'SwSTEP 2.0',
    'SolidWorks 2026',
    '' );
FILE_SCHEMA (( 'AUTOMOTIVE_DESIGN' ));
ENDSEC;

DATA;
#1 = DIRECTION ( 'NONE',  ( -1.000000000000000000, 0.000000000000000000, 0.000000000000000000 ) ) ;
#2 = CARTESIAN_POINT ( 'NONE',  ( 81.99999999999992895, 100.0000000000000426, 2.000000000000004885 ) ) ;
#3 = VERTEX_POINT ( 'NONE', #958 ) ;
#4 = EDGE_CURVE ( 'NONE', #177, #192, #971, .T. ) ;
#5 = EDGE_CURVE ( 'NONE', #1154, #1016, #642, .T. ) ;
#6 = CARTESIAN_POINT ( 'NONE',  ( 83.64999999999993463, 100.0000000000000426, -1.999999999999995337 ) ) ;
#7 = AXIS2_PLACEMENT_3D ( 'NONE', #1576, #11, #500 ) ;
#8 = DIRECTION ( 'NONE',  ( 0.000000000000000000, 0.000000000000000000, -1.000000000000000000 ) ) ;
#9 = ORIENTED_EDGE ( 'NONE', *, *, #951, .F. ) ;
#10 = ORIENTED_EDGE ( 'NONE', *, *, #28, .F. ) ;
#11 = DIRECTION ( 'NONE',  ( -0.000000000000000000, -0.000000000000000000, -1.000000000000000000 ) ) ;
#12 = EDGE_CURVE ( 'NONE', #1307, #1457, #359, .T. ) ;
#13 = CARTESIAN_POINT ( 'NONE',  ( 41.99999999999992895, 141.2500000000000284, 0.000000000000000000 ) ) ;
#14 = ORIENTED_EDGE ( 'NONE', *, *, #1177, .T. ) ;
#15 = AXIS2_PLACEMENT_3D ( 'NONE', #332, #61, #1424 ) ;
#16 = EDGE_LOOP ( 'NONE', ( #874, #943 ) ) ;
#17 = CARTESIAN_POINT ( 'NONE',  ( 117.6500000000000057, 112.0000000000000142, 0.000000000000000000 ) ) ;
#18 = CARTESIAN_POINT ( 'NONE',  ( 123.0000000000000000, 200.0000000000000000, 0.000000000000000000 ) ) ;
#19 = LINE ( 'NONE', #756, #712 ) ;
#20 = EDGE_LOOP ( 'NONE', ( #1423, #710, #905, #444 ) ) ;
#21 = ADVANCED_FACE ( 'NONE', ( #728 ), #1199, .F. ) ;
#22 = VERTEX_POINT ( 'NONE', #484 ) ;
#23 = CARTESIAN_POINT ( 'NONE',  ( 0.000000000000000000, 200.0000000000000000, 0.000000000000000000 ) ) ;
#24 = AXIS2_PLACEMENT_3D ( 'NONE', #265, #494, #895 ) ;
#25 = AXIS2_PLACEMENT_3D ( 'NONE', #1152, #1021, #894 ) ;
#26 = DIRECTION ( 'NONE',  ( 0.000000000000000000, 0.000000000000000000, -1.000000000000000000 ) ) ;
#27 = ORIENTED_EDGE ( 'NONE', *, *, #726, .F. ) ;
#28 = EDGE_CURVE ( 'NONE', #783, #1164, #775, .T. ) ;
#29 = CARTESIAN_POINT ( 'NONE',  ( 9.000000000000097700, 92.00000000000000000, 0.000000000000000000 ) ) ;
#30 = FACE_OUTER_BOUND ( 'NONE', #749, .T. ) ;
#31 = SHAPE_DEFINITION_REPRESENTATION ( #1274, #222 ) ;
#32 = DIRECTION ( 'NONE',  ( -0.000000000000000000, -0.000000000000000000, -1.000000000000000000 ) ) ;
#33 = EDGE_LOOP ( 'NONE', ( #589, #402 ) ) ;
#34 = EDGE_LOOP ( 'NONE', ( #1119, #120 ) ) ;
#35 = AXIS2_PLACEMENT_3D ( 'NONE', #1352, #136, #506 ) ;
#36 = DIRECTION ( 'NONE',  ( -0.000000000000000000, -0.000000000000000000, -1.000000000000000000 ) ) ;
#37 = ADVANCED_FACE ( 'NONE', ( #1355 ), #119, .F. ) ;
#38 = PLANE ( 'NONE',  #901 ) ;
#39 = EDGE_LOOP ( 'NONE', ( #132, #1364, #1561, #798 ) ) ;
#40 = ORIENTED_EDGE ( 'NONE', *, *, #1555, .F. ) ;
#41 = CARTESIAN_POINT ( 'NONE',  ( 95.99999999999997158, 112.0000000000000284, 0.000000000000000000 ) ) ;
#42 = CARTESIAN_POINT ( 'NONE',  ( 126.5000000000000000, 0.7499999999999997780, -45.00000000000002132 ) ) ;
#43 = VERTEX_POINT ( 'NONE', #351 ) ;
#44 = AXIS2_PLACEMENT_3D ( 'NONE', #625, #1391, #525 ) ;
#45 = VECTOR ( 'NONE', #1543, 1000.000000000000000 ) ;
#46 = EDGE_CURVE ( 'NONE', #690, #255, #1456, .T. ) ;
#47 = DIRECTION ( 'NONE',  ( -1.000000000000000000, 0.000000000000000000, 0.000000000000000000 ) ) ;
#48 = ORIENTED_EDGE ( 'NONE', *, *, #885, .F. ) ;
#49 = AXIS2_PLACEMENT_3D ( 'NONE', #611, #99, #248 ) ;
#50 = CARTESIAN_POINT ( 'NONE',  ( 30.65000000000010516, 92.00000000000001421, 22.00000000000000711 ) ) ;
#51 = VECTOR ( 'NONE', #1123, 1000.000000000000000 ) ;
#52 = DIRECTION ( 'NONE',  ( 0.000000000000000000, 0.000000000000000000, -1.000000000000000000 ) ) ;
#53 = EDGE_CURVE ( 'NONE', #368, #677, #607, .T. ) ;
#54 = CARTESIAN_POINT ( 'NONE',  ( 81.99999999999991473, 141.2500000000000284, 2.000000000000004885 ) ) ;
#55 = CARTESIAN_POINT ( 'NONE',  ( 27.35000000000008669, 112.0000000000000000, -1.999999999999995337 ) ) ;
#56 = ORIENTED_EDGE ( 'NONE', *, *, #1246, .T. ) ;
#57 = DIRECTION ( 'NONE',  ( -0.000000000000000000, -1.000000000000000000, -0.000000000000000000 ) ) ;
#58 = ORIENTED_EDGE ( 'NONE', *, *, #245, .T. ) ;
#59 = DIRECTION ( 'NONE',  ( 0.000000000000000000, 0.000000000000000000, -1.000000000000000000 ) ) ;
#60 = AXIS2_PLACEMENT_3D ( 'NONE', #816, #694, #1055 ) ;
#61 = DIRECTION ( 'NONE',  ( -0.000000000000000000, -0.000000000000000000, -1.000000000000000000 ) ) ;
#62 = LINE ( 'NONE', #1425, #292 ) ;
#63 = LINE ( 'NONE', #666, #925 ) ;
#64 = CARTESIAN_POINT ( 'NONE',  ( 125.0000000000000000, 0.000000000000000000, 0.000000000000000000 ) ) ;
#65 = FACE_OUTER_BOUND ( 'NONE', #409, .T. ) ;
#66 = CARTESIAN_POINT ( 'NONE',  ( 30.65000000000009095, 112.0000000000000000, -1.999999999999995337 ) ) ;
#67 = VECTOR ( 'NONE', #1296, 1000.000000000000000 ) ;
#68 = PLANE ( 'NONE',  #845 ) ;
#69 = DIRECTION ( 'NONE',  ( 0.000000000000000000, 0.000000000000000000, -1.000000000000000000 ) ) ;
#70 = CIRCLE ( 'NONE', #314, 1.649999999999984812 ) ;
#71 = LINE ( 'NONE', #419, #1461 ) ;
#72 = VERTEX_POINT ( 'NONE', #1348 ) ;
#73 = CIRCLE ( 'NONE', #340, 1.649999999999984812 ) ;
#74 = ADVANCED_FACE ( 'NONE', ( #495 ), #1074, .F. ) ;
#75 = DIRECTION ( 'NONE',  ( -1.000000000000000000, 0.000000000000000000, 0.000000000000000000 ) ) ;
#76 = CARTESIAN_POINT ( 'NONE',  ( 29.00000000000010303, 92.00000000000001421, -1.999999999999995337 ) ) ;
#77 = LINE ( 'NONE', #1278, #511 ) ;
#78 = ORIENTED_EDGE ( 'NONE', *, *, #1375, .F. ) ;
#79 = EDGE_LOOP ( 'NONE', ( #1476, #1050 ) ) ;
#80 = DIRECTION ( 'NONE',  ( -0.000000000000000000, -0.000000000000000000, -1.000000000000000000 ) ) ;
#81 = DIRECTION ( 'NONE',  ( -1.000000000000000000, 0.000000000000000000, 0.000000000000000000 ) ) ;
#82 = EDGE_CURVE ( 'NONE', #512, #764, #242, .T. ) ;
#83 = CIRCLE ( 'NONE', #1407, 1.649999999999984812 ) ;
#84 = EDGE_CURVE ( 'NONE', #343, #729, #196, .T. ) ;
#85 = DIRECTION ( 'NONE',  ( -1.000000000000000000, 0.000000000000000000, 0.000000000000000000 ) ) ;
#86 = FACE_OUTER_BOUND ( 'NONE', #1350, .T. ) ;
#87 = DIRECTION ( 'NONE',  ( 0.000000000000000000, 0.000000000000000000, -1.000000000000000000 ) ) ;
#88 = EDGE_LOOP ( 'NONE', ( #1031, #873, #258, #758 ) ) ;
#89 = DIRECTION ( 'NONE',  ( 0.000000000000000000, 0.000000000000000000, -1.000000000000000000 ) ) ;
#90 = VERTEX_POINT ( 'NONE', #1015 ) ;
#91 = EDGE_CURVE ( 'NONE', #1562, #740, #1178, .T. ) ;
#92 = CARTESIAN_POINT ( 'NONE',  ( 115.9999999999999858, 92.00000000000002842, 0.000000000000000000 ) ) ;
#93 = AXIS2_PLACEMENT_3D ( 'NONE', #748, #32, #507 ) ;
#94 = AXIS2_PLACEMENT_3D ( 'NONE', #184, #69, #797 ) ;
#95 = CIRCLE ( 'NONE', #358, 1.649999999999998579 ) ;
#96 = DIRECTION ( 'NONE',  ( 0.000000000000000000, 0.000000000000000000, -1.000000000000000000 ) ) ;
#97 = ORIENTED_EDGE ( 'NONE', *, *, #111, .T. ) ;
#98 = ORIENTED_EDGE ( 'NONE', *, *, #313, .F. ) ;
#99 = DIRECTION ( 'NONE',  ( 0.000000000000000000, 0.000000000000000000, -1.000000000000000000 ) ) ;
#100 = EDGE_LOOP ( 'NONE', ( #860, #1514 ) ) ;
#101 = CIRCLE ( 'NONE', #545, 1.649999999999984812 ) ;
#102 = CARTESIAN_POINT ( 'NONE',  ( 81.99999999999991473, 141.2500000000000284, 2.000000000000004885 ) ) ;
#103 = EDGE_CURVE ( 'NONE', #1356, #3, #614, .T. ) ;
#104 = CARTESIAN_POINT ( 'NONE',  ( 123.0000000000000000, 198.0000000000000000, 0.000000000000000000 ) ) ;
#105 = ORIENTED_EDGE ( 'NONE', *, *, #1345, .F. ) ;
#106 = ORIENTED_EDGE ( 'NONE', *, *, #233, .F. ) ;
#107 = CARTESIAN_POINT ( 'NONE',  ( 125.0000000000000000, 200.0000000000000000, 0.000000000000000000 ) ) ;
#108 = ORIENTED_EDGE ( 'NONE', *, *, #1295, .T. ) ;
#109 = DIRECTION ( 'NONE',  ( 1.000000000000000000, 0.000000000000000000, 0.000000000000000000 ) ) ;
#110 = ORIENTED_EDGE ( 'NONE', *, *, #245, .F. ) ;
#111 = EDGE_CURVE ( 'NONE', #1062, #163, #395, .T. ) ;
#112 = ORIENTED_EDGE ( 'NONE', *, *, #1345, .T. ) ;
#113 = DIRECTION ( 'NONE',  ( 0.000000000000000000, -1.000000000000000000, 0.000000000000000000 ) ) ;
#114 = FACE_OUTER_BOUND ( 'NONE', #1229, .T. ) ;
#115 = ORIENTED_EDGE ( 'NONE', *, *, #502, .T. ) ;
#116 = CARTESIAN_POINT ( 'NONE',  ( 95.99999999999997158, 92.00000000000002842, -1.999999999999995337 ) ) ;
#117 = AXIS2_PLACEMENT_3D ( 'NONE', #239, #621, #1 ) ;
#118 = CYLINDRICAL_SURFACE ( 'NONE', #922, 1.650000000000002132 ) ;
#119 = CYLINDRICAL_SURFACE ( 'NONE', #1203, 1.649999999999984812 ) ;
#120 = ORIENTED_EDGE ( 'NONE', *, *, #1142, .F. ) ;
#121 = VECTOR ( 'NONE', #685, 1000.000000000000000 ) ;
#122 = ORIENTED_EDGE ( 'NONE', *, *, #137, .F. ) ;
#123 = LINE ( 'NONE', #962, #230 ) ;
#124 = EDGE_CURVE ( 'NONE', #837, #783, #888, .T. ) ;
#125 = CYLINDRICAL_SURFACE ( 'NONE', #117, 1.650000000000012568 ) ;
#126 = DIRECTION ( 'NONE',  ( -0.000000000000000000, -0.000000000000000000, -1.000000000000000000 ) ) ;
#127 = ORIENTED_EDGE ( 'NONE', *, *, #924, .F. ) ;
#128 = AXIS2_PLACEMENT_3D ( 'NONE', #1385, #1134, #513 ) ;
#129 = DIRECTION ( 'NONE',  ( -1.000000000000000000, 0.000000000000000000, 0.000000000000000000 ) ) ;
#130 = DIRECTION ( 'NONE',  ( 0.000000000000000000, 0.000000000000000000, -1.000000000000000000 ) ) ;
#131 = DIRECTION ( 'NONE',  ( 0.000000000000000000, 0.000000000000000000, -1.000000000000000000 ) ) ;
#132 = ORIENTED_EDGE ( 'NONE', *, *, #302, .F. ) ;
#133 = ORIENTED_EDGE ( 'NONE', *, *, #692, .T. ) ;
#134 = DIRECTION ( 'NONE',  ( -1.000000000000000000, 0.000000000000000000, 0.000000000000000000 ) ) ;
#135 = DIRECTION ( 'NONE',  ( 0.000000000000000000, 0.000000000000000000, 1.000000000000000000 ) ) ;
#136 = DIRECTION ( 'NONE',  ( 0.000000000000000000, 0.000000000000000000, -1.000000000000000000 ) ) ;
#137 = EDGE_CURVE ( 'NONE', #1207, #1373, #633, .T. ) ;
#138 = CARTESIAN_POINT ( 'NONE',  ( 30.65000000000010516, 92.00000000000001421, 0.000000000000000000 ) ) ;
#139 = VERTEX_POINT ( 'NONE', #293 ) ;
#140 = VERTEX_POINT ( 'NONE', #155 ) ;
#141 = PRESENTATION_STYLE_ASSIGNMENT (( #1280 ) ) ;
#142 = LINE ( 'NONE', #107, #989 ) ;
#143 = ADVANCED_FACE ( 'NONE', ( #651 ), #532, .T. ) ;
#144 = VECTOR ( 'NONE', #809, 1000.000000000000000 ) ;
#145 = CARTESIAN_POINT ( 'NONE',  ( 125.7500000000000000, 200.0000000000000000, -45.75000000000002132 ) ) ;
#146 = ORIENTED_EDGE ( 'NONE', *, *, #447, .T. ) ;
#147 = VERTEX_POINT ( 'NONE', #408 ) ;
#148 = FACE_OUTER_BOUND ( 'NONE', #1025, .T. ) ;
#149 = CIRCLE ( 'NONE', #1049, 1.649999999999984812 ) ;
#150 = DIRECTION ( 'NONE',  ( -0.000000000000000000, -0.000000000000000000, -1.000000000000000000 ) ) ;
#151 = AXIS2_PLACEMENT_3D ( 'NONE', #1522, #427, #1225 ) ;
#152 = CARTESIAN_POINT ( 'NONE',  ( 125.0000000000000000, 200.0000000000000000, -34.25000000000001421 ) ) ;
#153 = AXIS2_PLACEMENT_3D ( 'NONE', #1010, #766, #398 ) ;
#154 = CARTESIAN_POINT ( 'NONE',  ( 125.7500000000000000, 3.000000000000000000, -45.00000000000002132 ) ) ;
#155 = CARTESIAN_POINT ( 'NONE',  ( 114.3499999999999801, 112.0000000000000142, 0.000000000000000000 ) ) ;
#156 = ORIENTED_EDGE ( 'NONE', *, *, #810, .F. ) ;
#157 = EDGE_CURVE ( 'NONE', #1299, #22, #782, .T. ) ;
#158 = EDGE_LOOP ( 'NONE', ( #236, #730 ) ) ;
#159 = LINE ( 'NONE', #1257, #1563 ) ;
#160 = FACE_BOUND ( 'NONE', #1259, .T. ) ;
#161 = DIRECTION ( 'NONE',  ( 1.000000000000000000, 0.000000000000000000, 0.000000000000000000 ) ) ;
#162 = ORIENTED_EDGE ( 'NONE', *, *, #739, .F. ) ;
#163 = VERTEX_POINT ( 'NONE', #55 ) ;
#164 = CIRCLE ( 'NONE', #1550, 0.7500000000000006661 ) ;
#165 = DIRECTION ( 'NONE',  ( -1.000000000000000000, 0.000000000000000000, 0.000000000000000000 ) ) ;
#166 = DIRECTION ( 'NONE',  ( 0.000000000000000000, 0.000000000000000000, -1.000000000000000000 ) ) ;
#167 = CARTESIAN_POINT ( 'NONE',  ( 0.000000000000000000, 0.000000000000000000, -2.000000000000000000 ) ) ;
#168 = CARTESIAN_POINT ( 'NONE',  ( 83.64999999999993463, 100.0000000000000426, 2.000000000000004885 ) ) ;
#169 = EDGE_LOOP ( 'NONE', ( #750, #1241 ) ) ;
#170 = DIRECTION ( 'NONE',  ( -1.000000000000000000, 0.000000000000000000, 0.000000000000000000 ) ) ;
#171 = ORIENTED_EDGE ( 'NONE', *, *, #479, .T. ) ;
#172 = EDGE_CURVE ( 'NONE', #1194, #1062, #510, .T. ) ;
#173 = AXIS2_PLACEMENT_3D ( 'NONE', #585, #96, #1449 ) ;
#174 = ORIENTED_EDGE ( 'NONE', *, *, #492, .T. ) ;
#175 = CIRCLE ( 'NONE', #1464, 1.649999999999998579 ) ;
#176 = FACE_BOUND ( 'NONE', #839, .T. ) ;
#177 = VERTEX_POINT ( 'NONE', #1422 ) ;
#178 = DIRECTION ( 'NONE',  ( -1.000000000000000000, 0.000000000000000000, 0.000000000000000000 ) ) ;
#179 = DIRECTION ( 'NONE',  ( 0.000000000000000000, 0.000000000000000000, -1.000000000000000000 ) ) ;
#180 = FACE_BOUND ( 'NONE', #79, .T. ) ;
#181 = CARTESIAN_POINT ( 'NONE',  ( 125.0000000000000000, 0.000000000000000000, -80.00000000000000000 ) ) ;
#182 = EDGE_CURVE ( 'NONE', #721, #949, #1287, .T. ) ;
#183 = CARTESIAN_POINT ( 'NONE',  ( 2.000000000000000000, 198.0000000000000000, -2.000000000000000000 ) ) ;
#184 = CARTESIAN_POINT ( 'NONE',  ( 29.00000000000008882, 112.0000000000000000, 0.000000000000000000 ) ) ;
#185 = CARTESIAN_POINT ( 'NONE',  ( 0.000000000000000000, 200.0000000000000000, 0.000000000000000000 ) ) ;
#186 = ORIENTED_EDGE ( 'NONE', *, *, #857, .T. ) ;
#187 = CARTESIAN_POINT ( 'NONE',  ( 115.9999999999999858, 92.00000000000002842, -1.999999999999995337 ) ) ;
#188 = FACE_OUTER_BOUND ( 'NONE', #1338, .T. ) ;
#189 = CARTESIAN_POINT ( 'NONE',  ( 125.0000000000000000, 0.000000000000000000, -34.25000000000001421 ) ) ;
#190 = EDGE_CURVE ( 'NONE', #246, #764, #425, .T. ) ;
#191 = CYLINDRICAL_SURFACE ( 'NONE', #1584, 1.649999999999998579 ) ;
#192 = VERTEX_POINT ( 'NONE', #316 ) ;
#193 = ORIENTED_EDGE ( 'NONE', *, *, #279, .F. ) ;
#194 = CARTESIAN_POINT ( 'NONE',  ( 2.000000000000000000, 200.0000000000000000, -78.00000000000000000 ) ) ;
#195 = FACE_OUTER_BOUND ( 'NONE', #202, .T. ) ;
#196 = CIRCLE ( 'NONE', #871, 1.649999999999998579 ) ;
#197 = DIRECTION ( 'NONE',  ( 0.000000000000000000, 0.000000000000000000, -1.000000000000000000 ) ) ;
#198 = CIRCLE ( 'NONE', #1538, 1.649999999999998579 ) ;
#199 = FACE_BOUND ( 'NONE', #432, .T. ) ;
#200 = EDGE_CURVE ( 'NONE', #347, #1523, #1168, .T. ) ;
#201 = ORIENTED_EDGE ( 'NONE', *, *, #313, .T. ) ;
#202 = EDGE_LOOP ( 'NONE', ( #434, #451, #1529, #1517, #1395, #987, #691, #1324 ) ) ;
#203 = VECTOR ( 'NONE', #1503, 1000.000000000000000 ) ;
#204 = EDGE_CURVE ( 'NONE', #147, #740, #676, .T. ) ;
#205 = LINE ( 'NONE', #1076, #144 ) ;
#206 = DIRECTION ( 'NONE',  ( -0.000000000000000000, -0.000000000000000000, 1.000000000000000000 ) ) ;
#207 = EDGE_LOOP ( 'NONE', ( #1250, #324, #968, #1179 ) ) ;
#208 = DIRECTION ( 'NONE',  ( -1.000000000000000000, 0.000000000000000000, 0.000000000000000000 ) ) ;
#209 = VECTOR ( 'NONE', #988, 1000.000000000000000 ) ;
#210 = CIRCLE ( 'NONE', #967, 0.7500000000000006661 ) ;
#211 = EDGE_CURVE ( 'NONE', #1313, #317, #1026, .T. ) ;
#212 = VERTEX_POINT ( 'NONE', #926 ) ;
#213 = DIRECTION ( 'NONE',  ( 0.000000000000000000, 0.000000000000000000, -1.000000000000000000 ) ) ;
#214 = CARTESIAN_POINT ( 'NONE',  ( 0.000000000000000000, 200.0000000000000000, -80.00000000000000000 ) ) ;
#215 = ORIENTED_EDGE ( 'NONE', *, *, #600, .T. ) ;
#216 = EDGE_LOOP ( 'NONE', ( #1068, #1519, #337, #1120 ) ) ;
#217 = ORIENTED_EDGE ( 'NONE', *, *, #84, .T. ) ;
#218 = FACE_OUTER_BOUND ( 'NONE', #471, .T. ) ;
#219 = VERTEX_POINT ( 'NONE', #1428 ) ;
#220 = EDGE_CURVE ( 'NONE', #596, #452, #1236, .T. ) ;
#221 = DIRECTION ( 'NONE',  ( -0.000000000000000000, -0.000000000000000000, -1.000000000000000000 ) ) ;
#222 = ADVANCED_BREP_SHAPE_REPRESENTATION ( 'box', ( #1460, #716 ), #1321 ) ;
#223 = AXIS2_PLACEMENT_3D ( 'NONE', #632, #616, #394 ) ;
#224 = AXIS2_PLACEMENT_3D ( 'NONE', #116, #725, #1578 ) ;
#225 = AXIS2_PLACEMENT_3D ( 'NONE', #330, #1048, #572 ) ;
#226 = CARTESIAN_POINT ( 'NONE',  ( 10.65000000000008562, 92.00000000000000000, 22.00000000000000711 ) ) ;
#227 = VERTEX_POINT ( 'NONE', #696 ) ;
#228 = ORIENTED_EDGE ( 'NONE', *, *, #726, .T. ) ;
#229 = CARTESIAN_POINT ( 'NONE',  ( 123.0000000000000000, 0.000000000000000000, -2.000000000000000000 ) ) ;
#230 = VECTOR ( 'NONE', #1452, 1000.000000000000000 ) ;
#231 = CYLINDRICAL_SURFACE ( 'NONE', #7, 1.649999999999984812 ) ;
#232 = EDGE_LOOP ( 'NONE', ( #27, #127, #58, #186 ) ) ;
#233 = EDGE_CURVE ( 'NONE', #343, #352, #1184, .T. ) ;
#234 = CARTESIAN_POINT ( 'NONE',  ( 40.34999999999995879, 58.75000000000002132, -1.999999999999995337 ) ) ;
#235 = CARTESIAN_POINT ( 'NONE',  ( 115.9999999999999858, 112.0000000000000142, -1.999999999999995337 ) ) ;
#236 = ORIENTED_EDGE ( 'NONE', *, *, #787, .T. ) ;
#237 = ORIENTED_EDGE ( 'NONE', *, *, #1542, .T. ) ;
#238 = DIRECTION ( 'NONE',  ( 0.000000000000000000, 0.000000000000000000, -1.000000000000000000 ) ) ;
#239 = CARTESIAN_POINT ( 'NONE',  ( 115.9999999999999858, 112.0000000000000142, 22.00000000000000711 ) ) ;
#240 = CARTESIAN_POINT ( 'NONE',  ( 95.99999999999997158, 92.00000000000002842, 0.000000000000000000 ) ) ;
#241 = PLANE ( 'NONE',  #1125 ) ;
#242 = LINE ( 'NONE', #380, #1155 ) ;
#243 = ORIENTED_EDGE ( 'NONE', *, *, #838, .F. ) ;
#244 = EDGE_CURVE ( 'NONE', #1478, #518, #1415, .T. ) ;
#245 = EDGE_CURVE ( 'NONE', #90, #219, #336, .T. ) ;
#246 = VERTEX_POINT ( 'NONE', #956 ) ;
#247 = AXIS2_PLACEMENT_3D ( 'NONE', #567, #1230, #1459 ) ;
#248 = DIRECTION ( 'NONE',  ( -1.000000000000000000, 0.000000000000000000, 0.000000000000000000 ) ) ;
#249 = CARTESIAN_POINT ( 'NONE',  ( 125.7500000000000000, 0.000000000000000000, -45.75000000000002132 ) ) ;
#250 = ORIENTED_EDGE ( 'NONE', *, *, #893, .T. ) ;
#251 = CARTESIAN_POINT ( 'NONE',  ( 115.9999999999999858, 92.00000000000002842, 22.00000000000000711 ) ) ;
#252 = AXIS2_PLACEMENT_3D ( 'NONE', #1023, #1536, #441 ) ;
#253 = DIRECTION ( 'NONE',  ( 1.000000000000000000, -0.000000000000000000, 0.000000000000000000 ) ) ;
#254 = DIRECTION ( 'NONE',  ( 0.000000000000000000, 0.000000000000000000, -1.000000000000000000 ) ) ;
#255 = VERTEX_POINT ( 'NONE', #1224 ) ;
#256 = EDGE_CURVE ( 'NONE', #1468, #1332, #1437, .T. ) ;
#257 = VECTOR ( 'NONE', #87, 1000.000000000000000 ) ;
#258 = ORIENTED_EDGE ( 'NONE', *, *, #12, .F. ) ;
#259 = CARTESIAN_POINT ( 'NONE',  ( 9.000000000000090594, 111.9999999999999858, -1.999999999999995337 ) ) ;
#260 = ADVANCED_FACE ( 'NONE', ( #1465, #1191 ), #241, .T. ) ;
#261 = DIRECTION ( 'NONE',  ( -0.000000000000000000, -1.000000000000000000, -0.000000000000000000 ) ) ;
#262 = AXIS2_PLACEMENT_3D ( 'NONE', #415, #1398, #440 ) ;
#263 = CIRCLE ( 'NONE', #575, 1.649999999999998579 ) ;
#264 = AXIS2_PLACEMENT_3D ( 'NONE', #1143, #1509, #1030 ) ;
#265 = CARTESIAN_POINT ( 'NONE',  ( 81.99999999999992895, 100.0000000000000426, 0.000000000000000000 ) ) ;
#266 = VERTEX_POINT ( 'NONE', #481 ) ;
#267 = ORIENTED_EDGE ( 'NONE', *, *, #1510, .F. ) ;
#268 = DIRECTION ( 'NONE',  ( 0.000000000000000000, 0.000000000000000000, -1.000000000000000000 ) ) ;
#269 = CIRCLE ( 'NONE', #1122, 1.649999999999998579 ) ;
#270 = DIRECTION ( 'NONE',  ( 0.000000000000000000, 0.000000000000000000, 1.000000000000000000 ) ) ;
#271 = EDGE_CURVE ( 'NONE', #1164, #783, #438, .T. ) ;
#272 = CARTESIAN_POINT ( 'NONE',  ( 0.000000000000000000, 200.0000000000000000, 0.000000000000000000 ) ) ;
#273 = CARTESIAN_POINT ( 'NONE',  ( 123.5000000000000000, 3.000000000000000000, -35.00000000000001421 ) ) ;
#274 = EDGE_LOOP ( 'NONE', ( #709, #834, #1266, #626 ) ) ;
#275 = ORIENTED_EDGE ( 'NONE', *, *, #1400, .F. ) ;
#276 = DIRECTION ( 'NONE',  ( -1.000000000000000000, 0.000000000000000000, 0.000000000000000000 ) ) ;
#277 = FACE_BOUND ( 'NONE', #1214, .T. ) ;
#278 = ORIENTED_EDGE ( 'NONE', *, *, #157, .T. ) ;
#279 = EDGE_CURVE ( 'NONE', #652, #1221, #149, .T. ) ;
#280 = CYLINDRICAL_SURFACE ( 'NONE', #25, 0.7500000000000006661 ) ;
#281 = VECTOR ( 'NONE', #723, 1000.000000000000000 ) ;
#282 = DIRECTION ( 'NONE',  ( -0.000000000000000000, -0.000000000000000000, -1.000000000000000000 ) ) ;
#283 = CARTESIAN_POINT ( 'NONE',  ( 43.64999999999994174, 100.0000000000000284, 2.000000000000004885 ) ) ;
#284 = ORIENTED_EDGE ( 'NONE', *, *, #1400, .T. ) ;
#285 = EDGE_LOOP ( 'NONE', ( #598, #836, #1061, #1485 ) ) ;
#286 = CARTESIAN_POINT ( 'NONE',  ( 43.64999999999992042, 141.2500000000000284, 0.000000000000000000 ) ) ;
#287 = AXIS2_PLACEMENT_3D ( 'NONE', #235, #708, #1193 ) ;
#288 = LINE ( 'NONE', #780, #777 ) ;
#289 = AXIS2_PLACEMENT_3D ( 'NONE', #474, #964, #1455 ) ;
#290 = AXIS2_PLACEMENT_3D ( 'NONE', #1583, #597, #487 ) ;
#291 = CARTESIAN_POINT ( 'NONE',  ( 83.64999999999994884, 58.75000000000003553, 2.000000000000004885 ) ) ;
#292 = VECTOR ( 'NONE', #1541, 1000.000000000000000 ) ;
#293 = CARTESIAN_POINT ( 'NONE',  ( 7.350000000000109779, 92.00000000000000000, 0.000000000000000000 ) ) ;
#294 = ORIENTED_EDGE ( 'NONE', *, *, #584, .T. ) ;
#295 = ADVANCED_FACE ( 'NONE', ( #1323 ), #1085, .F. ) ;
#296 = ORIENTED_EDGE ( 'NONE', *, *, #1053, .F. ) ;
#297 = CARTESIAN_POINT ( 'NONE',  ( 40.34999999999995879, 58.75000000000002132, 0.000000000000000000 ) ) ;
#298 = FACE_BOUND ( 'NONE', #1334, .T. ) ;
#299 = CARTESIAN_POINT ( 'NONE',  ( 80.34999999999993747, 141.2500000000000284, -1.999999999999995337 ) ) ;
#300 = ORIENTED_EDGE ( 'NONE', *, *, #103, .F. ) ;
#301 = DIRECTION ( 'NONE',  ( -1.000000000000000000, 0.000000000000000000, 0.000000000000000000 ) ) ;
#302 = EDGE_CURVE ( 'NONE', #837, #595, #1260, .T. ) ;
#303 = SURFACE_SIDE_STYLE ('',( #1403 ) ) ;
#304 = DIRECTION ( 'NONE',  ( -1.000000000000000000, 0.000000000000000000, -0.000000000000000000 ) ) ;
#305 = CARTESIAN_POINT ( 'NONE',  ( 80.34999999999993747, 141.2500000000000284, 2.000000000000004885 ) ) ;
#306 = EDGE_LOOP ( 'NONE', ( #133, #645 ) ) ;
#307 = CARTESIAN_POINT ( 'NONE',  ( 41.99999999999995737, 58.75000000000002132, 2.000000000000004885 ) ) ;
#308 = EDGE_LOOP ( 'NONE', ( #338, #1582, #1210, #1552 ) ) ;
#309 = LINE ( 'NONE', #214, #852 ) ;
#310 = CARTESIAN_POINT ( 'NONE',  ( 80.34999999999993747, 100.0000000000000426, 2.000000000000004885 ) ) ;
#311 = DIRECTION ( 'NONE',  ( 1.000000000000000000, 0.000000000000000000, -0.000000000000000000 ) ) ;
#312 = AXIS2_PLACEMENT_3D ( 'NONE', #272, #253, #130 ) ;
#313 = EDGE_CURVE ( 'NONE', #1526, #352, #198, .T. ) ;
#314 = AXIS2_PLACEMENT_3D ( 'NONE', #650, #26, #407 ) ;
#315 = DIRECTION ( 'NONE',  ( 0.000000000000000000, 0.000000000000000000, -1.000000000000000000 ) ) ;
#316 = CARTESIAN_POINT ( 'NONE',  ( 114.3499999999999801, 112.0000000000000142, -1.999999999999995337 ) ) ;
#317 = VERTEX_POINT ( 'NONE', #1102 ) ;
#318 = CIRCLE ( 'NONE', #1344, 1.650000000000002132 ) ;
#319 = FACE_OUTER_BOUND ( 'NONE', #842, .T. ) ;
#320 = LINE ( 'NONE', #1531, #704 ) ;
#321 = DIRECTION ( 'NONE',  ( 0.000000000000000000, 0.000000000000000000, -1.000000000000000000 ) ) ;
#322 = ADVANCED_FACE ( 'NONE', ( #456 ), #974, .F. ) ;
#323 = DIRECTION ( 'NONE',  ( -0.000000000000000000, -0.000000000000000000, -1.000000000000000000 ) ) ;
#324 = ORIENTED_EDGE ( 'NONE', *, *, #1281, .T. ) ;
#325 = EDGE_LOOP ( 'NONE', ( #477, #855, #1402, #1204 ) ) ;
#326 = DIRECTION ( 'NONE',  ( 1.000000000000000000, -0.000000000000000000, 0.000000000000000000 ) ) ;
#327 = VECTOR ( 'NONE', #1096, 1000.000000000000000 ) ;
#328 = CARTESIAN_POINT ( 'NONE',  ( 125.7500000000000000, 3.000000000000002665, -45.75000000000002132 ) ) ;
#329 = EDGE_CURVE ( 'NONE', #43, #90, #776, .T. ) ;
#330 = CARTESIAN_POINT ( 'NONE',  ( 81.99999999999994316, 58.75000000000003553, 2.000000000000004885 ) ) ;
#331 = ORIENTED_EDGE ( 'NONE', *, *, #462, .F. ) ;
#332 = CARTESIAN_POINT ( 'NONE',  ( 9.000000000000097700, 92.00000000000000000, 22.00000000000000711 ) ) ;
#333 = DIRECTION ( 'NONE',  ( 0.000000000000000000, 0.000000000000000000, -1.000000000000000000 ) ) ;
#334 = AXIS2_PLACEMENT_3D ( 'NONE', #878, #637, #1019 ) ;
#335 = VECTOR ( 'NONE', #1059, 1000.000000000000000 ) ;
#336 = LINE ( 'NONE', #833, #714 ) ;
#337 = ORIENTED_EDGE ( 'NONE', *, *, #1326, .T. ) ;
#338 = ORIENTED_EDGE ( 'NONE', *, *, #829, .F. ) ;
#339 = ADVANCED_FACE ( 'NONE', ( #1079 ), #1566, .F. ) ;
#340 = AXIS2_PLACEMENT_3D ( 'NONE', #41, #1508, #276 ) ;
#341 = CARTESIAN_POINT ( 'NONE',  ( 9.000000000000097700, 92.00000000000000000, -1.999999999999995337 ) ) ;
#342 = VECTOR ( 'NONE', #638, 1000.000000000000000 ) ;
#343 = VERTEX_POINT ( 'NONE', #1434 ) ;
#344 = ORIENTED_EDGE ( 'NONE', *, *, #1265, .F. ) ;
#345 = ORIENTED_EDGE ( 'NONE', *, *, #157, .F. ) ;
#346 = EDGE_CURVE ( 'NONE', #764, #147, #356, .T. ) ;
#347 = VERTEX_POINT ( 'NONE', #1093 ) ;
#348 = CARTESIAN_POINT ( 'NONE',  ( 126.5000000000000000, 3.000000000000000000, -35.00000000000001421 ) ) ;
#349 = ORIENTED_EDGE ( 'NONE', *, *, #991, .F. ) ;
#350 = DIRECTION ( 'NONE',  ( 0.000000000000000000, -1.000000000000000000, 0.000000000000000000 ) ) ;
#351 = CARTESIAN_POINT ( 'NONE',  ( 117.6499999999999915, 92.00000000000002842, 0.000000000000000000 ) ) ;
#352 = VERTEX_POINT ( 'NONE', #6 ) ;
#353 = ORIENTED_EDGE ( 'NONE', *, *, #1444, .T. ) ;
#354 = FACE_OUTER_BOUND ( 'NONE', #907, .T. ) ;
#355 = CARTESIAN_POINT ( 'NONE',  ( 27.35000000000010090, 92.00000000000001421, 22.00000000000000711 ) ) ;
#356 = LINE ( 'NONE', #1215, #1389 ) ;
#357 = LINE ( 'NONE', #858, #1127 ) ;
#358 = AXIS2_PLACEMENT_3D ( 'NONE', #791, #433, #170 ) ;
#359 = LINE ( 'NONE', #104, #257 ) ;
#360 = ORIENTED_EDGE ( 'NONE', *, *, #1392, .T. ) ;
#361 = ORIENTED_EDGE ( 'NONE', *, *, #509, .F. ) ;
#362 = CARTESIAN_POINT ( 'NONE',  ( 81.99999999999994316, 58.75000000000003553, 0.000000000000000000 ) ) ;
#363 = VECTOR ( 'NONE', #1275, 1000.000000000000000 ) ;
#364 = CARTESIAN_POINT ( 'NONE',  ( 125.7500000000000000, 3.000000000000002665, -34.25000000000001421 ) ) ;
#365 = AXIS2_PLACEMENT_3D ( 'NONE', #1258, #150, #1135 ) ;
#366 = EDGE_CURVE ( 'NONE', #140, #1256, #414, .T. ) ;
#367 = DIRECTION ( 'NONE',  ( -0.000000000000000000, -0.000000000000000000, -1.000000000000000000 ) ) ;
#368 = VERTEX_POINT ( 'NONE', #983 ) ;
#369 = EDGE_LOOP ( 'NONE', ( #1492, #1162 ) ) ;
#370 = VERTEX_POINT ( 'NONE', #1472 ) ;
#371 = DIRECTION ( 'NONE',  ( -1.000000000000000000, 0.000000000000000000, 0.000000000000000000 ) ) ;
#372 = CARTESIAN_POINT ( 'NONE',  ( 7.350000000000109779, 92.00000000000000000, 22.00000000000000711 ) ) ;
#373 = DIRECTION ( 'NONE',  ( 0.000000000000000000, 0.000000000000000000, -1.000000000000000000 ) ) ;
#374 = EDGE_LOOP ( 'NONE', ( #1546, #1384, #171, #601 ) ) ;
#375 = CIRCLE ( 'NONE', #1067, 1.649999999999998579 ) ;
#376 = VECTOR ( 'NONE', #126, 1000.000000000000000 ) ;
#377 = FACE_OUTER_BOUND ( 'NONE', #942, .T. ) ;
#378 = ADVANCED_FACE ( 'NONE', ( #377 ), #863, .F. ) ;
#379 = DIRECTION ( 'NONE',  ( -1.000000000000000000, 0.000000000000000000, 0.000000000000000000 ) ) ;
#380 = CARTESIAN_POINT ( 'NONE',  ( 0.000000000000000000, 0.000000000000000000, 0.000000000000000000 ) ) ;
#381 = VERTEX_POINT ( 'NONE', #624 ) ;
#382 = ADVANCED_FACE ( 'NONE', ( #1156 ), #191, .F. ) ;
#383 = LINE ( 'NONE', #1106, #327 ) ;
#384 = LINE ( 'NONE', #1351, #461 ) ;
#385 = LINE ( 'NONE', #1252, #51 ) ;
#386 = CARTESIAN_POINT ( 'NONE',  ( 29.00000000000008882, 112.0000000000000000, 0.000000000000000000 ) ) ;
#387 = DIRECTION ( 'NONE',  ( -0.000000000000000000, 1.000000000000000000, -0.000000000000000000 ) ) ;
#388 = EDGE_LOOP ( 'NONE', ( #1450, #105, #935, #1500 ) ) ;
#389 = AXIS2_PLACEMENT_3D ( 'NONE', #76, #197, #449 ) ;
#390 = ADVANCED_FACE ( 'NONE', ( #319 ), #813, .T. ) ;
#391 = ORIENTED_EDGE ( 'NONE', *, *, #1064, .F. ) ;
#392 = LINE ( 'NONE', #628, #542 ) ;
#393 = DIRECTION ( 'NONE',  ( -1.000000000000000000, 0.000000000000000000, 0.000000000000000000 ) ) ;
#394 = DIRECTION ( 'NONE',  ( -1.000000000000000000, 0.000000000000000000, 0.000000000000000000 ) ) ;
#395 = LINE ( 'NONE', #1248, #1581 ) ;
#396 = ORIENTED_EDGE ( 'NONE', *, *, #1495, .T. ) ;
#397 = EDGE_LOOP ( 'NONE', ( #703, #1573 ) ) ;
#398 = DIRECTION ( 'NONE',  ( -1.000000000000000000, 0.000000000000000000, 0.000000000000000000 ) ) ;
#399 = ADVANCED_FACE ( 'NONE', ( #1163, #806, #199, #668, #1409, #443, #1401, #698, #1544, #176, #927, #1185, #1305, #1298, #689 ), #1176, .F. ) ;
#400 = CARTESIAN_POINT ( 'NONE',  ( 41.99999999999995737, 58.75000000000002132, 0.000000000000000000 ) ) ;
#401 = CARTESIAN_POINT ( 'NONE',  ( 41.99999999999992895, 141.2500000000000284, 0.000000000000000000 ) ) ;
#402 = ORIENTED_EDGE ( 'NONE', *, *, #1326, .F. ) ;
#403 = ORIENTED_EDGE ( 'NONE', *, *, #1358, .T. ) ;
#404 = CARTESIAN_POINT ( 'NONE',  ( 97.64999999999996305, 92.00000000000002842, -1.999999999999995337 ) ) ;
#405 = FACE_OUTER_BOUND ( 'NONE', #1569, .T. ) ;
#406 = LINE ( 'NONE', #152, #203 ) ;
#407 = DIRECTION ( 'NONE',  ( -1.000000000000000000, 0.000000000000000000, 0.000000000000000000 ) ) ;
#408 = CARTESIAN_POINT ( 'NONE',  ( 125.0000000000000000, 0.000000000000000000, 0.000000000000000000 ) ) ;
#409 = EDGE_LOOP ( 'NONE', ( #1001, #1406, #1270, #1186 ) ) ;
#410 = VECTOR ( 'NONE', #996, 1000.000000000000000 ) ;
#411 = EDGE_LOOP ( 'NONE', ( #707, #978 ) ) ;
#412 = LINE ( 'NONE', #50, #1371 ) ;
#413 = AXIS2_PLACEMENT_3D ( 'NONE', #1267, #1272, #1121 ) ;
#414 = CIRCLE ( 'NONE', #695, 1.650000000000012568 ) ;
#415 = CARTESIAN_POINT ( 'NONE',  ( 29.00000000000008882, 112.0000000000000000, 22.00000000000000711 ) ) ;
#416 = ADVANCED_FACE ( 'NONE', ( #65 ), #799, .F. ) ;
#417 = CARTESIAN_POINT ( 'NONE',  ( 7.350000000000109779, 92.00000000000000000, -1.999999999999995337 ) ) ;
#418 = ORIENTED_EDGE ( 'NONE', *, *, #810, .T. ) ;
#419 = CARTESIAN_POINT ( 'NONE',  ( 126.5000000000000000, 3.000000000000000000, -35.00000000000001421 ) ) ;
#420 = ORIENTED_EDGE ( 'NONE', *, *, #46, .T. ) ;
#421 = CYLINDRICAL_SURFACE ( 'NONE', #1133, 1.649999999999984812 ) ;
#422 = CARTESIAN_POINT ( 'NONE',  ( 27.35000000000008669, 112.0000000000000000, 0.000000000000000000 ) ) ;
#423 = EDGE_LOOP ( 'NONE', ( #1240, #1506 ) ) ;
#424 = PRODUCT_CONTEXT ( 'NONE', #1322, 'mechanical' ) ;
#425 = LINE ( 'NONE', #1537, #121 ) ;
#426 = ORIENTED_EDGE ( 'NONE', *, *, #932, .T. ) ;
#427 = DIRECTION ( 'NONE',  ( 0.000000000000000000, 0.000000000000000000, -1.000000000000000000 ) ) ;
#428 = PLANE ( 'NONE',  #571 ) ;
#429 = CARTESIAN_POINT ( 'NONE',  ( 29.00000000000008882, 112.0000000000000000, -1.999999999999995337 ) ) ;
#430 = CARTESIAN_POINT ( 'NONE',  ( 97.64999999999996305, 112.0000000000000284, 0.000000000000000000 ) ) ;
#431 = FACE_OUTER_BOUND ( 'NONE', #910, .T. ) ;
#432 = EDGE_LOOP ( 'NONE', ( #807, #353 ) ) ;
#433 = DIRECTION ( 'NONE',  ( 0.000000000000000000, 0.000000000000000000, -1.000000000000000000 ) ) ;
#434 = ORIENTED_EDGE ( 'NONE', *, *, #204, .T. ) ;
#435 = DIRECTION ( 'NONE',  ( -1.000000000000000000, 0.000000000000000000, 0.000000000000000000 ) ) ;
#436 = CARTESIAN_POINT ( 'NONE',  ( 40.34999999999993747, 141.2500000000000284, 2.000000000000004885 ) ) ;
#437 = CIRCLE ( 'NONE', #535, 1.650000000000002132 ) ;
#438 = CIRCLE ( 'NONE', #850, 1.649999999999998579 ) ;
#439 = AXIS2_PLACEMENT_3D ( 'NONE', #102, #940, #1571 ) ;
#440 = DIRECTION ( 'NONE',  ( -1.000000000000000000, 0.000000000000000000, 0.000000000000000000 ) ) ;
#441 = DIRECTION ( 'NONE',  ( -1.000000000000000000, 0.000000000000000000, 0.000000000000000000 ) ) ;
#442 = AXIS2_PLACEMENT_3D ( 'NONE', #29, #883, #1518 ) ;
#443 = FACE_BOUND ( 'NONE', #528, .T. ) ;
#444 = ORIENTED_EDGE ( 'NONE', *, *, #903, .F. ) ;
#445 = DIRECTION ( 'NONE',  ( -1.000000000000000000, 0.000000000000000000, 0.000000000000000000 ) ) ;
#446 = CARTESIAN_POINT ( 'NONE',  ( 125.7500000000000000, 0.7500000000000000000, -45.00000000000002132 ) ) ;
#447 = EDGE_CURVE ( 'NONE', #1207, #519, #71, .T. ) ;
#448 = DIRECTION ( 'NONE',  ( -1.000000000000000000, 0.000000000000000000, 0.000000000000000000 ) ) ;
#449 = DIRECTION ( 'NONE',  ( -1.000000000000000000, 0.000000000000000000, 0.000000000000000000 ) ) ;
#450 = CARTESIAN_POINT ( 'NONE',  ( 125.0000000000000000, 3.000000000000002665, -45.75000000000002132 ) ) ;
#451 = ORIENTED_EDGE ( 'NONE', *, *, #1528, .T. ) ;
#452 = VERTEX_POINT ( 'NONE', #450 ) ;
#453 = CARTESIAN_POINT ( 'NONE',  ( 97.64999999999996305, 92.00000000000002842, 0.000000000000000000 ) ) ;
#454 = DIRECTION ( 'NONE',  ( 0.000000000000000000, 0.000000000000000000, -1.000000000000000000 ) ) ;
#455 = EDGE_CURVE ( 'NONE', #1457, #1211, #934, .T. ) ;
#456 = FACE_OUTER_BOUND ( 'NONE', #1325, .T. ) ;
#457 = VERTEX_POINT ( 'NONE', #1311 ) ;
#458 = ORIENTED_EDGE ( 'NONE', *, *, #46, .F. ) ;
#459 = DIRECTION ( 'NONE',  ( -1.000000000000000000, 0.000000000000000000, 0.000000000000000000 ) ) ;
#460 = CARTESIAN_POINT ( 'NONE',  ( 30.65000000000009095, 112.0000000000000000, 0.000000000000000000 ) ) ;
#461 = VECTOR ( 'NONE', #135, 1000.000000000000000 ) ;
#462 = EDGE_CURVE ( 'NONE', #1373, #1562, #77, .T. ) ;
#463 = VERTEX_POINT ( 'NONE', #579 ) ;
#464 = AXIS2_PLACEMENT_3D ( 'NONE', #1360, #1222, #134 ) ;
#465 = VERTEX_POINT ( 'NONE', #1527 ) ;
#466 = CARTESIAN_POINT ( 'NONE',  ( 115.9999999999999858, 92.00000000000002842, -1.999999999999995337 ) ) ;
#467 = ORIENTED_EDGE ( 'NONE', *, *, #1303, .F. ) ;
#468 = ORIENTED_EDGE ( 'NONE', *, *, #271, .T. ) ;
#469 = CARTESIAN_POINT ( 'NONE',  ( 41.99999999999995737, 58.75000000000002132, 2.000000000000004885 ) ) ;
#470 = ORIENTED_EDGE ( 'NONE', *, *, #609, .F. ) ;
#471 = EDGE_LOOP ( 'NONE', ( #300, #1567, #820, #1002 ) ) ;
#472 = DIRECTION ( 'NONE',  ( 0.000000000000000000, 0.000000000000000000, -1.000000000000000000 ) ) ;
#473 = DIRECTION ( 'NONE',  ( -0.000000000000000000, -1.000000000000000000, -0.000000000000000000 ) ) ;
#474 = CARTESIAN_POINT ( 'NONE',  ( 125.7500000000000000, 200.0000000000000000, -34.25000000000001421 ) ) ;
#475 = DIRECTION ( 'NONE',  ( -0.000000000000000000, -0.000000000000000000, -1.000000000000000000 ) ) ;
#476 = VERTEX_POINT ( 'NONE', #1516 ) ;
#477 = ORIENTED_EDGE ( 'NONE', *, *, #893, .F. ) ;
#478 = CARTESIAN_POINT ( 'NONE',  ( 30.65000000000010516, 92.00000000000001421, -1.999999999999995337 ) ) ;
#479 = EDGE_CURVE ( 'NONE', #1457, #368, #904, .T. ) ;
#480 = CARTESIAN_POINT ( 'NONE',  ( 125.0000000000000000, 200.0000000000000000, -45.75000000000002132 ) ) ;
#481 = CARTESIAN_POINT ( 'NONE',  ( 94.34999999999999432, 112.0000000000000284, 0.000000000000000000 ) ) ;
#482 = VECTOR ( 'NONE', #1467, 1000.000000000000000 ) ;
#483 = CIRCLE ( 'NONE', #151, 1.649999999999998579 ) ;
#484 = CARTESIAN_POINT ( 'NONE',  ( 2.000000000000000000, 0.000000000000000000, -2.000000000000000000 ) ) ;
#485 = ORIENTED_EDGE ( 'NONE', *, *, #739, .T. ) ;
#486 = EDGE_LOOP ( 'NONE', ( #403, #1264, #1169, #854 ) ) ;
#487 = DIRECTION ( 'NONE',  ( -1.000000000000000000, 0.000000000000000000, 0.000000000000000000 ) ) ;
#488 = CIRCLE ( 'NONE', #442, 1.649999999999988365 ) ;
#489 = CIRCLE ( 'NONE', #1183, 1.649999999999998579 ) ;
#490 = DIRECTION ( 'NONE',  ( -1.000000000000000000, 0.000000000000000000, 0.000000000000000000 ) ) ;
#491 = ORIENTED_EDGE ( 'NONE', *, *, #172, .T. ) ;
#492 = EDGE_CURVE ( 'NONE', #212, #1139, #95, .T. ) ;
#493 = DIRECTION ( 'NONE',  ( 0.000000000000000000, 0.000000000000000000, -1.000000000000000000 ) ) ;
#494 = DIRECTION ( 'NONE',  ( 0.000000000000000000, 0.000000000000000000, -1.000000000000000000 ) ) ;
#495 = FACE_OUTER_BOUND ( 'NONE', #1090, .T. ) ;
#496 = ORIENTED_EDGE ( 'NONE', *, *, #204, .F. ) ;
#497 = ORIENTED_EDGE ( 'NONE', *, *, #1265, .T. ) ;
#498 = LINE ( 'NONE', #751, #281 ) ;
#499 = LINE ( 'NONE', #1480, #1201 ) ;
#500 = DIRECTION ( 'NONE',  ( -1.000000000000000000, 0.000000000000000000, 0.000000000000000000 ) ) ;
#501 = AXIS2_PLACEMENT_3D ( 'NONE', #847, #373, #490 ) ;
#502 = EDGE_CURVE ( 'NONE', #949, #721, #483, .T. ) ;
#503 = DIRECTION ( 'NONE',  ( 0.000000000000000000, 0.000000000000000000, -1.000000000000000000 ) ) ;
#504 = VERTEX_POINT ( 'NONE', #1347 ) ;
#505 = CARTESIAN_POINT ( 'NONE',  ( 0.000000000000000000, 0.000000000000000000, 0.000000000000000000 ) ) ;
#506 = DIRECTION ( 'NONE',  ( -1.000000000000000000, 0.000000000000000000, 0.000000000000000000 ) ) ;
#507 = DIRECTION ( 'NONE',  ( -1.000000000000000000, 0.000000000000000000, 0.000000000000000000 ) ) ;
#508 = ORIENTED_EDGE ( 'NONE', *, *, #91, .F. ) ;
#509 = EDGE_CURVE ( 'NONE', #1256, #177, #357, .T. ) ;
#510 = CIRCLE ( 'NONE', #94, 1.650000000000002132 ) ;
#511 = VECTOR ( 'NONE', #57, 1000.000000000000000 ) ;
#512 = VERTEX_POINT ( 'NONE', #957 ) ;
#513 = DIRECTION ( 'NONE',  ( 0.000000000000000000, -0.000000000000000000, -1.000000000000000000 ) ) ;
#514 = CIRCLE ( 'NONE', #1419, 1.649999999999998579 ) ;
#515 = FACE_OUTER_BOUND ( 'NONE', #902, .T. ) ;
#516 = UNCERTAINTY_MEASURE_WITH_UNIT (LENGTH_MEASURE( 1.000000000000000082E-05 ), #1136, 'distance_accuracy_value', 'NONE');
#517 = LINE ( 'NONE', #291, #1435 ) ;
#518 = VERTEX_POINT ( 'NONE', #234 ) ;
#519 = VERTEX_POINT ( 'NONE', #727 ) ;
#520 = PLANE ( 'NONE',  #128 ) ;
#521 = ADVANCED_FACE ( 'NONE', ( #720 ), #1216, .T. ) ;
#522 = APPLICATION_CONTEXT ( 'automotive_design' ) ;
#523 = CYLINDRICAL_SURFACE ( 'NONE', #1052, 1.650000000000002132 ) ;
#524 = CIRCLE ( 'NONE', #1220, 1.649999999999984812 ) ;
#525 = DIRECTION ( 'NONE',  ( -1.000000000000000000, 0.000000000000000000, 0.000000000000000000 ) ) ;
#526 = DIRECTION ( 'NONE',  ( 0.000000000000000000, 0.000000000000000000, 1.000000000000000000 ) ) ;
#527 = ORIENTED_EDGE ( 'NONE', *, *, #1043, .T. ) ;
#528 = EDGE_LOOP ( 'NONE', ( #1172, #843 ) ) ;
#529 = CARTESIAN_POINT ( 'NONE',  ( 9.000000000000097700, 92.00000000000000000, 0.000000000000000000 ) ) ;
#530 = ADVANCED_FACE ( 'NONE', ( #86 ), #118, .F. ) ;
#531 = CYLINDRICAL_SURFACE ( 'NONE', #641, 1.649999999999984812 ) ;
#532 = PLANE ( 'NONE',  #824 ) ;
#533 = ORIENTED_EDGE ( 'NONE', *, *, #960, .F. ) ;
#534 = VECTOR ( 'NONE', #561, 1000.000000000000000 ) ;
#535 = AXIS2_PLACEMENT_3D ( 'NONE', #1416, #1033, #448 ) ;
#536 = ORIENTED_EDGE ( 'NONE', *, *, #553, .T. ) ;
#537 = CARTESIAN_POINT ( 'NONE',  ( 123.0000000000000000, 198.0000000000000000, -78.00000000000000000 ) ) ;
#538 = VECTOR ( 'NONE', #909, 1000.000000000000000 ) ;
#539 = DIRECTION ( 'NONE',  ( 0.000000000000000000, 0.000000000000000000, -1.000000000000000000 ) ) ;
#540 = ORIENTED_EDGE ( 'NONE', *, *, #190, .F. ) ;
#541 = ADVANCED_FACE ( 'NONE', ( #1247 ), #639, .F. ) ;
#542 = VECTOR ( 'NONE', #711, 1000.000000000000000 ) ;
#543 = EDGE_CURVE ( 'NONE', #1332, #1468, #70, .T. ) ;
#544 = VERTEX_POINT ( 'NONE', #138 ) ;
#545 = AXIS2_PLACEMENT_3D ( 'NONE', #629, #879, #1481 ) ;
#546 = DIRECTION ( 'NONE',  ( -1.000000000000000000, 0.000000000000000000, -0.000000000000000000 ) ) ;
#547 = CARTESIAN_POINT ( 'NONE',  ( 125.7500000000000000, 3.000000000000000000, -35.00000000000001421 ) ) ;
#548 = CARTESIAN_POINT ( 'NONE',  ( 81.99999999999991473, 141.2500000000000284, -1.999999999999995337 ) ) ;
#549 = DIRECTION ( 'NONE',  ( 1.000000000000000000, 0.000000000000000000, 0.000000000000000000 ) ) ;
#550 = DIRECTION ( 'NONE',  ( -0.000000000000000000, -0.000000000000000000, -1.000000000000000000 ) ) ;
#551 = DIRECTION ( 'NONE',  ( -1.000000000000000000, 0.000000000000000000, 0.000000000000000000 ) ) ;
#552 = ORIENTED_EDGE ( 'NONE', *, *, #82, .T. ) ;
#553 = EDGE_CURVE ( 'NONE', #729, #343, #1206, .T. ) ;
#554 = EDGE_CURVE ( 'NONE', #317, #1313, #1534, .T. ) ;
#555 = CARTESIAN_POINT ( 'NONE',  ( 0.000000000000000000, 198.0000000000000000, -78.00000000000000000 ) ) ;
#556 = EDGE_LOOP ( 'NONE', ( #1040, #491 ) ) ;
#557 = DIRECTION ( 'NONE',  ( 0.000000000000000000, 0.000000000000000000, -1.000000000000000000 ) ) ;
#558 = DIRECTION ( 'NONE',  ( -0.000000000000000000, -0.000000000000000000, -1.000000000000000000 ) ) ;
#559 = PLANE ( 'NONE',  #60 ) ;
#560 = CARTESIAN_POINT ( 'NONE',  ( 80.34999999999993747, 100.0000000000000426, -1.999999999999995337 ) ) ;
#561 = DIRECTION ( 'NONE',  ( -0.000000000000000000, -0.000000000000000000, -1.000000000000000000 ) ) ;
#562 = DIRECTION ( 'NONE',  ( -1.000000000000000000, 0.000000000000000000, 0.000000000000000000 ) ) ;
#563 = ADVANCED_FACE ( 'NONE', ( #1014 ), #1382, .F. ) ;
#564 = ORIENTED_EDGE ( 'NONE', *, *, #1011, .F. ) ;
#565 = CARTESIAN_POINT ( 'NONE',  ( 125.0000000000000000, 200.0000000000000000, 0.000000000000000000 ) ) ;
#566 = LINE ( 'NONE', #1412, #602 ) ;
#567 = CARTESIAN_POINT ( 'NONE',  ( 41.99999999999992895, 141.2500000000000284, 2.000000000000004885 ) ) ;
#568 = AXIS2_PLACEMENT_3D ( 'NONE', #1353, #367, #85 ) ;
#569 = CARTESIAN_POINT ( 'NONE',  ( 126.5000000000000000, 3.000000000000000000, -45.00000000000002132 ) ) ;
#570 = CARTESIAN_POINT ( 'NONE',  ( 81.99999999999994316, 58.75000000000003553, -1.999999999999995337 ) ) ;
#571 = AXIS2_PLACEMENT_3D ( 'NONE', #636, #654, #778 ) ;
#572 = DIRECTION ( 'NONE',  ( -1.000000000000000000, 0.000000000000000000, 0.000000000000000000 ) ) ;
#573 = ORIENTED_EDGE ( 'NONE', *, *, #818, .T. ) ;
#574 = ORIENTED_EDGE ( 'NONE', *, *, #1232, .T. ) ;
#575 = AXIS2_PLACEMENT_3D ( 'NONE', #362, #238, #603 ) ;
#576 = LINE ( 'NONE', #822, #908 ) ;
#577 = CARTESIAN_POINT ( 'NONE',  ( 40.34999999999994458, 100.0000000000000284, -1.999999999999995337 ) ) ;
#578 = CARTESIAN_POINT ( 'NONE',  ( 41.99999999999995737, 58.75000000000002132, -1.999999999999995337 ) ) ;
#579 = CARTESIAN_POINT ( 'NONE',  ( 126.5000000000000000, 3.000000000000000000, -45.00000000000002132 ) ) ;
#580 = EDGE_LOOP ( 'NONE', ( #267, #713, #1094, #1105 ) ) ;
#581 = VECTOR ( 'NONE', #1454, 1000.000000000000000 ) ;
#582 = LINE ( 'NONE', #310, #731 ) ;
#583 = CARTESIAN_POINT ( 'NONE',  ( 114.3499999999999801, 112.0000000000000142, 22.00000000000000711 ) ) ;
#584 = EDGE_CURVE ( 'NONE', #765, #610, #19, .T. ) ;
#585 = CARTESIAN_POINT ( 'NONE',  ( 41.99999999999994316, 100.0000000000000284, -1.999999999999995337 ) ) ;
#586 = ORIENTED_EDGE ( 'NONE', *, *, #366, .F. ) ;
#587 = AXIS2_PLACEMENT_3D ( 'NONE', #1284, #315, #1304 ) ;
#588 = CIRCLE ( 'NONE', #1153, 1.650000000000002132 ) ;
#589 = ORIENTED_EDGE ( 'NONE', *, *, #818, .F. ) ;
#590 = VECTOR ( 'NONE', #1297, 1000.000000000000000 ) ;
#591 = VECTOR ( 'NONE', #1572, 1000.000000000000000 ) ;
#592 = DIRECTION ( 'NONE',  ( -1.000000000000000000, 0.000000000000000000, 0.000000000000000000 ) ) ;
#593 = EDGE_CURVE ( 'NONE', #212, #721, #517, .T. ) ;
#594 = CIRCLE ( 'NONE', #290, 1.650000000000002132 ) ;
#595 = VERTEX_POINT ( 'NONE', #1117 ) ;
#596 = VERTEX_POINT ( 'NONE', #154 ) ;
#597 = DIRECTION ( 'NONE',  ( 0.000000000000000000, 0.000000000000000000, -1.000000000000000000 ) ) ;
#598 = ORIENTED_EDGE ( 'NONE', *, *, #631, .F. ) ;
#599 = ORIENTED_EDGE ( 'NONE', *, *, #838, .T. ) ;
#600 = EDGE_CURVE ( 'NONE', #1562, #519, #846, .T. ) ;
#601 = ORIENTED_EDGE ( 'NONE', *, *, #885, .T. ) ;
#602 = VECTOR ( 'NONE', #80, 1000.000000000000000 ) ;
#603 = DIRECTION ( 'NONE',  ( -1.000000000000000000, 0.000000000000000000, 0.000000000000000000 ) ) ;
#604 = AXIS2_PLACEMENT_3D ( 'NONE', #808, #1180, #801 ) ;
#605 = LINE ( 'NONE', #963, #342 ) ;
#606 = CARTESIAN_POINT ( 'NONE',  ( 123.5000000000000000, 3.000000000000000000, -45.00000000000002132 ) ) ;
#607 = LINE ( 'NONE', #965, #482 ) ;
#608 = ORIENTED_EDGE ( 'NONE', *, *, #1375, .T. ) ;
#609 = EDGE_CURVE ( 'NONE', #1062, #1194, #588, .T. ) ;
#610 = VERTEX_POINT ( 'NONE', #1137 ) ;
#611 = CARTESIAN_POINT ( 'NONE',  ( 9.000000000000090594, 111.9999999999999858, 0.000000000000000000 ) ) ;
#612 = EDGE_LOOP ( 'NONE', ( #821, #848 ) ) ;
#613 = DIRECTION ( 'NONE',  ( 0.000000000000000000, 0.000000000000000000, -1.000000000000000000 ) ) ;
#614 = CIRCLE ( 'NONE', #1077, 1.649999999999991696 ) ;
#615 = AXIS2_PLACEMENT_3D ( 'NONE', #1051, #326, #1330 ) ;
#616 = DIRECTION ( 'NONE',  ( 0.000000000000000000, 0.000000000000000000, -1.000000000000000000 ) ) ;
#617 = EDGE_LOOP ( 'NONE', ( #955, #284, #485, #1367 ) ) ;
#618 = ORIENTED_EDGE ( 'NONE', *, *, #554, .F. ) ;
#619 = CYLINDRICAL_SURFACE ( 'NONE', #464, 1.650000000000002132 ) ;
#620 = CIRCLE ( 'NONE', #413, 1.649999999999984812 ) ;
#621 = DIRECTION ( 'NONE',  ( -0.000000000000000000, -0.000000000000000000, -1.000000000000000000 ) ) ;
#622 = LINE ( 'NONE', #355, #705 ) ;
#623 = EDGE_LOOP ( 'NONE', ( #193, #162 ) ) ;
#624 = CARTESIAN_POINT ( 'NONE',  ( 10.65000000000009273, 111.9999999999999858, -1.999999999999995337 ) ) ;
#625 = CARTESIAN_POINT ( 'NONE',  ( 115.9999999999999858, 112.0000000000000142, 22.00000000000000711 ) ) ;
#626 = ORIENTED_EDGE ( 'NONE', *, *, #827, .T. ) ;
#627 = ORIENTED_EDGE ( 'NONE', *, *, #1197, .T. ) ;
#628 = CARTESIAN_POINT ( 'NONE',  ( 123.5000000000000000, 3.000000000000000000, -45.00000000000002132 ) ) ;
#629 = CARTESIAN_POINT ( 'NONE',  ( 95.99999999999997158, 92.00000000000002842, 0.000000000000000000 ) ) ;
#630 = ORIENTED_EDGE ( 'NONE', *, *, #302, .T. ) ;
#631 = EDGE_CURVE ( 'NONE', #947, #1430, #745, .T. ) ;
#632 = CARTESIAN_POINT ( 'NONE',  ( 29.00000000000010303, 92.00000000000001421, -1.999999999999995337 ) ) ;
#633 = LINE ( 'NONE', #273, #1511 ) ;
#634 = EDGE_LOOP ( 'NONE', ( #1082, #722, #1579, #349 ) ) ;
#635 = ORIENTED_EDGE ( 'NONE', *, *, #220, .T. ) ;
#636 = CARTESIAN_POINT ( 'NONE',  ( 0.000000000000000000, 3.000000000000000000, 0.000000000000000000 ) ) ;
#637 = DIRECTION ( 'NONE',  ( 0.000000000000000000, 0.000000000000000000, -1.000000000000000000 ) ) ;
#638 = DIRECTION ( 'NONE',  ( 0.000000000000000000, 0.000000000000000000, -1.000000000000000000 ) ) ;
#639 = CYLINDRICAL_SURFACE ( 'NONE', #999, 1.649999999999991696 ) ;
#640 = ORIENTED_EDGE ( 'NONE', *, *, #867, .T. ) ;
#641 = AXIS2_PLACEMENT_3D ( 'NONE', #54, #550, #811 ) ;
#642 = CIRCLE ( 'NONE', #1559, 1.649999999999991696 ) ;
#643 = ADVANCED_FACE ( 'NONE', ( #1238 ), #872, .F. ) ;
#644 = AXIS2_PLACEMENT_3D ( 'NONE', #911, #1429, #918 ) ;
#645 = ORIENTED_EDGE ( 'NONE', *, *, #701, .T. ) ;
#646 = DIRECTION ( 'NONE',  ( -0.000000000000000000, -0.000000000000000000, -1.000000000000000000 ) ) ;
#647 = PRESENTATION_LAYER_ASSIGNMENT (  '', '', ( #1394 ) ) ;
#648 = DIRECTION ( 'NONE',  ( 0.000000000000000000, 0.000000000000000000, 1.000000000000000000 ) ) ;
#649 = DIRECTION ( 'NONE',  ( -0.000000000000000000, -0.000000000000000000, -1.000000000000000000 ) ) ;
#650 = CARTESIAN_POINT ( 'NONE',  ( 95.99999999999997158, 92.00000000000002842, -1.999999999999995337 ) ) ;
#651 = FACE_OUTER_BOUND ( 'NONE', #374, .T. ) ;
#652 = VERTEX_POINT ( 'NONE', #984 ) ;
#653 = ADVANCED_FACE ( 'NONE', ( #1490 ), #1269, .F. ) ;
#654 = DIRECTION ( 'NONE',  ( 0.000000000000000000, 1.000000000000000000, 0.000000000000000000 ) ) ;
#655 = FACE_BOUND ( 'NONE', #34, .T. ) ;
#656 = APPLICATION_PROTOCOL_DEFINITION ( 'draft international standard', 'automotive_design', 1998, #522 ) ;
#657 = CIRCLE ( 'NONE', #501, 1.649999999999998579 ) ;
#658 = DIRECTION ( 'NONE',  ( 0.000000000000000000, 0.000000000000000000, -1.000000000000000000 ) ) ;
#659 = CARTESIAN_POINT ( 'NONE',  ( 2.000000000000000000, 0.000000000000000000, 0.000000000000000000 ) ) ;
#660 = ORIENTED_EDGE ( 'NONE', *, *, #200, .T. ) ;
#661 = ORIENTED_EDGE ( 'NONE', *, *, #233, .T. ) ;
#662 = LINE ( 'NONE', #1524, #1029 ) ;
#663 = ADVANCED_FACE ( 'NONE', ( #1110 ), #864, .F. ) ;
#664 = CARTESIAN_POINT ( 'NONE',  ( 115.9999999999999858, 112.0000000000000142, -1.999999999999995337 ) ) ;
#665 = EDGE_CURVE ( 'NONE', #3, #1356, #1231, .T. ) ;
#666 = CARTESIAN_POINT ( 'NONE',  ( 80.34999999999995168, 58.75000000000003553, 2.000000000000004885 ) ) ;
#667 = ORIENTED_EDGE ( 'NONE', *, *, #1064, .T. ) ;
#668 = FACE_BOUND ( 'NONE', #306, .T. ) ;
#669 = VERTEX_POINT ( 'NONE', #1254 ) ;
#670 = DIRECTION ( 'NONE',  ( -1.000000000000000000, 0.000000000000000000, 0.000000000000000000 ) ) ;
#671 = AXIS2_PLACEMENT_3D ( 'NONE', #570, #812, #551 ) ;
#672 = CYLINDRICAL_SURFACE ( 'NONE', #264, 1.649999999999998579 ) ;
#673 = DIRECTION ( 'NONE',  ( 0.000000000000000000, 0.000000000000000000, 1.000000000000000000 ) ) ;
#674 = CIRCLE ( 'NONE', #1159, 1.650000000000002132 ) ;
#675 = ADVANCED_FACE ( 'NONE', ( #992 ), #1482, .F. ) ;
#676 = LINE ( 'NONE', #64, #45 ) ;
#677 = VERTEX_POINT ( 'NONE', #183 ) ;
#678 = DIRECTION ( 'NONE',  ( 0.000000000000000000, -1.000000000000000000, 0.000000000000000000 ) ) ;
#679 = ORIENTED_EDGE ( 'NONE', *, *, #91, .T. ) ;
#680 = CARTESIAN_POINT ( 'NONE',  ( 115.9999999999999858, 112.0000000000000142, 0.000000000000000000 ) ) ;
#681 = CARTESIAN_POINT ( 'NONE',  ( 95.99999999999997158, 112.0000000000000284, 0.000000000000000000 ) ) ;
#682 =( NAMED_UNIT ( * ) PLANE_ANGLE_UNIT ( ) SI_UNIT ( $, .RADIAN. ) );
#683 = ADVANCED_FACE ( 'NONE', ( #431 ), #531, .F. ) ;
#684 = CARTESIAN_POINT ( 'NONE',  ( 83.64999999999994884, 58.75000000000003553, -1.999999999999995337 ) ) ;
#685 = DIRECTION ( 'NONE',  ( -0.000000000000000000, -1.000000000000000000, -0.000000000000000000 ) ) ;
#686 = DIRECTION ( 'NONE',  ( 0.000000000000000000, 0.000000000000000000, -1.000000000000000000 ) ) ;
#687 = LINE ( 'NONE', #565, #1314 ) ;
#688 = LINE ( 'NONE', #1553, #1473 ) ;
#689 = FACE_OUTER_BOUND ( 'NONE', #757, .T. ) ;
#690 = VERTEX_POINT ( 'NONE', #1039 ) ;
#691 = ORIENTED_EDGE ( 'NONE', *, *, #1463, .F. ) ;
#692 = EDGE_CURVE ( 'NONE', #504, #544, #437, .T. ) ;
#693 = DIRECTION ( 'NONE',  ( -0.000000000000000000, -1.000000000000000000, 0.000000000000000000 ) ) ;
#694 = DIRECTION ( 'NONE',  ( -1.000000000000000000, 0.000000000000000000, 0.000000000000000000 ) ) ;
#695 = AXIS2_PLACEMENT_3D ( 'NONE', #1362, #493, #746 ) ;
#696 = CARTESIAN_POINT ( 'NONE',  ( 125.0000000000000000, 0.000000000000000000, -45.75000000000002132 ) ) ;
#697 =( GEOMETRIC_REPRESENTATION_CONTEXT ( 3 ) GLOBAL_UNCERTAINTY_ASSIGNED_CONTEXT ( ( #762 ) ) GLOBAL_UNIT_ASSIGNED_CONTEXT ( ( #1418, #1300, #1539 ) ) REPRESENTATION_CONTEXT ( 'NONE', 'WORKASPACE' ) );
#698 = FACE_BOUND ( 'NONE', #556, .T. ) ;
#699 = EDGE_LOOP ( 'NONE', ( #98, #1410 ) ) ;
#700 = ORIENTED_EDGE ( 'NONE', *, *, #82, .F. ) ;
#701 = EDGE_CURVE ( 'NONE', #544, #504, #1532, .T. ) ;
#702 = DIRECTION ( 'NONE',  ( -0.000000000000000000, -0.000000000000000000, -1.000000000000000000 ) ) ;
#703 = ORIENTED_EDGE ( 'NONE', *, *, #502, .F. ) ;
#704 = VECTOR ( 'NONE', #937, 1000.000000000000000 ) ;
#705 = VECTOR ( 'NONE', #1376, 1000.000000000000000 ) ;
#706 = CARTESIAN_POINT ( 'NONE',  ( 43.64999999999992042, 141.2500000000000284, -1.999999999999995337 ) ) ;
#707 = ORIENTED_EDGE ( 'NONE', *, *, #1089, .F. ) ;
#708 = DIRECTION ( 'NONE',  ( 0.000000000000000000, 0.000000000000000000, -1.000000000000000000 ) ) ;
#709 = ORIENTED_EDGE ( 'NONE', *, *, #803, .F. ) ;
#710 = ORIENTED_EDGE ( 'NONE', *, *, #761, .F. ) ;
#711 = DIRECTION ( 'NONE',  ( 1.000000000000000000, 0.000000000000000000, 0.000000000000000000 ) ) ;
#712 = VECTOR ( 'NONE', #1262, 1000.000000000000000 ) ;
#713 = ORIENTED_EDGE ( 'NONE', *, *, #509, .T. ) ;
#714 = VECTOR ( 'NONE', #221, 1000.000000000000000 ) ;
#715 = VECTOR ( 'NONE', #678, 1000.000000000000000 ) ;
#716 = AXIS2_PLACEMENT_3D ( 'NONE', #1261, #673, #161 ) ;
#717 = CIRCLE ( 'NONE', #1128, 1.649999999999988365 ) ;
#718 = EDGE_CURVE ( 'NONE', #1307, #1245, #1144, .T. ) ;
#719 = DIRECTION ( 'NONE',  ( -1.000000000000000000, 0.000000000000000000, 0.000000000000000000 ) ) ;
#720 = FACE_OUTER_BOUND ( 'NONE', #868, .T. ) ;
#721 = VERTEX_POINT ( 'NONE', #684 ) ;
#722 = ORIENTED_EDGE ( 'NONE', *, *, #1453, .T. ) ;
#723 = DIRECTION ( 'NONE',  ( -0.000000000000000000, -0.000000000000000000, -1.000000000000000000 ) ) ;
#724 = CARTESIAN_POINT ( 'NONE',  ( 43.64999999999995595, 58.75000000000002132, 0.000000000000000000 ) ) ;
#725 = DIRECTION ( 'NONE',  ( 0.000000000000000000, 0.000000000000000000, -1.000000000000000000 ) ) ;
#726 = EDGE_CURVE ( 'NONE', #43, #457, #817, .T. ) ;
#727 = CARTESIAN_POINT ( 'NONE',  ( 126.5000000000000000, 0.7499999999999997780, -35.00000000000001421 ) ) ;
#728 = FACE_OUTER_BOUND ( 'NONE', #285, .T. ) ;
#729 = VERTEX_POINT ( 'NONE', #1047 ) ;
#730 = ORIENTED_EDGE ( 'NONE', *, *, #1366, .T. ) ;
#731 = VECTOR ( 'NONE', #1070, 1000.000000000000000 ) ;
#732 = DIRECTION ( 'NONE',  ( 0.000000000000000000, 0.000000000000000000, -1.000000000000000000 ) ) ;
#733 = AXIS2_PLACEMENT_3D ( 'NONE', #18, #1213, #270 ) ;
#734 = FACE_OUTER_BOUND ( 'NONE', #1408, .T. ) ;
#735 = FACE_OUTER_BOUND ( 'NONE', #1469, .T. ) ;
#736 = DIRECTION ( 'NONE',  ( 0.000000000000000000, 0.000000000000000000, -1.000000000000000000 ) ) ;
#737 = CARTESIAN_POINT ( 'NONE',  ( 41.99999999999992895, 141.2500000000000284, -1.999999999999995337 ) ) ;
#738 = ORIENTED_EDGE ( 'NONE', *, *, #329, .F. ) ;
#739 = EDGE_CURVE ( 'NONE', #1221, #652, #1310, .T. ) ;
#740 = VERTEX_POINT ( 'NONE', #189 ) ;
#741 = DIRECTION ( 'NONE',  ( -1.000000000000000000, 0.000000000000000000, 0.000000000000000000 ) ) ;
#742 = CARTESIAN_POINT ( 'NONE',  ( 80.34999999999995168, 58.75000000000003553, -1.999999999999995337 ) ) ;
#743 = VERTEX_POINT ( 'NONE', #417 ) ;
#744 = CIRCLE ( 'NONE', #1414, 1.650000000000002132 ) ;
#745 = CIRCLE ( 'NONE', #919, 1.649999999999998579 ) ;
#746 = DIRECTION ( 'NONE',  ( -1.000000000000000000, 0.000000000000000000, 0.000000000000000000 ) ) ;
#747 = AXIS2_PLACEMENT_3D ( 'NONE', #1217, #1560, #1475 ) ;
#748 = CARTESIAN_POINT ( 'NONE',  ( 41.99999999999994316, 100.0000000000000284, 2.000000000000004885 ) ) ;
#749 = EDGE_LOOP ( 'NONE', ( #1081, #1393, #418, #979 ) ) ;
#750 = ORIENTED_EDGE ( 'NONE', *, *, #1150, .F. ) ;
#751 = CARTESIAN_POINT ( 'NONE',  ( 40.34999999999994458, 100.0000000000000284, 2.000000000000004885 ) ) ;
#752 = CIRCLE ( 'NONE', #976, 1.650000000000012568 ) ;
#753 = ADVANCED_FACE ( 'NONE', ( #1175 ), #68, .T. ) ;
#754 = CARTESIAN_POINT ( 'NONE',  ( 83.64999999999990621, 141.2500000000000284, 0.000000000000000000 ) ) ;
#755 = DIRECTION ( 'NONE',  ( -1.000000000000000000, 0.000000000000000000, 0.000000000000000000 ) ) ;
#756 = CARTESIAN_POINT ( 'NONE',  ( 83.64999999999990621, 141.2500000000000284, 2.000000000000004885 ) ) ;
#757 = EDGE_LOOP ( 'NONE', ( #1577, #9, #1083, #1108 ) ) ;
#758 = ORIENTED_EDGE ( 'NONE', *, *, #912, .F. ) ;
#759 = FACE_OUTER_BOUND ( 'NONE', #486, .T. ) ;
#760 = DIRECTION ( 'NONE',  ( 0.000000000000000000, 0.000000000000000000, -1.000000000000000000 ) ) ;
#761 = EDGE_CURVE ( 'NONE', #72, #596, #499, .T. ) ;
#762 = UNCERTAINTY_MEASURE_WITH_UNIT (LENGTH_MEASURE( 1.000000000000000082E-05 ), #1418, 'distance_accuracy_value', 'NONE');
#763 = DIRECTION ( 'NONE',  ( -1.000000000000000000, 0.000000000000000000, 0.000000000000000000 ) ) ;
#764 = VERTEX_POINT ( 'NONE', #505 ) ;
#765 = VERTEX_POINT ( 'NONE', #754 ) ;
#766 = DIRECTION ( 'NONE',  ( 0.000000000000000000, 0.000000000000000000, -1.000000000000000000 ) ) ;
#767 = CYLINDRICAL_SURFACE ( 'NONE', #365, 1.650000000000002132 ) ;
#768 = VECTOR ( 'NONE', #702, 1000.000000000000000 ) ;
#769 =( NAMED_UNIT ( * ) SI_UNIT ( $, .STERADIAN. ) SOLID_ANGLE_UNIT ( ) );
#770 = EDGE_CURVE ( 'NONE', #72, #1562, #384, .T. ) ;
#771 = DIRECTION ( 'NONE',  ( -1.000000000000000000, 0.000000000000000000, 0.000000000000000000 ) ) ;
#772 = DIRECTION ( 'NONE',  ( -0.000000000000000000, -0.000000000000000000, -1.000000000000000000 ) ) ;
#773 = ADVANCED_FACE ( 'NONE', ( #734 ), #125, .F. ) ;
#774 = EDGE_LOOP ( 'NONE', ( #426, #1493 ) ) ;
#775 = CIRCLE ( 'NONE', #173, 1.649999999999998579 ) ;
#776 = CIRCLE ( 'NONE', #1101, 1.649999999999998579 ) ;
#777 = VECTOR ( 'NONE', #1268, 1000.000000000000000 ) ;
#778 = DIRECTION ( 'NONE',  ( 0.000000000000000000, -0.000000000000000000, 1.000000000000000000 ) ) ;
#779 = AXIS2_PLACEMENT_3D ( 'NONE', #1341, #646, #165 ) ;
#780 = CARTESIAN_POINT ( 'NONE',  ( 94.34999999999999432, 112.0000000000000284, 22.00000000000000711 ) ) ;
#781 = CARTESIAN_POINT ( 'NONE',  ( 125.7500000000000000, 0.7500000000000000000, -35.00000000000001421 ) ) ;
#782 = LINE ( 'NONE', #659, #590 ) ;
#783 = VERTEX_POINT ( 'NONE', #1115 ) ;
#784 = EDGE_CURVE ( 'NONE', #139, #743, #1223, .T. ) ;
#785 = EDGE_LOOP ( 'NONE', ( #508, #331, #533, #1306 ) ) ;
#786 = LINE ( 'NONE', #23, #1208 ) ;
#787 = EDGE_CURVE ( 'NONE', #465, #765, #1580, .T. ) ;
#788 = CARTESIAN_POINT ( 'NONE',  ( 0.000000000000000000, 200.0000000000000000, -2.000000000000000000 ) ) ;
#789 = LINE ( 'NONE', #305, #804 ) ;
#790 = ORIENTED_EDGE ( 'NONE', *, *, #941, .F. ) ;
#791 = CARTESIAN_POINT ( 'NONE',  ( 81.99999999999994316, 58.75000000000003553, 0.000000000000000000 ) ) ;
#792 = ORIENTED_EDGE ( 'NONE', *, *, #1453, .F. ) ;
#793 = DIRECTION ( 'NONE',  ( 0.000000000000000000, 0.000000000000000000, 1.000000000000000000 ) ) ;
#794 = EDGE_CURVE ( 'NONE', #3, #1016, #1308, .T. ) ;
#795 = FACE_BOUND ( 'NONE', #423, .T. ) ;
#796 = CARTESIAN_POINT ( 'NONE',  ( 0.000000000000000000, 200.0000000000000000, 0.000000000000000000 ) ) ;
#797 = DIRECTION ( 'NONE',  ( -1.000000000000000000, 0.000000000000000000, 0.000000000000000000 ) ) ;
#798 = ORIENTED_EDGE ( 'NONE', *, *, #1271, .F. ) ;
#799 = CYLINDRICAL_SURFACE ( 'NONE', #225, 1.649999999999998579 ) ;
#800 = DIRECTION ( 'NONE',  ( -0.000000000000000000, -1.000000000000000000, -0.000000000000000000 ) ) ;
#801 = DIRECTION ( 'NONE',  ( -1.000000000000000000, 0.000000000000000000, 0.000000000000000000 ) ) ;
#802 = DIRECTION ( 'NONE',  ( -1.000000000000000000, 0.000000000000000000, 0.000000000000000000 ) ) ;
#803 = EDGE_CURVE ( 'NONE', #1356, #1154, #320, .T. ) ;
#804 = VECTOR ( 'NONE', #1388, 1000.000000000000000 ) ;
#805 = CARTESIAN_POINT ( 'NONE',  ( 123.0000000000000000, 200.0000000000000000, -2.000000000000000000 ) ) ;
#806 = FACE_BOUND ( 'NONE', #100, .T. ) ;
#807 = ORIENTED_EDGE ( 'NONE', *, *, #1421, .T. ) ;
#808 = CARTESIAN_POINT ( 'NONE',  ( 41.99999999999992895, 141.2500000000000284, -1.999999999999995337 ) ) ;
#809 = DIRECTION ( 'NONE',  ( -0.000000000000000000, -0.000000000000000000, -1.000000000000000000 ) ) ;
#810 = EDGE_CURVE ( 'NONE', #669, #370, #688, .T. ) ;
#811 = DIRECTION ( 'NONE',  ( -1.000000000000000000, 0.000000000000000000, 0.000000000000000000 ) ) ;
#812 = DIRECTION ( 'NONE',  ( 0.000000000000000000, 0.000000000000000000, -1.000000000000000000 ) ) ;
#813 = PLANE ( 'NONE',  #644 ) ;
#814 = ORIENTED_EDGE ( 'NONE', *, *, #53, .T. ) ;
#815 = VERTEX_POINT ( 'NONE', #453 ) ;
#816 = CARTESIAN_POINT ( 'NONE',  ( 125.0000000000000000, 200.0000000000000000, 0.000000000000000000 ) ) ;
#817 = LINE ( 'NONE', #1167, #534 ) ;
#818 = EDGE_CURVE ( 'NONE', #163, #1149, #1549, .T. ) ;
#819 = DIRECTION ( 'NONE',  ( 0.000000000000000000, -1.000000000000000000, 0.000000000000000000 ) ) ;
#820 = ORIENTED_EDGE ( 'NONE', *, *, #5, .T. ) ;
#821 = ORIENTED_EDGE ( 'NONE', *, *, #665, .T. ) ;
#822 = CARTESIAN_POINT ( 'NONE',  ( 123.0000000000000000, 0.000000000000000000, 0.000000000000000000 ) ) ;
#823 = DIRECTION ( 'NONE',  ( -1.000000000000000000, 0.000000000000000000, 0.000000000000000000 ) ) ;
#824 = AXIS2_PLACEMENT_3D ( 'NONE', #1138, #526, #1505 ) ;
#825 = CARTESIAN_POINT ( 'NONE',  ( 0.000000000000000000, 0.000000000000000000, 0.000000000000000000 ) ) ;
#826 = ORIENTED_EDGE ( 'NONE', *, *, #770, .T. ) ;
#827 = EDGE_CURVE ( 'NONE', #1016, #1154, #886, .T. ) ;
#828 = ORIENTED_EDGE ( 'NONE', *, *, #787, .F. ) ;
#829 = EDGE_CURVE ( 'NONE', #947, #1478, #566, .T. ) ;
#830 = CARTESIAN_POINT ( 'NONE',  ( 43.64999999999994174, 100.0000000000000284, 0.000000000000000000 ) ) ;
#831 = FACE_OUTER_BOUND ( 'NONE', #950, .T. ) ;
#832 = ORIENTED_EDGE ( 'NONE', *, *, #279, .T. ) ;
#833 = CARTESIAN_POINT ( 'NONE',  ( 114.3499999999999943, 92.00000000000002842, 22.00000000000000711 ) ) ;
#834 = ORIENTED_EDGE ( 'NONE', *, *, #665, .F. ) ;
#835 = AXIS2_PLACEMENT_3D ( 'NONE', #923, #1063, #1554 ) ;
#836 = ORIENTED_EDGE ( 'NONE', *, *, #829, .T. ) ;
#837 = VERTEX_POINT ( 'NONE', #830 ) ;
#838 = EDGE_CURVE ( 'NONE', #729, #1526, #582, .T. ) ;
#839 = EDGE_LOOP ( 'NONE', ( #360, #630 ) ) ;
#840 = DIRECTION ( 'NONE',  ( 0.000000000000000000, 0.000000000000000000, -1.000000000000000000 ) ) ;
#841 = ORIENTED_EDGE ( 'NONE', *, *, #554, .T. ) ;
#842 = EDGE_LOOP ( 'NONE', ( #1483, #1328, #215, #966 ) ) ;
#843 = ORIENTED_EDGE ( 'NONE', *, *, #1510, .T. ) ;
#844 = CYLINDRICAL_SURFACE ( 'NONE', #779, 1.649999999999984812 ) ;
#845 = AXIS2_PLACEMENT_3D ( 'NONE', #569, #1233, #1065 ) ;
#846 = CIRCLE ( 'NONE', #1202, 0.7500000000000006661 ) ;
#847 = CARTESIAN_POINT ( 'NONE',  ( 41.99999999999995737, 58.75000000000002132, 0.000000000000000000 ) ) ;
#848 = ORIENTED_EDGE ( 'NONE', *, *, #103, .T. ) ;
#849 = EDGE_CURVE ( 'NONE', #1523, #512, #1301, .T. ) ;
#850 = AXIS2_PLACEMENT_3D ( 'NONE', #1448, #613, #1441 ) ;
#851 = VECTOR ( 'NONE', #301, 1000.000000000000000 ) ;
#852 = VECTOR ( 'NONE', #800, 1000.000000000000000 ) ;
#853 = DIRECTION ( 'NONE',  ( -1.000000000000000000, 0.000000000000000000, 0.000000000000000000 ) ) ;
#854 = ORIENTED_EDGE ( 'NONE', *, *, #1132, .T. ) ;
#855 = ORIENTED_EDGE ( 'NONE', *, *, #718, .F. ) ;
#856 = DIRECTION ( 'NONE',  ( -1.000000000000000000, 0.000000000000000000, 0.000000000000000000 ) ) ;
#857 = EDGE_CURVE ( 'NONE', #219, #457, #375, .T. ) ;
#858 = CARTESIAN_POINT ( 'NONE',  ( 117.6500000000000057, 112.0000000000000142, 22.00000000000000711 ) ) ;
#859 = DIRECTION ( 'NONE',  ( -0.000000000000000000, -0.000000000000000000, -1.000000000000000000 ) ) ;
#860 = ORIENTED_EDGE ( 'NONE', *, *, #1335, .T. ) ;
#861 = CARTESIAN_POINT ( 'NONE',  ( 94.34999999999999432, 92.00000000000002842, -1.999999999999995337 ) ) ;
#862 = VERTEX_POINT ( 'NONE', #944 ) ;
#863 = CYLINDRICAL_SURFACE ( 'NONE', #1317, 1.649999999999998579 ) ;
#864 = PLANE ( 'NONE',  #312 ) ;
#865 = DIRECTION ( 'NONE',  ( 0.000000000000000000, 0.000000000000000000, -1.000000000000000000 ) ) ;
#866 = ORIENTED_EDGE ( 'NONE', *, *, #939, .T. ) ;
#867 = EDGE_CURVE ( 'NONE', #1071, #266, #524, .T. ) ;
#868 = EDGE_LOOP ( 'NONE', ( #14, #1331, #108, #1226 ) ) ;
#869 = CARTESIAN_POINT ( 'NONE',  ( 125.0000000000000000, 3.000000000000002665, -34.25000000000001421 ) ) ;
#870 = DIRECTION ( 'NONE',  ( -0.000000000000000000, 1.000000000000000000, -0.000000000000000000 ) ) ;
#871 = AXIS2_PLACEMENT_3D ( 'NONE', #1130, #1024, #1513 ) ;
#872 = CYLINDRICAL_SURFACE ( 'NONE', #93, 1.649999999999998579 ) ;
#873 = ORIENTED_EDGE ( 'NONE', *, *, #479, .F. ) ;
#874 = ORIENTED_EDGE ( 'NONE', *, *, #1294, .F. ) ;
#875 = DIRECTION ( 'NONE',  ( -1.000000000000000000, 0.000000000000000000, 0.000000000000000000 ) ) ;
#876 = VECTOR ( 'NONE', #113, 1000.000000000000000 ) ;
#877 = ADVANCED_FACE ( 'NONE', ( #1432 ), #1165, .F. ) ;
#878 = CARTESIAN_POINT ( 'NONE',  ( 81.99999999999991473, 141.2500000000000284, 0.000000000000000000 ) ) ;
#879 = DIRECTION ( 'NONE',  ( 0.000000000000000000, 0.000000000000000000, -1.000000000000000000 ) ) ;
#880 = AXIS2_PLACEMENT_3D ( 'NONE', #664, #52, #802 ) ;
#881 = DIRECTION ( 'NONE',  ( -0.000000000000000000, -0.000000000000000000, -1.000000000000000000 ) ) ;
#882 = EDGE_LOOP ( 'NONE', ( #1379, #640 ) ) ;
#883 = DIRECTION ( 'NONE',  ( 0.000000000000000000, 0.000000000000000000, -1.000000000000000000 ) ) ;
#884 = FACE_OUTER_BOUND ( 'NONE', #388, .T. ) ;
#885 = EDGE_CURVE ( 'NONE', #368, #1299, #1044, .T. ) ;
#886 = CIRCLE ( 'NONE', #604, 1.649999999999991696 ) ;
#887 = DIRECTION ( 'NONE',  ( 0.000000000000000000, 0.000000000000000000, -1.000000000000000000 ) ) ;
#888 = LINE ( 'NONE', #283, #1488 ) ;
#889 = ORIENTED_EDGE ( 'NONE', *, *, #1495, .F. ) ;
#890 = EDGE_LOOP ( 'NONE', ( #1196, #420, #1009, #898 ) ) ;
#891 = CARTESIAN_POINT ( 'NONE',  ( 95.99999999999997158, 112.0000000000000284, 22.00000000000000711 ) ) ;
#892 = DIRECTION ( 'NONE',  ( -0.000000000000000000, -0.000000000000000000, -1.000000000000000000 ) ) ;
#893 = EDGE_CURVE ( 'NONE', #1245, #1211, #576, .T. ) ;
#894 = DIRECTION ( 'NONE',  ( 1.000000000000000000, 0.000000000000000000, 0.000000000000000000 ) ) ;
#895 = DIRECTION ( 'NONE',  ( -1.000000000000000000, 0.000000000000000000, 0.000000000000000000 ) ) ;
#896 = ORIENTED_EDGE ( 'NONE', *, *, #1171, .F. ) ;
#897 = AXIS2_PLACEMENT_3D ( 'NONE', #606, #975, #1466 ) ;
#898 = ORIENTED_EDGE ( 'NONE', *, *, #784, .F. ) ;
#899 = CARTESIAN_POINT ( 'NONE',  ( 125.0000000000000000, 200.0000000000000000, 0.000000000000000000 ) ) ;
#900 = VECTOR ( 'NONE', #549, 1000.000000000000000 ) ;
#901 = AXIS2_PLACEMENT_3D ( 'NONE', #788, #166, #304 ) ;
#902 = EDGE_LOOP ( 'NONE', ( #1447, #344, #936, #115 ) ) ;
#903 = EDGE_CURVE ( 'NONE', #452, #227, #1319, .T. ) ;
#904 = LINE ( 'NONE', #555, #851 ) ;
#905 = ORIENTED_EDGE ( 'NONE', *, *, #939, .F. ) ;
#906 = FILL_AREA_STYLE ('',( #1028 ) ) ;
#907 = EDGE_LOOP ( 'NONE', ( #275, #953, #1145, #832 ) ) ;
#908 = VECTOR ( 'NONE', #1547, 1000.000000000000000 ) ;
#909 = DIRECTION ( 'NONE',  ( -0.000000000000000000, -0.000000000000000000, -1.000000000000000000 ) ) ;
#910 = EDGE_LOOP ( 'NONE', ( #1017, #828, #1131, #667 ) ) ;
#911 = CARTESIAN_POINT ( 'NONE',  ( 123.5000000000000000, 3.000000000000000000, -35.00000000000001421 ) ) ;
#912 = EDGE_CURVE ( 'NONE', #677, #1307, #1361, .T. ) ;
#913 = DIRECTION ( 'NONE',  ( -1.000000000000000000, 0.000000000000000000, 0.000000000000000000 ) ) ;
#914 = DIRECTION ( 'NONE',  ( 0.000000000000000000, 0.000000000000000000, -1.000000000000000000 ) ) ;
#915 = FACE_OUTER_BOUND ( 'NONE', #634, .T. ) ;
#916 = CARTESIAN_POINT ( 'NONE',  ( 125.7500000000000000, 0.000000000000000000, -35.00000000000001421 ) ) ;
#917 = ORIENTED_EDGE ( 'NONE', *, *, #1271, .T. ) ;
#918 = DIRECTION ( 'NONE',  ( 1.000000000000000000, 0.000000000000000000, 0.000000000000000000 ) ) ;
#919 = AXIS2_PLACEMENT_3D ( 'NONE', #400, #887, #771 ) ;
#920 = EDGE_LOOP ( 'NONE', ( #1069, #527 ) ) ;
#921 = FACE_OUTER_BOUND ( 'NONE', #216, .T. ) ;
#922 = AXIS2_PLACEMENT_3D ( 'NONE', #1073, #881, #1129 ) ;
#923 = CARTESIAN_POINT ( 'NONE',  ( 0.000000000000000000, 198.0000000000000000, 0.000000000000000000 ) ) ;
#924 = EDGE_CURVE ( 'NONE', #90, #43, #1426, .T. ) ;
#925 = VECTOR ( 'NONE', #649, 1000.000000000000000 ) ;
#926 = CARTESIAN_POINT ( 'NONE',  ( 83.64999999999994884, 58.75000000000003553, 0.000000000000000000 ) ) ;
#927 = FACE_BOUND ( 'NONE', #612, .T. ) ;
#928 = FACE_OUTER_BOUND ( 'NONE', #1315, .T. ) ;
#929 = DIRECTION ( 'NONE',  ( -1.000000000000000000, 0.000000000000000000, 0.000000000000000000 ) ) ;
#930 = DIRECTION ( 'NONE',  ( -1.000000000000000000, 0.000000000000000000, 0.000000000000000000 ) ) ;
#931 = ADVANCED_FACE ( 'NONE', ( #990 ), #1234, .T. ) ;
#932 = EDGE_CURVE ( 'NONE', #1430, #947, #657, .T. ) ;
#933 = DIRECTION ( 'NONE',  ( 0.000000000000000000, -1.000000000000000000, 0.000000000000000000 ) ) ;
#934 = LINE ( 'NONE', #1288, #715 ) ;
#935 = ORIENTED_EDGE ( 'NONE', *, *, #912, .T. ) ;
#936 = ORIENTED_EDGE ( 'NONE', *, *, #1568, .T. ) ;
#937 = DIRECTION ( 'NONE',  ( -0.000000000000000000, -0.000000000000000000, -1.000000000000000000 ) ) ;
#938 = AXIS2_PLACEMENT_3D ( 'NONE', #1439, #1327, #208 ) ;
#939 = EDGE_CURVE ( 'NONE', #227, #72, #164, .T. ) ;
#940 = DIRECTION ( 'NONE',  ( -0.000000000000000000, -0.000000000000000000, -1.000000000000000000 ) ) ;
#941 = EDGE_CURVE ( 'NONE', #519, #1088, #982, .T. ) ;
#942 = EDGE_LOOP ( 'NONE', ( #738, #228, #1078, #110 ) ) ;
#943 = ORIENTED_EDGE ( 'NONE', *, *, #244, .F. ) ;
#944 = CARTESIAN_POINT ( 'NONE',  ( 10.65000000000009273, 111.9999999999999858, 0.000000000000000000 ) ) ;
#945 = ORIENTED_EDGE ( 'NONE', *, *, #84, .F. ) ;
#946 = CARTESIAN_POINT ( 'NONE',  ( 95.99999999999997158, 112.0000000000000284, -1.999999999999995337 ) ) ;
#947 = VERTEX_POINT ( 'NONE', #724 ) ;
#948 = AXIS2_PLACEMENT_3D ( 'NONE', #529, #268, #1018 ) ;
#949 = VERTEX_POINT ( 'NONE', #742 ) ;
#950 = EDGE_LOOP ( 'NONE', ( #458, #1060, #1277, #1359 ) ) ;
#951 = EDGE_CURVE ( 'NONE', #1378, #147, #142, .T. ) ;
#952 = AXIS2_PLACEMENT_3D ( 'NONE', #548, #539, #1525 ) ;
#953 = ORIENTED_EDGE ( 'NONE', *, *, #1436, .F. ) ;
#954 = PLANE ( 'NONE',  #835 ) ;
#955 = ORIENTED_EDGE ( 'NONE', *, *, #867, .F. ) ;
#956 = CARTESIAN_POINT ( 'NONE',  ( 0.000000000000000000, 200.0000000000000000, 0.000000000000000000 ) ) ;
#957 = CARTESIAN_POINT ( 'NONE',  ( 0.000000000000000000, 0.000000000000000000, -80.00000000000000000 ) ) ;
#958 = CARTESIAN_POINT ( 'NONE',  ( 40.34999999999993747, 141.2500000000000284, 0.000000000000000000 ) ) ;
#959 = ORIENTED_EDGE ( 'NONE', *, *, #1411, .T. ) ;
#960 = EDGE_CURVE ( 'NONE', #1235, #1373, #1192, .T. ) ;
#961 = EDGE_LOOP ( 'NONE', ( #1507, #790, #1443, #1445 ) ) ;
#962 = CARTESIAN_POINT ( 'NONE',  ( 2.000000000000000000, 200.0000000000000000, -2.000000000000000000 ) ) ;
#963 = CARTESIAN_POINT ( 'NONE',  ( 125.0000000000000000, 3.000000000000002665, 0.000000000000000000 ) ) ;
#964 = DIRECTION ( 'NONE',  ( 0.000000000000000000, 1.000000000000000000, 0.000000000000000000 ) ) ;
#965 = CARTESIAN_POINT ( 'NONE',  ( 2.000000000000000000, 198.0000000000000000, 0.000000000000000000 ) ) ;
#966 = ORIENTED_EDGE ( 'NONE', *, *, #447, .F. ) ;
#967 = AXIS2_PLACEMENT_3D ( 'NONE', #446, #333, #823 ) ;
#968 = ORIENTED_EDGE ( 'NONE', *, *, #256, .T. ) ;
#969 = FACE_OUTER_BOUND ( 'NONE', #1218, .T. ) ;
#970 = DIRECTION ( 'NONE',  ( 0.000000000000000000, -1.000000000000000000, 0.000000000000000000 ) ) ;
#971 = CIRCLE ( 'NONE', #287, 1.650000000000012568 ) ;
#972 = EDGE_CURVE ( 'NONE', #476, #815, #83, .T. ) ;
#973 = AXIS2_PLACEMENT_3D ( 'NONE', #185, #686, #546 ) ;
#974 = CYLINDRICAL_SURFACE ( 'NONE', #439, 1.649999999999984812 ) ;
#975 = DIRECTION ( 'NONE',  ( 0.000000000000000000, 0.000000000000000000, -1.000000000000000000 ) ) ;
#976 = AXIS2_PLACEMENT_3D ( 'NONE', #680, #557, #178 ) ;
#977 = EDGE_LOOP ( 'NONE', ( #552, #540, #1458, #396 ) ) ;
#978 = ORIENTED_EDGE ( 'NONE', *, *, #4, .F. ) ;
#979 = ORIENTED_EDGE ( 'NONE', *, *, #1318, .T. ) ;
#980 = AXIS2_PLACEMENT_3D ( 'NONE', #2, #1107, #755 ) ;
#981 = CARTESIAN_POINT ( 'NONE',  ( 29.00000000000008882, 112.0000000000000000, -1.999999999999995337 ) ) ;
#982 = LINE ( 'NONE', #1369, #376 ) ;
#983 = CARTESIAN_POINT ( 'NONE',  ( 2.000000000000000000, 198.0000000000000000, -78.00000000000000000 ) ) ;
#984 = CARTESIAN_POINT ( 'NONE',  ( 94.34999999999999432, 112.0000000000000284, -1.999999999999995337 ) ) ;
#985 = DIRECTION ( 'NONE',  ( -1.000000000000000000, 0.000000000000000000, 0.000000000000000000 ) ) ;
#986 = EDGE_LOOP ( 'NONE', ( #1564, #10 ) ) ;
#987 = ORIENTED_EDGE ( 'NONE', *, *, #200, .F. ) ;
#988 = DIRECTION ( 'NONE',  ( -0.000000000000000000, -0.000000000000000000, -1.000000000000000000 ) ) ;
#989 = VECTOR ( 'NONE', #473, 1000.000000000000000 ) ;
#990 = FACE_OUTER_BOUND ( 'NONE', #325, .T. ) ;
#991 = EDGE_CURVE ( 'NONE', #504, #317, #622, .T. ) ;
#992 = FACE_OUTER_BOUND ( 'NONE', #20, .T. ) ;
#993 = EDGE_LOOP ( 'NONE', ( #497, #174 ) ) ;
#994 = ADVANCED_FACE ( 'NONE', ( #114 ), #1098, .F. ) ;
#995 = CARTESIAN_POINT ( 'NONE',  ( 126.5000000000000000, 3.000000000000000000, -45.00000000000002132 ) ) ;
#996 = DIRECTION ( 'NONE',  ( -0.000000000000000000, -0.000000000000000000, -1.000000000000000000 ) ) ;
#997 = DIRECTION ( 'NONE',  ( 0.000000000000000000, 0.000000000000000000, 1.000000000000000000 ) ) ;
#998 = AXIS2_PLACEMENT_3D ( 'NONE', #13, #503, #763 ) ;
#999 = AXIS2_PLACEMENT_3D ( 'NONE', #1000, #282, #1504 ) ;
#1000 = CARTESIAN_POINT ( 'NONE',  ( 41.99999999999992895, 141.2500000000000284, 2.000000000000004885 ) ) ;
#1001 = ORIENTED_EDGE ( 'NONE', *, *, #492, .F. ) ;
#1002 = ORIENTED_EDGE ( 'NONE', *, *, #794, .F. ) ;
#1003 = DIRECTION ( 'NONE',  ( 0.000000000000000000, 0.000000000000000000, -1.000000000000000000 ) ) ;
#1004 = PRODUCT_RELATED_PRODUCT_CATEGORY ( 'part', '', ( #1158 ) ) ;
#1005 = FACE_BOUND ( 'NONE', #33, .T. ) ;
#1006 = CIRCLE ( 'NONE', #952, 1.649999999999984812 ) ;
#1007 = DIRECTION ( 'NONE',  ( -0.000000000000000000, 0.000000000000000000, 1.000000000000000000 ) ) ;
#1008 = ORIENTED_EDGE ( 'NONE', *, *, #543, .T. ) ;
#1009 = ORIENTED_EDGE ( 'NONE', *, *, #1512, .T. ) ;
#1010 = CARTESIAN_POINT ( 'NONE',  ( 81.99999999999991473, 141.2500000000000284, -1.999999999999995337 ) ) ;
#1011 = EDGE_CURVE ( 'NONE', #1235, #452, #605, .T. ) ;
#1012 = PLANE ( 'NONE',  #1058 ) ;
#1013 = VECTOR ( 'NONE', #970, 1000.000000000000000 ) ;
#1014 = FACE_OUTER_BOUND ( 'NONE', #580, .T. ) ;
#1015 = CARTESIAN_POINT ( 'NONE',  ( 114.3499999999999943, 92.00000000000002842, 0.000000000000000000 ) ) ;
#1016 = VERTEX_POINT ( 'NONE', #1092 ) ;
#1017 = ORIENTED_EDGE ( 'NONE', *, *, #584, .F. ) ;
#1018 = DIRECTION ( 'NONE',  ( -1.000000000000000000, 0.000000000000000000, 0.000000000000000000 ) ) ;
#1019 = DIRECTION ( 'NONE',  ( -1.000000000000000000, 0.000000000000000000, 0.000000000000000000 ) ) ;
#1020 = FACE_BOUND ( 'NONE', #699, .T. ) ;
#1021 = DIRECTION ( 'NONE',  ( 0.000000000000000000, 0.000000000000000000, 1.000000000000000000 ) ) ;
#1022 = ADVANCED_FACE ( 'NONE', ( #735 ), #231, .F. ) ;
#1023 = CARTESIAN_POINT ( 'NONE',  ( 95.99999999999997158, 112.0000000000000284, -1.999999999999995337 ) ) ;
#1024 = DIRECTION ( 'NONE',  ( 0.000000000000000000, 0.000000000000000000, -1.000000000000000000 ) ) ;
#1025 = EDGE_LOOP ( 'NONE', ( #564, #1200, #122, #78, #1417, #635 ) ) ;
#1026 = CIRCLE ( 'NONE', #389, 1.650000000000002132 ) ;
#1027 = PRODUCT_DEFINITION_FORMATION_WITH_SPECIFIED_SOURCE ( 'ANY', '', #1158, .NOT_KNOWN. ) ;
#1028 = FILL_AREA_STYLE_COLOUR ( '', #1489 ) ;
#1029 = VECTOR ( 'NONE', #1157, 1000.000000000000000 ) ;
#1030 = DIRECTION ( 'NONE',  ( -1.000000000000000000, 0.000000000000000000, 0.000000000000000000 ) ) ;
#1031 = ORIENTED_EDGE ( 'NONE', *, *, #53, .F. ) ;
#1032 = EDGE_CURVE ( 'NONE', #476, #1332, #1244, .T. ) ;
#1033 = DIRECTION ( 'NONE',  ( 0.000000000000000000, 0.000000000000000000, -1.000000000000000000 ) ) ;
#1034 = ORIENTED_EDGE ( 'NONE', *, *, #1366, .F. ) ;
#1035 = ORIENTED_EDGE ( 'NONE', *, *, #124, .F. ) ;
#1036 = CARTESIAN_POINT ( 'NONE',  ( 41.99999999999994316, 100.0000000000000284, 0.000000000000000000 ) ) ;
#1037 = FACE_BOUND ( 'NONE', #397, .T. ) ;
#1038 = AXIS2_PLACEMENT_3D ( 'NONE', #1433, #1320, #75 ) ;
#1039 = CARTESIAN_POINT ( 'NONE',  ( 10.65000000000008562, 92.00000000000000000, 0.000000000000000000 ) ) ;
#1040 = ORIENTED_EDGE ( 'NONE', *, *, #609, .T. ) ;
#1041 = ORIENTED_EDGE ( 'NONE', *, *, #346, .F. ) ;
#1042 = CARTESIAN_POINT ( 'NONE',  ( 9.000000000000097700, 92.00000000000000000, -1.999999999999995337 ) ) ;
#1043 = EDGE_CURVE ( 'NONE', #815, #476, #101, .T. ) ;
#1044 = LINE ( 'NONE', #194, #1357 ) ;
#1045 = CARTESIAN_POINT ( 'NONE',  ( 125.0000000000000000, 0.000000000000000000, 0.000000000000000000 ) ) ;
#1046 = APPLICATION_PROTOCOL_DEFINITION ( 'draft international standard', 'automotive_design', 1998, #1322 ) ;
#1047 = CARTESIAN_POINT ( 'NONE',  ( 80.34999999999993747, 100.0000000000000426, 0.000000000000000000 ) ) ;
#1048 = DIRECTION ( 'NONE',  ( -0.000000000000000000, -0.000000000000000000, -1.000000000000000000 ) ) ;
#1049 = AXIS2_PLACEMENT_3D ( 'NONE', #946, #1198, #719 ) ;
#1050 = ORIENTED_EDGE ( 'NONE', *, *, #5, .F. ) ;
#1051 = CARTESIAN_POINT ( 'NONE',  ( 2.000000000000000000, 200.0000000000000000, 0.000000000000000000 ) ) ;
#1052 = AXIS2_PLACEMENT_3D ( 'NONE', #1502, #892, #1386 ) ;
#1053 = EDGE_CURVE ( 'NONE', #1194, #1149, #385, .T. ) ;
#1054 = CARTESIAN_POINT ( 'NONE',  ( 0.000000000000000000, 0.000000000000000000, -80.00000000000000000 ) ) ;
#1055 = DIRECTION ( 'NONE',  ( 0.000000000000000000, 0.000000000000000000, 1.000000000000000000 ) ) ;
#1056 = ADVANCED_FACE ( 'NONE', ( #515 ), #672, .F. ) ;
#1057 = AXIS2_PLACEMENT_3D ( 'NONE', #1042, #1530, #435 ) ;
#1058 = AXIS2_PLACEMENT_3D ( 'NONE', #1148, #648, #311 ) ;
#1059 = DIRECTION ( 'NONE',  ( -0.000000000000000000, -1.000000000000000000, -0.000000000000000000 ) ) ;
#1060 = ORIENTED_EDGE ( 'NONE', *, *, #1421, .F. ) ;
#1061 = ORIENTED_EDGE ( 'NONE', *, *, #244, .T. ) ;
#1062 = VERTEX_POINT ( 'NONE', #422 ) ;
#1063 = DIRECTION ( 'NONE',  ( 0.000000000000000000, -1.000000000000000000, 0.000000000000000000 ) ) ;
#1064 = EDGE_CURVE ( 'NONE', #1545, #610, #1006, .T. ) ;
#1065 = DIRECTION ( 'NONE',  ( -0.000000000000000000, 0.000000000000000000, -1.000000000000000000 ) ) ;
#1066 = DIRECTION ( 'NONE',  ( 0.000000000000000000, 0.000000000000000000, -1.000000000000000000 ) ) ;
#1067 = AXIS2_PLACEMENT_3D ( 'NONE', #187, #179, #459 ) ;
#1068 = ORIENTED_EDGE ( 'NONE', *, *, #172, .F. ) ;
#1069 = ORIENTED_EDGE ( 'NONE', *, *, #972, .T. ) ;
#1070 = DIRECTION ( 'NONE',  ( -0.000000000000000000, -0.000000000000000000, -1.000000000000000000 ) ) ;
#1071 = VERTEX_POINT ( 'NONE', #430 ) ;
#1072 = CARTESIAN_POINT ( 'NONE',  ( 41.99999999999994316, 100.0000000000000284, 0.000000000000000000 ) ) ;
#1073 = CARTESIAN_POINT ( 'NONE',  ( 29.00000000000010303, 92.00000000000001421, 22.00000000000000711 ) ) ;
#1074 = CYLINDRICAL_SURFACE ( 'NONE', #747, 1.649999999999998579 ) ;
#1075 = ORIENTED_EDGE ( 'NONE', *, *, #256, .F. ) ;
#1076 = CARTESIAN_POINT ( 'NONE',  ( 40.34999999999995879, 58.75000000000002132, 2.000000000000004885 ) ) ;
#1077 = AXIS2_PLACEMENT_3D ( 'NONE', #401, #131, #1372 ) ;
#1078 = ORIENTED_EDGE ( 'NONE', *, *, #1142, .T. ) ;
#1079 = FACE_OUTER_BOUND ( 'NONE', #785, .T. ) ;
#1080 = ADVANCED_FACE ( 'NONE', ( #298, #795, #1405, #160, #1273, #1160, #655, #1005, #1397, #1413, #180, #277, #1020, #1037, #884 ), #38, .T. ) ;
#1081 = ORIENTED_EDGE ( 'NONE', *, *, #1427, .F. ) ;
#1082 = ORIENTED_EDGE ( 'NONE', *, *, #701, .F. ) ;
#1083 = ORIENTED_EDGE ( 'NONE', *, *, #1574, .F. ) ;
#1084 = CARTESIAN_POINT ( 'NONE',  ( 9.000000000000090594, 111.9999999999999858, 0.000000000000000000 ) ) ;
#1085 = CYLINDRICAL_SURFACE ( 'NONE', #568, 1.649999999999998579 ) ;
#1086 = CARTESIAN_POINT ( 'NONE',  ( 95.99999999999997158, 92.00000000000002842, 22.00000000000000711 ) ) ;
#1087 = VECTOR ( 'NONE', #321, 1000.000000000000000 ) ;
#1088 = VERTEX_POINT ( 'NONE', #42 ) ;
#1089 = EDGE_CURVE ( 'NONE', #192, #177, #1565, .T. ) ;
#1090 = EDGE_LOOP ( 'NONE', ( #945, #661, #1279, #243 ) ) ;
#1091 = CARTESIAN_POINT ( 'NONE',  ( 97.64999999999996305, 92.00000000000002842, 22.00000000000000711 ) ) ;
#1092 = CARTESIAN_POINT ( 'NONE',  ( 40.34999999999993747, 141.2500000000000284, -1.999999999999995337 ) ) ;
#1093 = CARTESIAN_POINT ( 'NONE',  ( 125.0000000000000000, 200.0000000000000000, -80.00000000000000000 ) ) ;
#1094 = ORIENTED_EDGE ( 'NONE', *, *, #4, .T. ) ;
#1095 = ORIENTED_EDGE ( 'NONE', *, *, #1281, .F. ) ;
#1096 = DIRECTION ( 'NONE',  ( -1.000000000000000000, 0.000000000000000000, 0.000000000000000000 ) ) ;
#1097 = ADVANCED_FACE ( 'NONE', ( #915 ), #767, .F. ) ;
#1098 = CYLINDRICAL_SURFACE ( 'NONE', #980, 1.649999999999998579 ) ;
#1099 = ORIENTED_EDGE ( 'NONE', *, *, #1427, .T. ) ;
#1100 = CIRCLE ( 'NONE', #948, 1.649999999999988365 ) ;
#1101 = AXIS2_PLACEMENT_3D ( 'NONE', #92, #213, #592 ) ;
#1102 = CARTESIAN_POINT ( 'NONE',  ( 27.35000000000010090, 92.00000000000001421, -1.999999999999995337 ) ) ;
#1103 = DIRECTION ( 'NONE',  ( -0.000000000000000000, -0.000000000000000000, -1.000000000000000000 ) ) ;
#1104 = ORIENTED_EDGE ( 'NONE', *, *, #1316, .F. ) ;
#1105 = ORIENTED_EDGE ( 'NONE', *, *, #1197, .F. ) ;
#1106 = CARTESIAN_POINT ( 'NONE',  ( 0.000000000000000000, -0.000000000000000000, -78.00000000000000000 ) ) ;
#1107 = DIRECTION ( 'NONE',  ( -0.000000000000000000, -0.000000000000000000, -1.000000000000000000 ) ) ;
#1108 = ORIENTED_EDGE ( 'NONE', *, *, #190, .T. ) ;
#1109 = ADVANCED_FACE ( 'NONE', ( #405 ), #1012, .F. ) ;
#1110 = FACE_OUTER_BOUND ( 'NONE', #977, .T. ) ;
#1111 = EDGE_LOOP ( 'NONE', ( #574, #278, #237, #250 ) ) ;
#1112 = VERTEX_POINT ( 'NONE', #1496 ) ;
#1113 = AXIS2_PLACEMENT_3D ( 'NONE', #429, #914, #445 ) ;
#1114 = DIRECTION ( 'NONE',  ( 0.000000000000000000, 0.000000000000000000, -1.000000000000000000 ) ) ;
#1115 = CARTESIAN_POINT ( 'NONE',  ( 43.64999999999994174, 100.0000000000000284, -1.999999999999995337 ) ) ;
#1116 = ADVANCED_FACE ( 'NONE', ( #30 ), #523, .F. ) ;
#1117 = CARTESIAN_POINT ( 'NONE',  ( 40.34999999999994458, 100.0000000000000284, 0.000000000000000000 ) ) ;
#1118 = EDGE_CURVE ( 'NONE', #266, #652, #288, .T. ) ;
#1119 = ORIENTED_EDGE ( 'NONE', *, *, #857, .F. ) ;
#1120 = ORIENTED_EDGE ( 'NONE', *, *, #111, .F. ) ;
#1121 = DIRECTION ( 'NONE',  ( -1.000000000000000000, 0.000000000000000000, 0.000000000000000000 ) ) ;
#1122 = AXIS2_PLACEMENT_3D ( 'NONE', #1368, #1243, #856 ) ;
#1123 = DIRECTION ( 'NONE',  ( -0.000000000000000000, -0.000000000000000000, -1.000000000000000000 ) ) ;
#1124 = AXIS2_PLACEMENT_3D ( 'NONE', #1377, #1474, #379 ) ;
#1125 = AXIS2_PLACEMENT_3D ( 'NONE', #825, #350, #1346 ) ;
#1126 = PRODUCT_DEFINITION_CONTEXT ( 'detailed design', #522, 'design' ) ;
#1127 = VECTOR ( 'NONE', #1558, 1000.000000000000000 ) ;
#1128 = AXIS2_PLACEMENT_3D ( 'NONE', #341, #454, #930 ) ;
#1129 = DIRECTION ( 'NONE',  ( -1.000000000000000000, 0.000000000000000000, 0.000000000000000000 ) ) ;
#1130 = CARTESIAN_POINT ( 'NONE',  ( 81.99999999999992895, 100.0000000000000426, 0.000000000000000000 ) ) ;
#1131 = ORIENTED_EDGE ( 'NONE', *, *, #1555, .T. ) ;
#1132 = EDGE_CURVE ( 'NONE', #347, #1112, #62, .T. ) ;
#1133 = AXIS2_PLACEMENT_3D ( 'NONE', #891, #1494, #913 ) ;
#1134 = DIRECTION ( 'NONE',  ( 0.000000000000000000, -1.000000000000000000, 0.000000000000000000 ) ) ;
#1135 = DIRECTION ( 'NONE',  ( -1.000000000000000000, 0.000000000000000000, 0.000000000000000000 ) ) ;
#1136 =( LENGTH_UNIT ( ) NAMED_UNIT ( * ) SI_UNIT ( .MILLI., .METRE. ) );
#1137 = CARTESIAN_POINT ( 'NONE',  ( 83.64999999999990621, 141.2500000000000284, -1.999999999999995337 ) ) ;
#1138 = CARTESIAN_POINT ( 'NONE',  ( 0.000000000000000000, 200.0000000000000000, -78.00000000000000000 ) ) ;
#1139 = VERTEX_POINT ( 'NONE', #1548 ) ;
#1140 = EDGE_LOOP ( 'NONE', ( #896, #866, #826, #679, #496, #1041, #700, #1289 ) ) ;
#1141 = CARTESIAN_POINT ( 'NONE',  ( 10.65000000000009273, 111.9999999999999858, 22.00000000000000711 ) ) ;
#1142 = EDGE_CURVE ( 'NONE', #457, #219, #489, .T. ) ;
#1143 = CARTESIAN_POINT ( 'NONE',  ( 81.99999999999994316, 58.75000000000003553, 2.000000000000004885 ) ) ;
#1144 = LINE ( 'NONE', #805, #67 ) ;
#1145 = ORIENTED_EDGE ( 'NONE', *, *, #1118, .T. ) ;
#1146 = EDGE_LOOP ( 'NONE', ( #146, #1333, #467, #608 ) ) ;
#1147 = LINE ( 'NONE', #1141, #1515 ) ;
#1148 = CARTESIAN_POINT ( 'NONE',  ( 0.000000000000000000, 200.0000000000000000, -80.00000000000000000 ) ) ;
#1149 = VERTEX_POINT ( 'NONE', #66 ) ;
#1150 = EDGE_CURVE ( 'NONE', #743, #255, #717, .T. ) ;
#1151 = ADVANCED_FACE ( 'NONE', ( #195 ), #559, .F. ) ;
#1152 = CARTESIAN_POINT ( 'NONE',  ( 125.7500000000000000, 0.7500000000000000000, 0.000000000000000000 ) ) ;
#1153 = AXIS2_PLACEMENT_3D ( 'NONE', #386, #8, #1363 ) ;
#1154 = VERTEX_POINT ( 'NONE', #706 ) ;
#1155 = VECTOR ( 'NONE', #206, 1000.000000000000000 ) ;
#1156 = FACE_OUTER_BOUND ( 'NONE', #308, .T. ) ;
#1157 = DIRECTION ( 'NONE',  ( -0.000000000000000000, -0.000000000000000000, -1.000000000000000000 ) ) ;
#1158 = PRODUCT ( 'box', 'box', '', ( #424 ) ) ;
#1159 = AXIS2_PLACEMENT_3D ( 'NONE', #1084, #472, #741 ) ;
#1160 = FACE_BOUND ( 'NONE', #411, .T. ) ;
#1161 = ADVANCED_FACE ( 'NONE', ( #831 ), #1181, .F. ) ;
#1162 = ORIENTED_EDGE ( 'NONE', *, *, #329, .T. ) ;
#1163 = FACE_BOUND ( 'NONE', #920, .T. ) ;
#1164 = VERTEX_POINT ( 'NONE', #577 ) ;
#1165 = CYLINDRICAL_SURFACE ( 'NONE', #15, 1.649999999999988365 ) ;
#1166 = CYLINDRICAL_SURFACE ( 'NONE', #247, 1.649999999999991696 ) ;
#1167 = CARTESIAN_POINT ( 'NONE',  ( 117.6499999999999915, 92.00000000000002842, 22.00000000000000711 ) ) ;
#1168 = LINE ( 'NONE', #1285, #335 ) ;
#1169 = ORIENTED_EDGE ( 'NONE', *, *, #1463, .T. ) ;
#1170 = ADVANCED_FACE ( 'NONE', ( #1420 ), #954, .T. ) ;
#1171 = EDGE_CURVE ( 'NONE', #227, #1523, #1195, .T. ) ;
#1172 = ORIENTED_EDGE ( 'NONE', *, *, #366, .T. ) ;
#1173 = CARTESIAN_POINT ( 'NONE',  ( 43.64999999999995595, 58.75000000000002132, -1.999999999999995337 ) ) ;
#1174 = CARTESIAN_POINT ( 'NONE',  ( 97.64999999999996305, 112.0000000000000284, -1.999999999999995337 ) ) ;
#1175 = FACE_OUTER_BOUND ( 'NONE', #1146, .T. ) ;
#1176 = PLANE ( 'NONE',  #973 ) ;
#1177 = EDGE_CURVE ( 'NONE', #1088, #72, #210, .T. ) ;
#1178 = CIRCLE ( 'NONE', #1387, 0.7500000000000006661 ) ;
#1179 = ORIENTED_EDGE ( 'NONE', *, *, #1032, .F. ) ;
#1180 = DIRECTION ( 'NONE',  ( 0.000000000000000000, 0.000000000000000000, -1.000000000000000000 ) ) ;
#1181 = CYLINDRICAL_SURFACE ( 'NONE', #1038, 1.649999999999988365 ) ;
#1182 = CIRCLE ( 'NONE', #153, 1.649999999999984812 ) ;
#1183 = AXIS2_PLACEMENT_3D ( 'NONE', #466, #89, #81 ) ;
#1184 = LINE ( 'NONE', #168, #538 ) ;
#1185 = FACE_BOUND ( 'NONE', #158, .T. ) ;
#1186 = ORIENTED_EDGE ( 'NONE', *, *, #1568, .F. ) ;
#1187 = ORIENTED_EDGE ( 'NONE', *, *, #991, .T. ) ;
#1188 = DIRECTION ( 'NONE',  ( -0.000000000000000000, -0.000000000000000000, -1.000000000000000000 ) ) ;
#1189 = CYLINDRICAL_SURFACE ( 'NONE', #938, 1.650000000000002132 ) ;
#1190 = EDGE_CURVE ( 'NONE', #1430, #518, #205, .T. ) ;
#1191 = FACE_BOUND ( 'NONE', #1111, .T. ) ;
#1192 = CIRCLE ( 'NONE', #1477, 0.7500000000000006661 ) ;
#1193 = DIRECTION ( 'NONE',  ( -1.000000000000000000, 0.000000000000000000, 0.000000000000000000 ) ) ;
#1194 = VERTEX_POINT ( 'NONE', #460 ) ;
#1195 = LINE ( 'NONE', #1045, #1087 ) ;
#1196 = ORIENTED_EDGE ( 'NONE', *, *, #1444, .F. ) ;
#1197 = EDGE_CURVE ( 'NONE', #140, #192, #1446, .T. ) ;
#1198 = DIRECTION ( 'NONE',  ( 0.000000000000000000, 0.000000000000000000, -1.000000000000000000 ) ) ;
#1199 = CYLINDRICAL_SURFACE ( 'NONE', #1486, 1.649999999999998579 ) ;
#1200 = ORIENTED_EDGE ( 'NONE', *, *, #960, .T. ) ;
#1201 = VECTOR ( 'NONE', #1556, 1000.000000000000000 ) ;
#1202 = AXIS2_PLACEMENT_3D ( 'NONE', #781, #1007, #1497 ) ;
#1203 = AXIS2_PLACEMENT_3D ( 'NONE', #1086, #859, #1337 ) ;
#1204 = ORIENTED_EDGE ( 'NONE', *, *, #455, .T. ) ;
#1205 = CARTESIAN_POINT ( 'NONE',  ( 123.0000000000000000, 198.0000000000000000, -2.000000000000000000 ) ) ;
#1206 = CIRCLE ( 'NONE', #24, 1.649999999999998579 ) ;
#1207 = VERTEX_POINT ( 'NONE', #348 ) ;
#1208 = VECTOR ( 'NONE', #1501, 1000.000000000000000 ) ;
#1209 = CARTESIAN_POINT ( 'NONE',  ( 81.99999999999992895, 100.0000000000000426, -1.999999999999995337 ) ) ;
#1210 = ORIENTED_EDGE ( 'NONE', *, *, #1190, .T. ) ;
#1211 = VERTEX_POINT ( 'NONE', #1302 ) ;
#1212 = LINE ( 'NONE', #1091, #209 ) ;
#1213 = DIRECTION ( 'NONE',  ( -1.000000000000000000, 0.000000000000000000, 0.000000000000000000 ) ) ;
#1214 = EDGE_LOOP ( 'NONE', ( #391, #1442 ) ) ;
#1215 = CARTESIAN_POINT ( 'NONE',  ( 0.000000000000000000, 0.000000000000000000, 0.000000000000000000 ) ) ;
#1216 = PLANE ( 'NONE',  #897 ) ;
#1217 = CARTESIAN_POINT ( 'NONE',  ( 81.99999999999992895, 100.0000000000000426, 2.000000000000004885 ) ) ;
#1218 = EDGE_LOOP ( 'NONE', ( #1104, #1099, #56, #156 ) ) ;
#1219 = ADVANCED_FACE ( 'NONE', ( #188 ), #1189, .F. ) ;
#1220 = AXIS2_PLACEMENT_3D ( 'NONE', #681, #1540, #929 ) ;
#1221 = VERTEX_POINT ( 'NONE', #1174 ) ;
#1222 = DIRECTION ( 'NONE',  ( -0.000000000000000000, -0.000000000000000000, -1.000000000000000000 ) ) ;
#1223 = LINE ( 'NONE', #372, #410 ) ;
#1224 = CARTESIAN_POINT ( 'NONE',  ( 10.65000000000008562, 92.00000000000000000, -1.999999999999995337 ) ) ;
#1225 = DIRECTION ( 'NONE',  ( -1.000000000000000000, 0.000000000000000000, 0.000000000000000000 ) ) ;
#1226 = ORIENTED_EDGE ( 'NONE', *, *, #1303, .T. ) ;
#1227 = ORIENTED_EDGE ( 'NONE', *, *, #692, .F. ) ;
#1228 = ADVANCED_FACE ( 'NONE', ( #218 ), #1166, .F. ) ;
#1229 = EDGE_LOOP ( 'NONE', ( #106, #1451, #599, #201 ) ) ;
#1230 = DIRECTION ( 'NONE',  ( -0.000000000000000000, -0.000000000000000000, -1.000000000000000000 ) ) ;
#1231 = CIRCLE ( 'NONE', #998, 1.649999999999991696 ) ;
#1232 = EDGE_CURVE ( 'NONE', #1211, #1299, #383, .T. ) ;
#1233 = DIRECTION ( 'NONE',  ( 1.000000000000000000, 0.000000000000000000, -0.000000000000000000 ) ) ;
#1234 = PLANE ( 'NONE',  #733 ) ;
#1235 = VERTEX_POINT ( 'NONE', #869 ) ;
#1236 = CIRCLE ( 'NONE', #1535, 0.7500000000000006661 ) ;
#1237 = DIRECTION ( 'NONE',  ( -0.000000000000000000, -0.000000000000000000, -1.000000000000000000 ) ) ;
#1238 = FACE_OUTER_BOUND ( 'NONE', #39, .T. ) ;
#1239 = CIRCLE ( 'NONE', #49, 1.650000000000002132 ) ;
#1240 = ORIENTED_EDGE ( 'NONE', *, *, #1318, .F. ) ;
#1241 = ORIENTED_EDGE ( 'NONE', *, *, #1512, .F. ) ;
#1242 = VECTOR ( 'NONE', #1487, 1000.000000000000000 ) ;
#1243 = DIRECTION ( 'NONE',  ( 0.000000000000000000, 0.000000000000000000, -1.000000000000000000 ) ) ;
#1244 = LINE ( 'NONE', #1343, #1242 ) ;
#1245 = VERTEX_POINT ( 'NONE', #229 ) ;
#1246 = EDGE_CURVE ( 'NONE', #381, #370, #744, .T. ) ;
#1247 = FACE_OUTER_BOUND ( 'NONE', #274, .T. ) ;
#1248 = CARTESIAN_POINT ( 'NONE',  ( 27.35000000000008669, 112.0000000000000000, 22.00000000000000711 ) ) ;
#1249 = ORIENTED_EDGE ( 'NONE', *, *, #1032, .T. ) ;
#1250 = ORIENTED_EDGE ( 'NONE', *, *, #1043, .F. ) ;
#1251 = DIRECTION ( 'NONE',  ( -0.000000000000000000, -0.000000000000000000, -1.000000000000000000 ) ) ;
#1252 = CARTESIAN_POINT ( 'NONE',  ( 30.65000000000009095, 112.0000000000000000, 22.00000000000000711 ) ) ;
#1253 = ADVANCED_FACE ( 'NONE', ( #969 ), #619, .F. ) ;
#1254 = CARTESIAN_POINT ( 'NONE',  ( 7.350000000000089351, 111.9999999999999858, 0.000000000000000000 ) ) ;
#1255 = ORIENTED_EDGE ( 'NONE', *, *, #1132, .F. ) ;
#1256 = VERTEX_POINT ( 'NONE', #17 ) ;
#1257 = CARTESIAN_POINT ( 'NONE',  ( 126.5000000000000000, 3.000000000000000000, -45.00000000000002132 ) ) ;
#1258 = CARTESIAN_POINT ( 'NONE',  ( 29.00000000000010303, 92.00000000000001421, 22.00000000000000711 ) ) ;
#1259 = EDGE_LOOP ( 'NONE', ( #618, #1498 ) ) ;
#1260 = CIRCLE ( 'NONE', #1342, 1.649999999999998579 ) ;
#1261 = CARTESIAN_POINT ( 'NONE',  ( 0.000000000000000000, 0.000000000000000000, 0.000000000000000000 ) ) ;
#1262 = DIRECTION ( 'NONE',  ( -0.000000000000000000, -0.000000000000000000, -1.000000000000000000 ) ) ;
#1263 = DIRECTION ( 'NONE',  ( -1.000000000000000000, -0.000000000000000000, -0.000000000000000000 ) ) ;
#1264 = ORIENTED_EDGE ( 'NONE', *, *, #1574, .T. ) ;
#1265 = EDGE_CURVE ( 'NONE', #1139, #212, #263, .T. ) ;
#1266 = ORIENTED_EDGE ( 'NONE', *, *, #794, .T. ) ;
#1267 = CARTESIAN_POINT ( 'NONE',  ( 81.99999999999991473, 141.2500000000000284, 0.000000000000000000 ) ) ;
#1268 = DIRECTION ( 'NONE',  ( -0.000000000000000000, -0.000000000000000000, -1.000000000000000000 ) ) ;
#1269 = CYLINDRICAL_SURFACE ( 'NONE', #1124, 1.649999999999998579 ) ;
#1270 = ORIENTED_EDGE ( 'NONE', *, *, #182, .T. ) ;
#1271 = EDGE_CURVE ( 'NONE', #595, #1164, #498, .T. ) ;
#1272 = DIRECTION ( 'NONE',  ( 0.000000000000000000, 0.000000000000000000, -1.000000000000000000 ) ) ;
#1273 = FACE_BOUND ( 'NONE', #623, .T. ) ;
#1274 = PRODUCT_DEFINITION_SHAPE ( 'NONE', 'NONE',  #1551 ) ;
#1275 = DIRECTION ( 'NONE',  ( 1.000000000000000000, 0.000000000000000000, 0.000000000000000000 ) ) ;
#1276 = DIRECTION ( 'NONE',  ( 0.000000000000000000, 0.000000000000000000, 1.000000000000000000 ) ) ;
#1277 = ORIENTED_EDGE ( 'NONE', *, *, #784, .T. ) ;
#1278 = CARTESIAN_POINT ( 'NONE',  ( 125.7500000000000000, 3.000000000000000000, -35.00000000000001421 ) ) ;
#1279 = ORIENTED_EDGE ( 'NONE', *, *, #1282, .T. ) ;
#1280 = SURFACE_STYLE_USAGE ( .BOTH. , #303 ) ;
#1281 = EDGE_CURVE ( 'NONE', #815, #1468, #1212, .T. ) ;
#1282 = EDGE_CURVE ( 'NONE', #352, #1526, #269, .T. ) ;
#1283 = LINE ( 'NONE', #796, #900 ) ;
#1284 = CARTESIAN_POINT ( 'NONE',  ( 29.00000000000010303, 92.00000000000001421, 0.000000000000000000 ) ) ;
#1285 = CARTESIAN_POINT ( 'NONE',  ( 125.0000000000000000, 200.0000000000000000, -80.00000000000000000 ) ) ;
#1286 = EDGE_LOOP ( 'NONE', ( #1035, #1399, #917, #468 ) ) ;
#1287 = CIRCLE ( 'NONE', #671, 1.649999999999998579 ) ;
#1288 = CARTESIAN_POINT ( 'NONE',  ( 123.0000000000000000, 200.0000000000000000, -78.00000000000000000 ) ) ;
#1289 = ORIENTED_EDGE ( 'NONE', *, *, #849, .F. ) ;
#1290 = PLANE ( 'NONE',  #615 ) ;
#1291 = CIRCLE ( 'NONE', #1057, 1.649999999999988365 ) ;
#1292 = DIRECTION ( 'NONE',  ( -1.000000000000000000, -0.000000000000000000, -0.000000000000000000 ) ) ;
#1293 = CYLINDRICAL_SURFACE ( 'NONE', #262, 1.650000000000002132 ) ;
#1294 = EDGE_CURVE ( 'NONE', #518, #1478, #175, .T. ) ;
#1295 = EDGE_CURVE ( 'NONE', #596, #463, #392, .T. ) ;
#1296 = DIRECTION ( 'NONE',  ( 0.000000000000000000, -1.000000000000000000, 0.000000000000000000 ) ) ;
#1297 = DIRECTION ( 'NONE',  ( 0.000000000000000000, 0.000000000000000000, 1.000000000000000000 ) ) ;
#1298 = FACE_BOUND ( 'NONE', #993, .T. ) ;
#1299 = VERTEX_POINT ( 'NONE', #1575 ) ;
#1300 =( NAMED_UNIT ( * ) PLANE_ANGLE_UNIT ( ) SI_UNIT ( $, .RADIAN. ) );
#1301 = LINE ( 'NONE', #1054, #1499 ) ;
#1302 = CARTESIAN_POINT ( 'NONE',  ( 123.0000000000000000, 0.000000000000000000, -78.00000000000000000 ) ) ;
#1303 = EDGE_CURVE ( 'NONE', #463, #1088, #1479, .T. ) ;
#1304 = DIRECTION ( 'NONE',  ( -1.000000000000000000, 0.000000000000000000, 0.000000000000000000 ) ) ;
#1305 = FACE_BOUND ( 'NONE', #1349, .T. ) ;
#1306 = ORIENTED_EDGE ( 'NONE', *, *, #1528, .F. ) ;
#1307 = VERTEX_POINT ( 'NONE', #1205 ) ;
#1308 = LINE ( 'NONE', #436, #1365 ) ;
#1309 = DIRECTION ( 'NONE',  ( -0.000000000000000000, -1.000000000000000000, -0.000000000000000000 ) ) ;
#1310 = CIRCLE ( 'NONE', #252, 1.649999999999984812 ) ;
#1311 = CARTESIAN_POINT ( 'NONE',  ( 117.6499999999999915, 92.00000000000002842, -1.999999999999995337 ) ) ;
#1312 = CLOSED_SHELL ( 'NONE', ( #37, #1253, #877, #1097, #1404, #563, #378, #1521, #21, #643, #1228, #322, #74, #416, #260, #663, #399, #1151, #1109, #1390, #1484, #1080, #931, #143, #1170, #1056, #994, #683, #541, #653, #382, #1219, #295, #773, #1354, #530, #1161, #1116, #1022, #521, #390, #1381, #753, #339, #675, #1557 ) ) ;
#1313 = VERTEX_POINT ( 'NONE', #478 ) ;
#1314 = VECTOR ( 'NONE', #59, 1000.000000000000000 ) ;
#1315 = EDGE_LOOP ( 'NONE', ( #345, #48, #814, #112 ) ) ;
#1316 = EDGE_CURVE ( 'NONE', #862, #669, #1239, .T. ) ;
#1317 = AXIS2_PLACEMENT_3D ( 'NONE', #251, #1237, #129 ) ;
#1318 = EDGE_CURVE ( 'NONE', #370, #381, #594, .T. ) ;
#1319 = LINE ( 'NONE', #480, #1013 ) ;
#1320 = DIRECTION ( 'NONE',  ( -0.000000000000000000, -0.000000000000000000, -1.000000000000000000 ) ) ;
#1321 =( GEOMETRIC_REPRESENTATION_CONTEXT ( 3 ) GLOBAL_UNCERTAINTY_ASSIGNED_CONTEXT ( ( #516 ) ) GLOBAL_UNIT_ASSIGNED_CONTEXT ( ( #1136, #682, #769 ) ) REPRESENTATION_CONTEXT ( 'NONE', 'WORKASPACE' ) );
#1322 = APPLICATION_CONTEXT ( 'automotive_design' ) ;
#1323 = FACE_OUTER_BOUND ( 'NONE', #232, .T. ) ;
#1324 = ORIENTED_EDGE ( 'NONE', *, *, #951, .T. ) ;
#1325 = EDGE_LOOP ( 'NONE', ( #1034, #294, #959, #40 ) ) ;
#1326 = EDGE_CURVE ( 'NONE', #1149, #163, #318, .T. ) ;
#1327 = DIRECTION ( 'NONE',  ( -0.000000000000000000, -0.000000000000000000, -1.000000000000000000 ) ) ;
#1328 = ORIENTED_EDGE ( 'NONE', *, *, #462, .T. ) ;
#1329 = DIRECTION ( 'NONE',  ( -1.000000000000000000, 0.000000000000000000, 0.000000000000000000 ) ) ;
#1330 = DIRECTION ( 'NONE',  ( 0.000000000000000000, 0.000000000000000000, -1.000000000000000000 ) ) ;
#1331 = ORIENTED_EDGE ( 'NONE', *, *, #761, .T. ) ;
#1332 = VERTEX_POINT ( 'NONE', #861 ) ;
#1333 = ORIENTED_EDGE ( 'NONE', *, *, #941, .T. ) ;
#1334 = EDGE_LOOP ( 'NONE', ( #1520, #1075 ) ) ;
#1335 = EDGE_CURVE ( 'NONE', #669, #862, #674, .T. ) ;
#1336 = DIRECTION ( 'NONE',  ( -1.000000000000000000, 0.000000000000000000, 0.000000000000000000 ) ) ;
#1337 = DIRECTION ( 'NONE',  ( -1.000000000000000000, 0.000000000000000000, 0.000000000000000000 ) ) ;
#1338 = EDGE_LOOP ( 'NONE', ( #296, #470, #97, #573 ) ) ;
#1339 = AXIS2_PLACEMENT_3D ( 'NONE', #145, #933, #658 ) ;
#1340 = ORIENTED_EDGE ( 'NONE', *, *, #1089, .T. ) ;
#1341 = CARTESIAN_POINT ( 'NONE',  ( 95.99999999999997158, 112.0000000000000284, 22.00000000000000711 ) ) ;
#1342 = AXIS2_PLACEMENT_3D ( 'NONE', #1072, #840, #1336 ) ;
#1343 = CARTESIAN_POINT ( 'NONE',  ( 94.34999999999999432, 92.00000000000002842, 22.00000000000000711 ) ) ;
#1344 = AXIS2_PLACEMENT_3D ( 'NONE', #981, #1470, #371 ) ;
#1345 = EDGE_CURVE ( 'NONE', #677, #22, #123, .T. ) ;
#1346 = DIRECTION ( 'NONE',  ( 0.000000000000000000, -0.000000000000000000, -1.000000000000000000 ) ) ;
#1347 = CARTESIAN_POINT ( 'NONE',  ( 27.35000000000010090, 92.00000000000001421, 0.000000000000000000 ) ) ;
#1348 = CARTESIAN_POINT ( 'NONE',  ( 125.7500000000000000, 0.000000000000000000, -45.00000000000002132 ) ) ;
#1349 = EDGE_LOOP ( 'NONE', ( #536, #217 ) ) ;
#1350 = EDGE_LOOP ( 'NONE', ( #792, #1227, #1187, #841 ) ) ;
#1351 = CARTESIAN_POINT ( 'NONE',  ( 125.7500000000000000, 0.000000000000000000, 0.000000000000000000 ) ) ;
#1352 = CARTESIAN_POINT ( 'NONE',  ( 115.9999999999999858, 92.00000000000002842, 0.000000000000000000 ) ) ;
#1353 = CARTESIAN_POINT ( 'NONE',  ( 115.9999999999999858, 92.00000000000002842, 22.00000000000000711 ) ) ;
#1354 = ADVANCED_FACE ( 'NONE', ( #354 ), #844, .F. ) ;
#1355 = FACE_OUTER_BOUND ( 'NONE', #207, .T. ) ;
#1356 = VERTEX_POINT ( 'NONE', #286 ) ;
#1357 = VECTOR ( 'NONE', #693, 1000.000000000000000 ) ;
#1358 = EDGE_CURVE ( 'NONE', #1112, #246, #786, .T. ) ;
#1359 = ORIENTED_EDGE ( 'NONE', *, *, #1150, .T. ) ;
#1360 = CARTESIAN_POINT ( 'NONE',  ( 9.000000000000090594, 111.9999999999999858, 22.00000000000000711 ) ) ;
#1361 = LINE ( 'NONE', #1471, #581 ) ;
#1362 = CARTESIAN_POINT ( 'NONE',  ( 115.9999999999999858, 112.0000000000000142, 0.000000000000000000 ) ) ;
#1363 = DIRECTION ( 'NONE',  ( -1.000000000000000000, 0.000000000000000000, 0.000000000000000000 ) ) ;
#1364 = ORIENTED_EDGE ( 'NONE', *, *, #124, .T. ) ;
#1365 = VECTOR ( 'NONE', #558, 1000.000000000000000 ) ;
#1366 = EDGE_CURVE ( 'NONE', #765, #465, #620, .T. ) ;
#1367 = ORIENTED_EDGE ( 'NONE', *, *, #1118, .F. ) ;
#1368 = CARTESIAN_POINT ( 'NONE',  ( 81.99999999999992895, 100.0000000000000426, -1.999999999999995337 ) ) ;
#1369 = CARTESIAN_POINT ( 'NONE',  ( 126.5000000000000000, 0.7499999999999997780, -45.00000000000002132 ) ) ;
#1370 = AXIS2_PLACEMENT_3D ( 'NONE', #578, #1066, #47 ) ;
#1371 = VECTOR ( 'NONE', #1251, 1000.000000000000000 ) ;
#1372 = DIRECTION ( 'NONE',  ( -1.000000000000000000, 0.000000000000000000, 0.000000000000000000 ) ) ;
#1373 = VERTEX_POINT ( 'NONE', #547 ) ;
#1374 = DIRECTION ( 'NONE',  ( -1.000000000000000000, 0.000000000000000000, 0.000000000000000000 ) ) ;
#1375 = EDGE_CURVE ( 'NONE', #463, #1207, #159, .T. ) ;
#1376 = DIRECTION ( 'NONE',  ( -0.000000000000000000, -0.000000000000000000, -1.000000000000000000 ) ) ;
#1377 = CARTESIAN_POINT ( 'NONE',  ( 41.99999999999994316, 100.0000000000000284, 2.000000000000004885 ) ) ;
#1378 = VERTEX_POINT ( 'NONE', #899 ) ;
#1379 = ORIENTED_EDGE ( 'NONE', *, *, #1436, .T. ) ;
#1380 = LINE ( 'NONE', #167, #363 ) ;
#1381 = ADVANCED_FACE ( 'NONE', ( #148 ), #428, .T. ) ;
#1382 = CYLINDRICAL_SURFACE ( 'NONE', #44, 1.650000000000012568 ) ;
#1383 = CARTESIAN_POINT ( 'NONE',  ( 125.7500000000000000, 0.000000000000000000, -34.25000000000001421 ) ) ;
#1384 = ORIENTED_EDGE ( 'NONE', *, *, #455, .F. ) ;
#1385 = CARTESIAN_POINT ( 'NONE',  ( 0.000000000000000000, 200.0000000000000000, 0.000000000000000000 ) ) ;
#1386 = DIRECTION ( 'NONE',  ( -1.000000000000000000, 0.000000000000000000, 0.000000000000000000 ) ) ;
#1387 = AXIS2_PLACEMENT_3D ( 'NONE', #1383, #387, #254 ) ;
#1388 = DIRECTION ( 'NONE',  ( -0.000000000000000000, -0.000000000000000000, -1.000000000000000000 ) ) ;
#1389 = VECTOR ( 'NONE', #109, 1000.000000000000000 ) ;
#1390 = ADVANCED_FACE ( 'NONE', ( #759 ), #520, .F. ) ;
#1391 = DIRECTION ( 'NONE',  ( -0.000000000000000000, -0.000000000000000000, -1.000000000000000000 ) ) ;
#1392 = EDGE_CURVE ( 'NONE', #595, #837, #514, .T. ) ;
#1393 = ORIENTED_EDGE ( 'NONE', *, *, #1335, .F. ) ;
#1394 = STYLED_ITEM ( 'NONE', ( #141 ), #1460 ) ;
#1395 = ORIENTED_EDGE ( 'NONE', *, *, #1171, .T. ) ;
#1396 = FACE_OUTER_BOUND ( 'NONE', #617, .T. ) ;
#1397 = FACE_BOUND ( 'NONE', #16, .T. ) ;
#1398 = DIRECTION ( 'NONE',  ( -0.000000000000000000, -0.000000000000000000, -1.000000000000000000 ) ) ;
#1399 = ORIENTED_EDGE ( 'NONE', *, *, #1392, .F. ) ;
#1400 = EDGE_CURVE ( 'NONE', #1071, #1221, #662, .T. ) ;
#1401 = FACE_BOUND ( 'NONE', #369, .T. ) ;
#1402 = ORIENTED_EDGE ( 'NONE', *, *, #12, .T. ) ;
#1403 = SURFACE_STYLE_FILL_AREA ( #906 ) ;
#1404 = ADVANCED_FACE ( 'NONE', ( #1396 ), #421, .F. ) ;
#1405 = FACE_BOUND ( 'NONE', #169, .T. ) ;
#1406 = ORIENTED_EDGE ( 'NONE', *, *, #593, .T. ) ;
#1407 = AXIS2_PLACEMENT_3D ( 'NONE', #240, #760, #393 ) ;
#1408 = EDGE_LOOP ( 'NONE', ( #361, #586, #627, #1340 ) ) ;
#1409 = FACE_BOUND ( 'NONE', #882, .T. ) ;
#1410 = ORIENTED_EDGE ( 'NONE', *, *, #1282, .F. ) ;
#1411 = EDGE_CURVE ( 'NONE', #610, #1545, #1182, .T. ) ;
#1412 = CARTESIAN_POINT ( 'NONE',  ( 43.64999999999995595, 58.75000000000002132, 2.000000000000004885 ) ) ;
#1413 = FACE_BOUND ( 'NONE', #986, .T. ) ;
#1414 = AXIS2_PLACEMENT_3D ( 'NONE', #259, #732, #875 ) ;
#1415 = CIRCLE ( 'NONE', #1370, 1.649999999999998579 ) ;
#1416 = CARTESIAN_POINT ( 'NONE',  ( 29.00000000000010303, 92.00000000000001421, 0.000000000000000000 ) ) ;
#1417 = ORIENTED_EDGE ( 'NONE', *, *, #1295, .F. ) ;
#1418 =( LENGTH_UNIT ( ) NAMED_UNIT ( * ) SI_UNIT ( .MILLI., .METRE. ) );
#1419 = AXIS2_PLACEMENT_3D ( 'NONE', #1036, #1003, #670 ) ;
#1420 = FACE_OUTER_BOUND ( 'NONE', #88, .T. ) ;
#1421 = EDGE_CURVE ( 'NONE', #139, #690, #488, .T. ) ;
#1422 = CARTESIAN_POINT ( 'NONE',  ( 117.6500000000000057, 112.0000000000000142, -1.999999999999995337 ) ) ;
#1423 = ORIENTED_EDGE ( 'NONE', *, *, #220, .F. ) ;
#1424 = DIRECTION ( 'NONE',  ( -1.000000000000000000, 0.000000000000000000, 0.000000000000000000 ) ) ;
#1425 = CARTESIAN_POINT ( 'NONE',  ( 0.000000000000000000, 200.0000000000000000, -80.00000000000000000 ) ) ;
#1426 = CIRCLE ( 'NONE', #35, 1.649999999999998579 ) ;
#1427 = EDGE_CURVE ( 'NONE', #862, #381, #1147, .T. ) ;
#1428 = CARTESIAN_POINT ( 'NONE',  ( 114.3499999999999943, 92.00000000000002842, -1.999999999999995337 ) ) ;
#1429 = DIRECTION ( 'NONE',  ( -0.000000000000000000, 0.000000000000000000, 1.000000000000000000 ) ) ;
#1430 = VERTEX_POINT ( 'NONE', #297 ) ;
#1431 = ORIENTED_EDGE ( 'NONE', *, *, #849, .T. ) ;
#1432 = FACE_OUTER_BOUND ( 'NONE', #890, .T. ) ;
#1433 = CARTESIAN_POINT ( 'NONE',  ( 9.000000000000097700, 92.00000000000000000, 22.00000000000000711 ) ) ;
#1434 = CARTESIAN_POINT ( 'NONE',  ( 83.64999999999993463, 100.0000000000000426, 0.000000000000000000 ) ) ;
#1435 = VECTOR ( 'NONE', #1103, 1000.000000000000000 ) ;
#1436 = EDGE_CURVE ( 'NONE', #266, #1071, #73, .T. ) ;
#1437 = CIRCLE ( 'NONE', #224, 1.649999999999984812 ) ;
#1438 = ORIENTED_EDGE ( 'NONE', *, *, #972, .F. ) ;
#1439 = CARTESIAN_POINT ( 'NONE',  ( 29.00000000000008882, 112.0000000000000000, 22.00000000000000711 ) ) ;
#1440 = MECHANICAL_DESIGN_GEOMETRIC_PRESENTATION_REPRESENTATION (  '', ( #1394 ), #697 ) ;
#1441 = DIRECTION ( 'NONE',  ( -1.000000000000000000, 0.000000000000000000, 0.000000000000000000 ) ) ;
#1442 = ORIENTED_EDGE ( 'NONE', *, *, #1411, .F. ) ;
#1443 = ORIENTED_EDGE ( 'NONE', *, *, #600, .F. ) ;
#1444 = EDGE_CURVE ( 'NONE', #690, #139, #1100, .T. ) ;
#1445 = ORIENTED_EDGE ( 'NONE', *, *, #770, .F. ) ;
#1446 = LINE ( 'NONE', #583, #768 ) ;
#1447 = ORIENTED_EDGE ( 'NONE', *, *, #593, .F. ) ;
#1448 = CARTESIAN_POINT ( 'NONE',  ( 41.99999999999994316, 100.0000000000000284, -1.999999999999995337 ) ) ;
#1449 = DIRECTION ( 'NONE',  ( -1.000000000000000000, 0.000000000000000000, 0.000000000000000000 ) ) ;
#1450 = ORIENTED_EDGE ( 'NONE', *, *, #1542, .F. ) ;
#1451 = ORIENTED_EDGE ( 'NONE', *, *, #553, .F. ) ;
#1452 = DIRECTION ( 'NONE',  ( 0.000000000000000000, -1.000000000000000000, 0.000000000000000000 ) ) ;
#1453 = EDGE_CURVE ( 'NONE', #544, #1313, #412, .T. ) ;
#1454 = DIRECTION ( 'NONE',  ( 1.000000000000000000, 0.000000000000000000, 0.000000000000000000 ) ) ;
#1455 = DIRECTION ( 'NONE',  ( 0.000000000000000000, 0.000000000000000000, 1.000000000000000000 ) ) ;
#1456 = LINE ( 'NONE', #226, #591 ) ;
#1457 = VERTEX_POINT ( 'NONE', #537 ) ;
#1458 = ORIENTED_EDGE ( 'NONE', *, *, #1358, .F. ) ;
#1459 = DIRECTION ( 'NONE',  ( -1.000000000000000000, 0.000000000000000000, 0.000000000000000000 ) ) ;
#1460 = MANIFOLD_SOLID_BREP ( 'Fillet1', #1312 ) ;
#1461 = VECTOR ( 'NONE', #819, 1000.000000000000000 ) ;
#1462 = DIRECTION ( 'NONE',  ( 0.000000000000000000, 0.000000000000000000, -1.000000000000000000 ) ) ;
#1463 = EDGE_CURVE ( 'NONE', #1378, #347, #687, .T. ) ;
#1464 = AXIS2_PLACEMENT_3D ( 'NONE', #1570, #1114, #1374 ) ;
#1465 = FACE_OUTER_BOUND ( 'NONE', #1140, .T. ) ;
#1466 = DIRECTION ( 'NONE',  ( -1.000000000000000000, 0.000000000000000000, -0.000000000000000000 ) ) ;
#1467 = DIRECTION ( 'NONE',  ( 0.000000000000000000, 0.000000000000000000, 1.000000000000000000 ) ) ;
#1468 = VERTEX_POINT ( 'NONE', #404 ) ;
#1469 = EDGE_LOOP ( 'NONE', ( #1095, #1438, #1249, #1008 ) ) ;
#1470 = DIRECTION ( 'NONE',  ( 0.000000000000000000, 0.000000000000000000, -1.000000000000000000 ) ) ;
#1471 = CARTESIAN_POINT ( 'NONE',  ( 0.000000000000000000, 198.0000000000000000, -2.000000000000000000 ) ) ;
#1472 = CARTESIAN_POINT ( 'NONE',  ( 7.350000000000089351, 111.9999999999999858, -1.999999999999995337 ) ) ;
#1473 = VECTOR ( 'NONE', #1188, 1000.000000000000000 ) ;
#1474 = DIRECTION ( 'NONE',  ( -0.000000000000000000, -0.000000000000000000, -1.000000000000000000 ) ) ;
#1475 = DIRECTION ( 'NONE',  ( -1.000000000000000000, 0.000000000000000000, 0.000000000000000000 ) ) ;
#1476 = ORIENTED_EDGE ( 'NONE', *, *, #827, .F. ) ;
#1477 = AXIS2_PLACEMENT_3D ( 'NONE', #364, #261, #997 ) ;
#1478 = VERTEX_POINT ( 'NONE', #1173 ) ;
#1479 = LINE ( 'NONE', #995, #876 ) ;
#1480 = CARTESIAN_POINT ( 'NONE',  ( 125.7500000000000000, 3.000000000000000000, -45.00000000000002132 ) ) ;
#1481 = DIRECTION ( 'NONE',  ( -1.000000000000000000, 0.000000000000000000, 0.000000000000000000 ) ) ;
#1482 = CYLINDRICAL_SURFACE ( 'NONE', #1339, 0.7500000000000006661 ) ;
#1483 = ORIENTED_EDGE ( 'NONE', *, *, #137, .T. ) ;
#1484 = ADVANCED_FACE ( 'NONE', ( #928 ), #1290, .T. ) ;
#1485 = ORIENTED_EDGE ( 'NONE', *, *, #1190, .F. ) ;
#1486 = AXIS2_PLACEMENT_3D ( 'NONE', #469, #475, #853 ) ;
#1487 = DIRECTION ( 'NONE',  ( -0.000000000000000000, -0.000000000000000000, -1.000000000000000000 ) ) ;
#1488 = VECTOR ( 'NONE', #772, 1000.000000000000000 ) ;
#1489 = COLOUR_RGB ( '',0.7921568627450980005, 0.8196078431372548767, 0.9333333333333333481 ) ;
#1490 = FACE_OUTER_BOUND ( 'NONE', #1286, .T. ) ;
#1491 = DIRECTION ( 'NONE',  ( -0.000000000000000000, -0.000000000000000000, -1.000000000000000000 ) ) ;
#1492 = ORIENTED_EDGE ( 'NONE', *, *, #924, .T. ) ;
#1493 = ORIENTED_EDGE ( 'NONE', *, *, #631, .T. ) ;
#1494 = DIRECTION ( 'NONE',  ( -0.000000000000000000, -0.000000000000000000, -1.000000000000000000 ) ) ;
#1495 = EDGE_CURVE ( 'NONE', #1112, #512, #309, .T. ) ;
#1496 = CARTESIAN_POINT ( 'NONE',  ( 0.000000000000000000, 200.0000000000000000, -80.00000000000000000 ) ) ;
#1497 = DIRECTION ( 'NONE',  ( 1.000000000000000000, 0.000000000000000000, 0.000000000000000000 ) ) ;
#1498 = ORIENTED_EDGE ( 'NONE', *, *, #211, .F. ) ;
#1499 = VECTOR ( 'NONE', #1292, 1000.000000000000000 ) ;
#1500 = ORIENTED_EDGE ( 'NONE', *, *, #718, .T. ) ;
#1501 = DIRECTION ( 'NONE',  ( -0.000000000000000000, -0.000000000000000000, 1.000000000000000000 ) ) ;
#1502 = CARTESIAN_POINT ( 'NONE',  ( 9.000000000000090594, 111.9999999999999858, 22.00000000000000711 ) ) ;
#1503 = DIRECTION ( 'NONE',  ( 0.000000000000000000, 1.000000000000000000, 0.000000000000000000 ) ) ;
#1504 = DIRECTION ( 'NONE',  ( -1.000000000000000000, 0.000000000000000000, 0.000000000000000000 ) ) ;
#1505 = DIRECTION ( 'NONE',  ( 1.000000000000000000, 0.000000000000000000, -0.000000000000000000 ) ) ;
#1506 = ORIENTED_EDGE ( 'NONE', *, *, #1246, .F. ) ;
#1507 = ORIENTED_EDGE ( 'NONE', *, *, #1177, .F. ) ;
#1508 = DIRECTION ( 'NONE',  ( 0.000000000000000000, 0.000000000000000000, -1.000000000000000000 ) ) ;
#1509 = DIRECTION ( 'NONE',  ( -0.000000000000000000, -0.000000000000000000, -1.000000000000000000 ) ) ;
#1510 = EDGE_CURVE ( 'NONE', #1256, #140, #752, .T. ) ;
#1511 = VECTOR ( 'NONE', #1263, 1000.000000000000000 ) ;
#1512 = EDGE_CURVE ( 'NONE', #255, #743, #1291, .T. ) ;
#1513 = DIRECTION ( 'NONE',  ( -1.000000000000000000, 0.000000000000000000, 0.000000000000000000 ) ) ;
#1514 = ORIENTED_EDGE ( 'NONE', *, *, #1316, .T. ) ;
#1515 = VECTOR ( 'NONE', #36, 1000.000000000000000 ) ;
#1516 = CARTESIAN_POINT ( 'NONE',  ( 94.34999999999999432, 92.00000000000002842, 0.000000000000000000 ) ) ;
#1517 = ORIENTED_EDGE ( 'NONE', *, *, #903, .T. ) ;
#1518 = DIRECTION ( 'NONE',  ( -1.000000000000000000, 0.000000000000000000, 0.000000000000000000 ) ) ;
#1519 = ORIENTED_EDGE ( 'NONE', *, *, #1053, .T. ) ;
#1520 = ORIENTED_EDGE ( 'NONE', *, *, #543, .F. ) ;
#1521 = ADVANCED_FACE ( 'NONE', ( #921 ), #1293, .F. ) ;
#1522 = CARTESIAN_POINT ( 'NONE',  ( 81.99999999999994316, 58.75000000000003553, -1.999999999999995337 ) ) ;
#1523 = VERTEX_POINT ( 'NONE', #181 ) ;
#1524 = CARTESIAN_POINT ( 'NONE',  ( 97.64999999999996305, 112.0000000000000284, 22.00000000000000711 ) ) ;
#1525 = DIRECTION ( 'NONE',  ( -1.000000000000000000, 0.000000000000000000, 0.000000000000000000 ) ) ;
#1526 = VERTEX_POINT ( 'NONE', #560 ) ;
#1527 = CARTESIAN_POINT ( 'NONE',  ( 80.34999999999993747, 141.2500000000000284, 0.000000000000000000 ) ) ;
#1528 = EDGE_CURVE ( 'NONE', #740, #1235, #406, .T. ) ;
#1529 = ORIENTED_EDGE ( 'NONE', *, *, #1011, .T. ) ;
#1530 = DIRECTION ( 'NONE',  ( 0.000000000000000000, 0.000000000000000000, -1.000000000000000000 ) ) ;
#1531 = CARTESIAN_POINT ( 'NONE',  ( 43.64999999999992042, 141.2500000000000284, 2.000000000000004885 ) ) ;
#1532 = CIRCLE ( 'NONE', #587, 1.650000000000002132 ) ;
#1533 = FACE_OUTER_BOUND ( 'NONE', #961, .T. ) ;
#1534 = CIRCLE ( 'NONE', #223, 1.650000000000002132 ) ;
#1535 = AXIS2_PLACEMENT_3D ( 'NONE', #328, #1309, #1276 ) ;
#1536 = DIRECTION ( 'NONE',  ( 0.000000000000000000, 0.000000000000000000, -1.000000000000000000 ) ) ;
#1537 = CARTESIAN_POINT ( 'NONE',  ( 0.000000000000000000, 200.0000000000000000, 0.000000000000000000 ) ) ;
#1538 = AXIS2_PLACEMENT_3D ( 'NONE', #1209, #736, #1329 ) ;
#1539 =( NAMED_UNIT ( * ) SI_UNIT ( $, .STERADIAN. ) SOLID_ANGLE_UNIT ( ) );
#1540 = DIRECTION ( 'NONE',  ( 0.000000000000000000, 0.000000000000000000, -1.000000000000000000 ) ) ;
#1541 = DIRECTION ( 'NONE',  ( -1.000000000000000000, -0.000000000000000000, -0.000000000000000000 ) ) ;
#1542 = EDGE_CURVE ( 'NONE', #22, #1245, #1380, .T. ) ;
#1543 = DIRECTION ( 'NONE',  ( 0.000000000000000000, 0.000000000000000000, -1.000000000000000000 ) ) ;
#1544 = FACE_BOUND ( 'NONE', #774, .T. ) ;
#1545 = VERTEX_POINT ( 'NONE', #299 ) ;
#1546 = ORIENTED_EDGE ( 'NONE', *, *, #1232, .F. ) ;
#1547 = DIRECTION ( 'NONE',  ( 0.000000000000000000, 0.000000000000000000, -1.000000000000000000 ) ) ;
#1548 = CARTESIAN_POINT ( 'NONE',  ( 80.34999999999995168, 58.75000000000003553, 0.000000000000000000 ) ) ;
#1549 = CIRCLE ( 'NONE', #1113, 1.650000000000002132 ) ;
#1550 = AXIS2_PLACEMENT_3D ( 'NONE', #249, #870, #1462 ) ;
#1551 = PRODUCT_DEFINITION ( 'UNKNOWN', '', #1027, #1126 ) ;
#1552 = ORIENTED_EDGE ( 'NONE', *, *, #1294, .T. ) ;
#1553 = CARTESIAN_POINT ( 'NONE',  ( 7.350000000000089351, 111.9999999999999858, 22.00000000000000711 ) ) ;
#1554 = DIRECTION ( 'NONE',  ( 0.000000000000000000, -0.000000000000000000, -1.000000000000000000 ) ) ;
#1555 = EDGE_CURVE ( 'NONE', #465, #1545, #789, .T. ) ;
#1556 = DIRECTION ( 'NONE',  ( -0.000000000000000000, 1.000000000000000000, -0.000000000000000000 ) ) ;
#1557 = ADVANCED_FACE ( 'NONE', ( #1533 ), #280, .T. ) ;
#1558 = DIRECTION ( 'NONE',  ( -0.000000000000000000, -0.000000000000000000, -1.000000000000000000 ) ) ;
#1559 = AXIS2_PLACEMENT_3D ( 'NONE', #737, #865, #985 ) ;
#1560 = DIRECTION ( 'NONE',  ( -0.000000000000000000, -0.000000000000000000, -1.000000000000000000 ) ) ;
#1561 = ORIENTED_EDGE ( 'NONE', *, *, #28, .T. ) ;
#1562 = VERTEX_POINT ( 'NONE', #916 ) ;
#1563 = VECTOR ( 'NONE', #793, 1000.000000000000000 ) ;
#1564 = ORIENTED_EDGE ( 'NONE', *, *, #271, .F. ) ;
#1565 = CIRCLE ( 'NONE', #880, 1.650000000000012568 ) ;
#1566 = CYLINDRICAL_SURFACE ( 'NONE', #289, 0.7500000000000006661 ) ;
#1567 = ORIENTED_EDGE ( 'NONE', *, *, #803, .T. ) ;
#1568 = EDGE_CURVE ( 'NONE', #1139, #949, #63, .T. ) ;
#1569 = EDGE_LOOP ( 'NONE', ( #1431, #889, #1255, #660 ) ) ;
#1570 = CARTESIAN_POINT ( 'NONE',  ( 41.99999999999995737, 58.75000000000002132, -1.999999999999995337 ) ) ;
#1571 = DIRECTION ( 'NONE',  ( -1.000000000000000000, 0.000000000000000000, 0.000000000000000000 ) ) ;
#1572 = DIRECTION ( 'NONE',  ( -0.000000000000000000, -0.000000000000000000, -1.000000000000000000 ) ) ;
#1573 = ORIENTED_EDGE ( 'NONE', *, *, #182, .F. ) ;
#1574 = EDGE_CURVE ( 'NONE', #246, #1378, #1283, .T. ) ;
#1575 = CARTESIAN_POINT ( 'NONE',  ( 2.000000000000000000, 0.000000000000000000, -78.00000000000000000 ) ) ;
#1576 = CARTESIAN_POINT ( 'NONE',  ( 95.99999999999997158, 92.00000000000002842, 22.00000000000000711 ) ) ;
#1577 = ORIENTED_EDGE ( 'NONE', *, *, #346, .T. ) ;
#1578 = DIRECTION ( 'NONE',  ( -1.000000000000000000, 0.000000000000000000, 0.000000000000000000 ) ) ;
#1579 = ORIENTED_EDGE ( 'NONE', *, *, #211, .T. ) ;
#1580 = CIRCLE ( 'NONE', #334, 1.649999999999984812 ) ;
#1581 = VECTOR ( 'NONE', #1491, 1000.000000000000000 ) ;
#1582 = ORIENTED_EDGE ( 'NONE', *, *, #932, .F. ) ;
#1583 = CARTESIAN_POINT ( 'NONE',  ( 9.000000000000090594, 111.9999999999999858, -1.999999999999995337 ) ) ;
#1584 = AXIS2_PLACEMENT_3D ( 'NONE', #307, #323, #562 ) ;
ENDSEC;
END-ISO-10303-21;
