ISO-10303-21;
HEADER;
FILE_DESCRIPTION (( 'STEP AP214' ),
    '1' );
FILE_NAME ('Socket.STEP',
    '2026-05-17T10:54:48',
    ( '' ),
    ( '' ),
    'SwSTEP 2.0',
    'SolidWorks 2026',
    '' );
FILE_SCHEMA (( 'AUTOMOTIVE_DESIGN' ));
ENDSEC;

DATA;
#1 = DIRECTION ( 'NONE',  ( 0.000000000000000000, 0.4999999999999950595, -0.8660254037844414832 ) ) ;
#2 = EDGE_LOOP ( 'NONE', ( #1983, #685, #3516, #3304 ) ) ;
#3 = CARTESIAN_POINT ( 'NONE',  ( 53.99999999999999289, 51.67661090932671186, -13.00000000000000000 ) ) ;
#4 = ORIENTED_EDGE ( 'NONE', *, *, #3877, .F. ) ;
#5 = VERTEX_POINT ( 'NONE', #4467 ) ;
#6 = EDGE_CURVE ( 'NONE', #1206, #1047, #3798, .T. ) ;
#7 = DIRECTION ( 'NONE',  ( 0.000000000000000000, -0.4999999999999971134, 0.8660254037844402619 ) ) ;
#8 = SHAPE_DEFINITION_REPRESENTATION ( #950, #3726 ) ;
#9 = DIRECTION ( 'NONE',  ( 0.000000000000000000, 0.000000000000000000, -1.000000000000000000 ) ) ;
#10 = CARTESIAN_POINT ( 'NONE',  ( 54.00000000000000000, 88.22636926874926644, -44.32527636935223114 ) ) ;
#11 = VECTOR ( 'NONE', #59, 1000.000000000000000 ) ;
#12 = ADVANCED_FACE ( 'NONE', ( #2424 ), #3821, .F. ) ;
#13 = LINE ( 'NONE', #1777, #2609 ) ;
#14 = ORIENTED_EDGE ( 'NONE', *, *, #2143, .F. ) ;
#15 = VERTEX_POINT ( 'NONE', #2445 ) ;
#16 = AXIS2_PLACEMENT_3D ( 'NONE', #4382, #2299, #3592 ) ;
#17 = CARTESIAN_POINT ( 'NONE',  ( 14.99999999999997868, 0.000000000000000000, 3.000000000000000000 ) ) ;
#18 = EDGE_LOOP ( 'NONE', ( #660, #1467, #1054, #1579 ) ) ;
#19 = LINE ( 'NONE', #336, #3708 ) ;
#20 = ORIENTED_EDGE ( 'NONE', *, *, #2014, .F. ) ;
#21 = CARTESIAN_POINT ( 'NONE',  ( 56.00000000000000000, 65.72636926874918117, -57.31565742611873304 ) ) ;
#22 = ORIENTED_EDGE ( 'NONE', *, *, #3763, .T. ) ;
#23 = ADVANCED_FACE ( 'NONE', ( #3845 ), #2099, .F. ) ;
#24 = EDGE_LOOP ( 'NONE', ( #2589, #639, #2175, #2330 ) ) ;
#25 = DIRECTION ( 'NONE',  ( 0.000000000000000000, -0.8660254037844414832, -0.4999999999999950595 ) ) ;
#26 = DIRECTION ( 'NONE',  ( -1.000000000000000000, 1.261617073437677752E-16, 0.000000000000000000 ) ) ;
#27 = ORIENTED_EDGE ( 'NONE', *, *, #2238, .T. ) ;
#28 = LINE ( 'NONE', #3415, #1740 ) ;
#29 = VERTEX_POINT ( 'NONE', #4264 ) ;
#30 = CARTESIAN_POINT ( 'NONE',  ( 0.000000000000000000, 81.67661090932671186, -13.00000000000000000 ) ) ;
#31 = ADVANCED_FACE ( 'NONE', ( #1847 ), #3231, .F. ) ;
#32 = DIRECTION ( 'NONE',  ( 0.000000000000000000, 0.4999999999999976130, -0.8660254037844399289 ) ) ;
#33 = ORIENTED_EDGE ( 'NONE', *, *, #565, .F. ) ;
#34 = CARTESIAN_POINT ( 'NONE',  ( 150.0000000000000000, 81.67661090932671186, -13.00000000000000000 ) ) ;
#35 = VERTEX_POINT ( 'NONE', #379 ) ;
#36 = ADVANCED_FACE ( 'NONE', ( #1525 ), #3888, .F. ) ;
#37 = VECTOR ( 'NONE', #3973, 1000.000000000000000 ) ;
#38 = CARTESIAN_POINT ( 'NONE',  ( 150.0000000000000000, 94.27468712067998524, -28.82050807568881012 ) ) ;
#39 = DIRECTION ( 'NONE',  ( 0.000000000000000000, 0.000000000000000000, -1.000000000000000000 ) ) ;
#40 = CARTESIAN_POINT ( 'NONE',  ( 2.000000000000000000, 130.6282930573960925, -19.84451425581917050 ) ) ;
#41 = EDGE_LOOP ( 'NONE', ( #1290, #3402, #333, #137 ) ) ;
#42 = DIRECTION ( 'NONE',  ( 0.000000000000000000, -0.4999999999999973910, 0.8660254037844401509 ) ) ;
#43 = EDGE_CURVE ( 'NONE', #1459, #1010, #1118, .T. ) ;
#44 = EDGE_CURVE ( 'NONE', #4294, #3564, #2528, .T. ) ;
#45 = DIRECTION ( 'NONE',  ( 1.261617073437677752E-16, 1.000000000000000000, -0.000000000000000000 ) ) ;
#46 = DIRECTION ( 'NONE',  ( 0.000000000000000000, 0.8660254037844414832, 0.4999999999999950595 ) ) ;
#47 = AXIS2_PLACEMENT_3D ( 'NONE', #2098, #3446, #695 ) ;
#48 = VERTEX_POINT ( 'NONE', #1870 ) ;
#49 = CIRCLE ( 'NONE', #2676, 2.000000000000000000 ) ;
#50 = EDGE_CURVE ( 'NONE', #959, #4294, #790, .T. ) ;
#51 = FACE_BOUND ( 'NONE', #3567, .T. ) ;
#52 = EDGE_CURVE ( 'NONE', #2056, #1833, #2888, .T. ) ;
#53 = VECTOR ( 'NONE', #1753, 1000.000000000000114 ) ;
#54 = FACE_OUTER_BOUND ( 'NONE', #3262, .T. ) ;
#55 = FACE_BOUND ( 'NONE', #1848, .T. ) ;
#56 = ORIENTED_EDGE ( 'NONE', *, *, #1819, .T. ) ;
#57 = CARTESIAN_POINT ( 'NONE',  ( 2.000000000000001776, 126.6766109093266977, -12.99999999999999822 ) ) ;
#58 = VERTEX_POINT ( 'NONE', #723 ) ;
#59 = DIRECTION ( 'NONE',  ( 0.000000000000000000, -0.8660254037844414832, -0.4999999999999950595 ) ) ;
#60 = ADVANCED_FACE ( 'NONE', ( #4326 ), #219, .F. ) ;
#61 = DIRECTION ( 'NONE',  ( -0.000000000000000000, -1.000000000000000000, -0.000000000000000000 ) ) ;
#62 = VECTOR ( 'NONE', #2092, 1000.000000000000000 ) ;
#63 = ORIENTED_EDGE ( 'NONE', *, *, #4109, .T. ) ;
#64 = DIRECTION ( 'NONE',  ( -0.000000000000000000, -0.000000000000000000, -1.000000000000000000 ) ) ;
#65 = ORIENTED_EDGE ( 'NONE', *, *, #2420, .F. ) ;
#66 = CARTESIAN_POINT ( 'NONE',  ( 47.49999999999997158, 82.49999999999998579, 3.000000000000000000 ) ) ;
#67 = VECTOR ( 'NONE', #3436, 1000.000000000000000 ) ;
#68 = CARTESIAN_POINT ( 'NONE',  ( 0.000000000000000000, 165.0000000000000000, 0.000000000000000000 ) ) ;
#69 = EDGE_CURVE ( 'NONE', #3351, #2678, #3545, .T. ) ;
#70 = EDGE_LOOP ( 'NONE', ( #4408, #3707, #499, #1230 ) ) ;
#71 = AXIS2_PLACEMENT_3D ( 'NONE', #965, #1587, #3390 ) ;
#72 = DIRECTION ( 'NONE',  ( -0.000000000000000000, 0.000000000000000000, -1.000000000000000000 ) ) ;
#73 = EDGE_CURVE ( 'NONE', #1119, #1459, #1987, .T. ) ;
#74 = VERTEX_POINT ( 'NONE', #2263 ) ;
#75 = CARTESIAN_POINT ( 'NONE',  ( 0.000000000000000000, 163.0000000000000000, 0.000000000000000000 ) ) ;
#76 = CARTESIAN_POINT ( 'NONE',  ( 7.499999999999971578, 82.49999999999998579, -1.000000000000000000 ) ) ;
#77 = VERTEX_POINT ( 'NONE', #3329 ) ;
#78 = CARTESIAN_POINT ( 'NONE',  ( 53.99999999999999289, 91.67661090932665502, -30.32050807568879947 ) ) ;
#79 = EDGE_LOOP ( 'NONE', ( #2047, #533, #2672, #2989 ) ) ;
#80 = AXIS2_PLACEMENT_3D ( 'NONE', #2594, #1571, #1869 ) ;
#81 = AXIS2_PLACEMENT_3D ( 'NONE', #3132, #1, #1401 ) ;
#82 = CARTESIAN_POINT ( 'NONE',  ( 53.99999999999999289, 144.2746871206800279, -11.49999999999999645 ) ) ;
#83 = VERTEX_POINT ( 'NONE', #931 ) ;
#84 = DIRECTION ( 'NONE',  ( -1.000000000000000000, 0.000000000000000000, -0.000000000000000000 ) ) ;
#85 = CARTESIAN_POINT ( 'NONE',  ( 54.00000000000000000, 74.37829305739593622, -52.32046689773551407 ) ) ;
#86 = EDGE_CURVE ( 'NONE', #3523, #1270, #1619, .T. ) ;
#87 = CARTESIAN_POINT ( 'NONE',  ( 15.00000000000000000, 165.0000000000000000, 3.000000000000000000 ) ) ;
#88 = FACE_OUTER_BOUND ( 'NONE', #3787, .T. ) ;
#89 = VERTEX_POINT ( 'NONE', #3677 ) ;
#90 = ADVANCED_FACE ( 'NONE', ( #4396 ), #239, .F. ) ;
#91 = EDGE_CURVE ( 'NONE', #2233, #3157, #613, .T. ) ;
#92 = FACE_OUTER_BOUND ( 'NONE', #2709, .T. ) ;
#93 = CARTESIAN_POINT ( 'NONE',  ( 51.00000000000008527, 60.00000000000000711, -40.00000000000000711 ) ) ;
#94 = ORIENTED_EDGE ( 'NONE', *, *, #1649, .T. ) ;
#95 = DIRECTION ( 'NONE',  ( 1.261617073437677752E-16, 1.000000000000000000, 0.000000000000000000 ) ) ;
#96 = EDGE_CURVE ( 'NONE', #3876, #1391, #3323, .T. ) ;
#97 = DIRECTION ( 'NONE',  ( -0.000000000000000000, -0.000000000000000000, 1.000000000000000000 ) ) ;
#98 = ORIENTED_EDGE ( 'NONE', *, *, #3611, .F. ) ;
#99 = CARTESIAN_POINT ( 'NONE',  ( 5.000000000000084377, 60.00000000000000711, -30.00000000000000711 ) ) ;
#100 = VERTEX_POINT ( 'NONE', #2595 ) ;
#101 = CARTESIAN_POINT ( 'NONE',  ( 150.0000000000000000, 66.67661090932671186, -13.00000000000000000 ) ) ;
#102 = AXIS2_PLACEMENT_3D ( 'NONE', #4419, #4051, #146 ) ;
#103 = LINE ( 'NONE', #38, #4336 ) ;
#104 = LINE ( 'NONE', #2964, #2891 ) ;
#105 = ADVANCED_FACE ( 'NONE', ( #3650 ), #1943, .F. ) ;
#106 = ORIENTED_EDGE ( 'NONE', *, *, #2835, .F. ) ;
#107 = FACE_OUTER_BOUND ( 'NONE', #3260, .T. ) ;
#108 = ORIENTED_EDGE ( 'NONE', *, *, #3806, .F. ) ;
#109 = AXIS2_PLACEMENT_3D ( 'NONE', #4375, #3654, #1241 ) ;
#110 = DIRECTION ( 'NONE',  ( -0.000000000000000000, -0.000000000000000000, -1.000000000000000000 ) ) ;
#111 = CARTESIAN_POINT ( 'NONE',  ( 150.0000000000000000, 114.2746871206800421, -11.49999999999999289 ) ) ;
#112 = DIRECTION ( 'NONE',  ( -0.000000000000000000, -0.000000000000000000, 1.000000000000000000 ) ) ;
#113 = ORIENTED_EDGE ( 'NONE', *, *, #385, .T. ) ;
#114 = CARTESIAN_POINT ( 'NONE',  ( 14.99999999999998579, -0.000000000000000000, 1.117451295116064225 ) ) ;
#115 = DIRECTION ( 'NONE',  ( 0.000000000000000000, -0.8660254037844400399, -0.4999999999999976685 ) ) ;
#116 = ORIENTED_EDGE ( 'NONE', *, *, #2135, .F. ) ;
#117 = DIRECTION ( 'NONE',  ( -1.000000000000000000, 1.261617073437677752E-16, 0.000000000000000000 ) ) ;
#118 = VECTOR ( 'NONE', #4399, 1000.000000000000000 ) ;
#119 = CARTESIAN_POINT ( 'NONE',  ( 150.0000000000000000, 91.67661090932665502, -30.32050807568879947 ) ) ;
#120 = EDGE_CURVE ( 'NONE', #3433, #2600, #2705, .T. ) ;
#121 = AXIS2_PLACEMENT_3D ( 'NONE', #3225, #3531, #2482 ) ;
#122 = PLANE ( 'NONE',  #2286 ) ;
#123 = VERTEX_POINT ( 'NONE', #3839 ) ;
#124 = CARTESIAN_POINT ( 'NONE',  ( 2.000000000000000000, 153.5483178519305625, 19.83489531258580030 ) ) ;
#125 = CARTESIAN_POINT ( 'NONE',  ( 56.00000000000000000, 151.6766109093266550, -30.32050807568879947 ) ) ;
#126 = EDGE_LOOP ( 'NONE', ( #915, #3458, #3697, #1449 ) ) ;
#127 = PLANE ( 'NONE',  #3703 ) ;
#128 = ORIENTED_EDGE ( 'NONE', *, *, #878, .T. ) ;
#129 = LINE ( 'NONE', #2948, #182 ) ;
#130 = CYLINDRICAL_SURFACE ( 'NONE', #1315, 1.649999999999999467 ) ;
#131 = ADVANCED_FACE ( 'NONE', ( #4122 ), #2379, .F. ) ;
#132 = AXIS2_PLACEMENT_3D ( 'NONE', #4381, #521, #2346 ) ;
#133 = DIRECTION ( 'NONE',  ( 0.000000000000000000, -0.000000000000000000, 1.000000000000000000 ) ) ;
#134 = DIRECTION ( 'NONE',  ( 0.000000000000000000, 0.000000000000000000, 1.000000000000000000 ) ) ;
#135 = CARTESIAN_POINT ( 'NONE',  ( 53.99999999999999289, 129.2746871206800279, -11.49999999999999289 ) ) ;
#136 = CARTESIAN_POINT ( 'NONE',  ( 150.0000000000000000, 139.2746871206799710, -28.82050807568881012 ) ) ;
#137 = ORIENTED_EDGE ( 'NONE', *, *, #3962, .F. ) ;
#138 = VECTOR ( 'NONE', #3634, 1000.000000000000000 ) ;
#139 = ORIENTED_EDGE ( 'NONE', *, *, #848, .T. ) ;
#140 = VECTOR ( 'NONE', #4255, 1000.000000000000114 ) ;
#141 = DIRECTION ( 'NONE',  ( -0.000000000000000000, -0.000000000000000000, -1.000000000000000000 ) ) ;
#142 = ORIENTED_EDGE ( 'NONE', *, *, #3307, .T. ) ;
#143 = EDGE_CURVE ( 'NONE', #657, #3993, #3915, .T. ) ;
#144 = CARTESIAN_POINT ( 'NONE',  ( 2.000000000000000000, 144.7983178519311309, 34.99033987881296781 ) ) ;
#145 = CARTESIAN_POINT ( 'NONE',  ( 2.000000000000000000, 119.3782930573960641, -26.33970478420243921 ) ) ;
#146 = DIRECTION ( 'NONE',  ( 0.000000000000000000, 0.000000000000000000, -1.000000000000000000 ) ) ;
#147 = ORIENTED_EDGE ( 'NONE', *, *, #3885, .F. ) ;
#148 = CARTESIAN_POINT ( 'NONE',  ( 5.000000000000084377, 60.00000000000000711, -35.00000000000000000 ) ) ;
#149 = EDGE_CURVE ( 'NONE', #1306, #2713, #3694, .T. ) ;
#150 = CARTESIAN_POINT ( 'NONE',  ( 52.40000000000008384, 19.00000000000000355, -40.00000000000000711 ) ) ;
#151 = CARTESIAN_POINT ( 'NONE',  ( 150.0000000000000000, 151.6766109093266550, -30.32050807568879947 ) ) ;
#152 = ORIENTED_EDGE ( 'NONE', *, *, #370, .T. ) ;
#153 = LINE ( 'NONE', #1929, #2823 ) ;
#154 = DIRECTION ( 'NONE',  ( -0.000000000000000000, -0.000000000000000000, -1.000000000000000000 ) ) ;
#155 = CIRCLE ( 'NONE', #3742, 1.399999999999998579 ) ;
#156 = PLANE ( 'NONE',  #1527 ) ;
#157 = DIRECTION ( 'NONE',  ( 1.261617073437677752E-16, 1.000000000000000000, 0.000000000000000000 ) ) ;
#158 = EDGE_CURVE ( 'NONE', #2275, #2496, #953, .T. ) ;
#159 = AXIS2_PLACEMENT_3D ( 'NONE', #3408, #228, #589 ) ;
#160 = VECTOR ( 'NONE', #789, 1000.000000000000114 ) ;
#161 = AXIS2_PLACEMENT_3D ( 'NONE', #4470, #2719, #4061 ) ;
#162 = DIRECTION ( 'NONE',  ( 0.000000000000000000, 0.8660254037844390407, 0.4999999999999993894 ) ) ;
#163 = LINE ( 'NONE', #1565, #2094 ) ;
#164 = CARTESIAN_POINT ( 'NONE',  ( 150.0000000000000000, 46.67661090932666212, -30.32050807568880302 ) ) ;
#165 = ORIENTED_EDGE ( 'NONE', *, *, #1196, .T. ) ;
#166 = ORIENTED_EDGE ( 'NONE', *, *, #4219, .F. ) ;
#167 = DIRECTION ( 'NONE',  ( 0.000000000000000000, 0.000000000000000000, 1.000000000000000000 ) ) ;
#168 = CARTESIAN_POINT ( 'NONE',  ( 47.49999999999996447, 41.24999999999999289, -1.000000000000000000 ) ) ;
#169 = ORIENTED_EDGE ( 'NONE', *, *, #3906, .T. ) ;
#170 = LINE ( 'NONE', #3930, #663 ) ;
#171 = CARTESIAN_POINT ( 'NONE',  ( 150.0000000000000000, 49.27468712067999235, -28.82050807568881368 ) ) ;
#172 = EDGE_LOOP ( 'NONE', ( #185, #3974, #833, #1413 ) ) ;
#173 = CARTESIAN_POINT ( 'NONE',  ( 56.00000000000000000, 46.67661090932666212, -30.32050807568880302 ) ) ;
#174 = CARTESIAN_POINT ( 'NONE',  ( 33.85857157145715490, 165.0000000000000000, -38.00000000000000000 ) ) ;
#175 = VERTEX_POINT ( 'NONE', #283 ) ;
#176 = LINE ( 'NONE', #1901, #3554 ) ;
#177 = ORIENTED_EDGE ( 'NONE', *, *, #43, .T. ) ;
#178 = EDGE_CURVE ( 'NONE', #941, #2615, #4291, .T. ) ;
#179 = EDGE_CURVE ( 'NONE', #4175, #4389, #1718, .T. ) ;
#180 = LINE ( 'NONE', #2968, #3056 ) ;
#181 = CARTESIAN_POINT ( 'NONE',  ( 7.499999999999974243, 123.7500000000000000, 3.000000000000000000 ) ) ;
#182 = VECTOR ( 'NONE', #1125, 1000.000000000000000 ) ;
#183 = CARTESIAN_POINT ( 'NONE',  ( 45.84999999999997300, 41.24999999999999289, -1.000000000000000000 ) ) ;
#184 = FACE_BOUND ( 'NONE', #3949, .T. ) ;
#185 = ORIENTED_EDGE ( 'NONE', *, *, #3882, .F. ) ;
#186 = EDGE_CURVE ( 'NONE', #3754, #2566, #3461, .T. ) ;
#187 = CARTESIAN_POINT ( 'NONE',  ( 150.0000000000000000, 34.27468712067999235, -28.82050807568881368 ) ) ;
#188 = DIRECTION ( 'NONE',  ( 1.000000000000000000, 0.000000000000000000, 0.000000000000000000 ) ) ;
#189 = CARTESIAN_POINT ( 'NONE',  ( 0.000000000000000000, 165.0000000000000000, -40.00000000000000000 ) ) ;
#190 = ORIENTED_EDGE ( 'NONE', *, *, #909, .F. ) ;
#191 = EDGE_CURVE ( 'NONE', #2335, #2991, #2779, .T. ) ;
#192 = VECTOR ( 'NONE', #2806, 1000.000000000000000 ) ;
#193 = LINE ( 'NONE', #1940, #4016 ) ;
#194 = PLANE ( 'NONE',  #4477 ) ;
#195 = DIRECTION ( 'NONE',  ( 0.000000000000000000, -0.4999999999999971134, 0.8660254037844402619 ) ) ;
#196 = VECTOR ( 'NONE', #3399, 1000.000000000000000 ) ;
#197 = LINE ( 'NONE', #1896, #4251 ) ;
#198 = VECTOR ( 'NONE', #1861, 1000.000000000000000 ) ;
#199 = DIRECTION ( 'NONE',  ( -1.000000000000000000, -0.000000000000000000, -0.000000000000000000 ) ) ;
#200 = DIRECTION ( 'NONE',  ( -1.000000000000000000, -0.000000000000000000, -0.000000000000000000 ) ) ;
#201 = ORIENTED_EDGE ( 'NONE', *, *, #2657, .F. ) ;
#202 = LINE ( 'NONE', #979, #3550 ) ;
#203 = DIRECTION ( 'NONE',  ( 1.000000000000000000, 0.000000000000000000, 0.000000000000000000 ) ) ;
#204 = DIRECTION ( 'NONE',  ( -0.000000000000000000, -0.000000000000000000, 1.000000000000000000 ) ) ;
#205 = VECTOR ( 'NONE', #2727, 1000.000000000000114 ) ;
#206 = LINE ( 'NONE', #2949, #2689 ) ;
#207 = FACE_OUTER_BOUND ( 'NONE', #3690, .T. ) ;
#208 = DIRECTION ( 'NONE',  ( -0.000000000000000000, 1.000000000000000000, 0.000000000000000000 ) ) ;
#209 = VECTOR ( 'NONE', #3101, 1000.000000000000000 ) ;
#210 = AXIS2_PLACEMENT_3D ( 'NONE', #3636, #1905, #1348 ) ;
#211 = CIRCLE ( 'NONE', #3872, 1.399999999999998579 ) ;
#212 = FACE_OUTER_BOUND ( 'NONE', #3135, .T. ) ;
#213 = ORIENTED_EDGE ( 'NONE', *, *, #3372, .T. ) ;
#214 = VERTEX_POINT ( 'NONE', #259 ) ;
#215 = DIRECTION ( 'NONE',  ( -1.000000000000000000, 0.000000000000000000, 0.000000000000000000 ) ) ;
#216 = EDGE_CURVE ( 'NONE', #295, #3817, #3115, .T. ) ;
#217 = ORIENTED_EDGE ( 'NONE', *, *, #1091, .F. ) ;
#218 = FACE_OUTER_BOUND ( 'NONE', #2491, .T. ) ;
#219 = CYLINDRICAL_SURFACE ( 'NONE', #544, 1.650000000000000355 ) ;
#220 = DIRECTION ( 'NONE',  ( -1.000000000000000000, 0.000000000000000000, 0.000000000000000000 ) ) ;
#221 = DIRECTION ( 'NONE',  ( 0.000000000000000000, 0.000000000000000000, 1.000000000000000000 ) ) ;
#222 = DIRECTION ( 'NONE',  ( 1.000000000000000000, 0.000000000000000000, -0.000000000000000000 ) ) ;
#223 = ORIENTED_EDGE ( 'NONE', *, *, #1112, .F. ) ;
#224 = FACE_OUTER_BOUND ( 'NONE', #1478, .T. ) ;
#225 = ORIENTED_EDGE ( 'NONE', *, *, #2617, .T. ) ;
#226 = DIRECTION ( 'NONE',  ( -0.000000000000000000, -0.000000000000000000, 1.000000000000000000 ) ) ;
#227 = DIRECTION ( 'NONE',  ( 1.261617073437677752E-16, 1.000000000000000000, 0.000000000000000000 ) ) ;
#228 = DIRECTION ( 'NONE',  ( 2.168404344971006649E-16, 1.000000000000000000, 0.000000000000000000 ) ) ;
#229 = ADVANCED_FACE ( 'NONE', ( #2753 ), #642, .F. ) ;
#230 = ORIENTED_EDGE ( 'NONE', *, *, #4427, .F. ) ;
#231 = AXIS2_PLACEMENT_3D ( 'NONE', #2760, #3122, #1366 ) ;
#232 = VECTOR ( 'NONE', #3540, 1000.000000000000000 ) ;
#233 = CARTESIAN_POINT ( 'NONE',  ( 22.14142842854282378, 2.000000000000001776, -27.99999999999999645 ) ) ;
#234 = ORIENTED_EDGE ( 'NONE', *, *, #2559, .F. ) ;
#235 = ADVANCED_FACE ( 'NONE', ( #4501 ), #4169, .F. ) ;
#236 = EDGE_LOOP ( 'NONE', ( #1416, #3363, #4364, #1135 ) ) ;
#237 = CARTESIAN_POINT ( 'NONE',  ( 0.000000000000000000, 129.2746871206800279, -11.49999999999999289 ) ) ;
#238 = DIRECTION ( 'NONE',  ( 0.000000000000000000, -0.8660254037844410391, -0.4999999999999958922 ) ) ;
#239 = PLANE ( 'NONE',  #2591 ) ;
#240 = EDGE_CURVE ( 'NONE', #1432, #767, #3811, .T. ) ;
#241 = DIRECTION ( 'NONE',  ( -1.000000000000000000, -0.000000000000000000, -0.000000000000000000 ) ) ;
#242 = CARTESIAN_POINT ( 'NONE',  ( 150.0000000000000000, 84.27468712068004209, -11.49999999999999467 ) ) ;
#243 = CARTESIAN_POINT ( 'NONE',  ( 56.00000000000000000, 163.0000000000000000, -2.000000000000000000 ) ) ;
#244 = ORIENTED_EDGE ( 'NONE', *, *, #3509, .F. ) ;
#245 = CARTESIAN_POINT ( 'NONE',  ( 0.000000000000000000, 36.67661090932671186, -13.00000000000000000 ) ) ;
#246 = ORIENTED_EDGE ( 'NONE', *, *, #4184, .T. ) ;
#247 = VERTEX_POINT ( 'NONE', #2091 ) ;
#248 = EDGE_CURVE ( 'NONE', #368, #3909, #1298, .T. ) ;
#249 = LINE ( 'NONE', #1650, #815 ) ;
#250 = CARTESIAN_POINT ( 'NONE',  ( 0.000000000000000000, 114.2746871206800421, -11.49999999999999289 ) ) ;
#251 = ORIENTED_EDGE ( 'NONE', *, *, #2456, .F. ) ;
#252 = CARTESIAN_POINT ( 'NONE',  ( 17.00000000000000000, 165.0000000000000000, -2.000000000000000000 ) ) ;
#253 = EDGE_LOOP ( 'NONE', ( #2768, #2843, #3103, #4022, #27, #1225 ) ) ;
#254 = VECTOR ( 'NONE', #3577, 1000.000000000000000 ) ;
#255 = VERTEX_POINT ( 'NONE', #2459 ) ;
#256 = EDGE_CURVE ( 'NONE', #1047, #3955, #714, .T. ) ;
#257 = LINE ( 'NONE', #4437, #2182 ) ;
#258 = DIRECTION ( 'NONE',  ( -0.000000000000000000, -0.000000000000000000, -1.000000000000000000 ) ) ;
#259 = CARTESIAN_POINT ( 'NONE',  ( 2.000000000000000000, 61.67661090932666212, -30.32050807568880302 ) ) ;
#260 = CYLINDRICAL_SURFACE ( 'NONE', #945, 1.399999999999998579 ) ;
#261 = ADVANCED_FACE ( 'NONE', ( #372 ), #1775, .T. ) ;
#262 = CARTESIAN_POINT ( 'NONE',  ( 56.00000000000000000, 51.87829305739585806, -65.31084795450205149 ) ) ;
#263 = ORIENTED_EDGE ( 'NONE', *, *, #2926, .T. ) ;
#264 = ORIENTED_EDGE ( 'NONE', *, *, #3686, .T. ) ;
#265 = DIRECTION ( 'NONE',  ( 0.000000000000000000, -0.4999999999999993894, 0.8660254037844390407 ) ) ;
#266 = EDGE_LOOP ( 'NONE', ( #3085, #2730, #2043, #391, #2410, #4426 ) ) ;
#267 = ORIENTED_EDGE ( 'NONE', *, *, #2590, .F. ) ;
#268 = VECTOR ( 'NONE', #2811, 1000.000000000000114 ) ;
#269 = DIRECTION ( 'NONE',  ( 0.000000000000000000, -1.000000000000000000, 0.000000000000000000 ) ) ;
#270 = CARTESIAN_POINT ( 'NONE',  ( 15.00000000000000000, 165.0000000000000000, 1.464101615137754164 ) ) ;
#271 = DIRECTION ( 'NONE',  ( 0.000000000000000000, 0.4999999999999950595, -0.8660254037844414832 ) ) ;
#272 = EDGE_CURVE ( 'NONE', #3334, #2772, #3861, .T. ) ;
#273 = LINE ( 'NONE', #656, #3373 ) ;
#274 = CIRCLE ( 'NONE', #934, 1.399999999999998579 ) ;
#275 = EDGE_LOOP ( 'NONE', ( #2352, #4079, #4105, #2791 ) ) ;
#276 = CARTESIAN_POINT ( 'NONE',  ( 54.00000000000000000, 142.2983178519305909, 39.32046689773564907 ) ) ;
#277 = EDGE_LOOP ( 'NONE', ( #3928, #678, #1262, #4468 ) ) ;
#278 = ORIENTED_EDGE ( 'NONE', *, *, #2749, .F. ) ;
#279 = EDGE_CURVE ( 'NONE', #1235, #3765, #3026, .T. ) ;
#280 = VECTOR ( 'NONE', #2250, 1000.000000000000000 ) ;
#281 = DIRECTION ( 'NONE',  ( 1.000000000000000000, 0.000000000000000000, 0.000000000000000000 ) ) ;
#282 = CARTESIAN_POINT ( 'NONE',  ( 47.49999999999997158, 123.7500000000000000, -1.000000000000000000 ) ) ;
#283 = CARTESIAN_POINT ( 'NONE',  ( 49.60000000000008669, 149.0000000000000284, -35.00000000000000000 ) ) ;
#284 = DIRECTION ( 'NONE',  ( 1.261617073437677752E-16, 1.000000000000000000, 0.000000000000000000 ) ) ;
#285 = VECTOR ( 'NONE', #1316, 1000.000000000000000 ) ;
#286 = DIRECTION ( 'NONE',  ( 1.000000000000000000, 0.000000000000000000, 0.000000000000000000 ) ) ;
#287 = EDGE_LOOP ( 'NONE', ( #4495, #2218, #2916, #2668 ) ) ;
#288 = DIRECTION ( 'NONE',  ( -0.000000000000000000, 0.4999999999999973355, -0.8660254037844402619 ) ) ;
#289 = ORIENTED_EDGE ( 'NONE', *, *, #1334, .F. ) ;
#290 = EDGE_LOOP ( 'NONE', ( #3835, #873, #1816, #2997, #2270, #1249 ) ) ;
#291 = ADVANCED_FACE ( 'NONE', ( #2340 ), #911, .F. ) ;
#292 = DIRECTION ( 'NONE',  ( -1.000000000000000000, -0.000000000000000000, -0.000000000000000000 ) ) ;
#293 = DIRECTION ( 'NONE',  ( 0.000000000000000000, -0.8660254037844390407, -0.4999999999999993894 ) ) ;
#294 = CARTESIAN_POINT ( 'NONE',  ( 47.49999999999996447, 41.24999999999999289, -1.000000000000000000 ) ) ;
#295 = VERTEX_POINT ( 'NONE', #1556 ) ;
#296 = CARTESIAN_POINT ( 'NONE',  ( 54.00000000000000000, 76.97636926874922381, -50.82046689773547143 ) ) ;
#297 = EDGE_LOOP ( 'NONE', ( #2552, #2207, #1535, #4511 ) ) ;
#298 = ADVANCED_FACE ( 'NONE', ( #4010 ), #2623, .F. ) ;
#299 = ORIENTED_EDGE ( 'NONE', *, *, #3081, .T. ) ;
#300 = EDGE_LOOP ( 'NONE', ( #686, #746, #2124, #2852 ) ) ;
#301 = AXIS2_PLACEMENT_3D ( 'NONE', #1046, #648, #745 ) ;
#302 = VECTOR ( 'NONE', #1673, 1000.000000000000000 ) ;
#303 = CARTESIAN_POINT ( 'NONE',  ( 5.000000000000084377, 19.00000000000000355, -35.00000000000000000 ) ) ;
#304 = VECTOR ( 'NONE', #3061, 1000.000000000000114 ) ;
#305 = DIRECTION ( 'NONE',  ( 0.000000000000000000, 0.8660254037844414832, 0.4999999999999950595 ) ) ;
#306 = ORIENTED_EDGE ( 'NONE', *, *, #2947, .T. ) ;
#307 = AXIS2_PLACEMENT_3D ( 'NONE', #111, #2902, #1934 ) ;
#308 = LINE ( 'NONE', #601, #1380 ) ;
#309 = LINE ( 'NONE', #1431, #2253 ) ;
#310 = VERTEX_POINT ( 'NONE', #174 ) ;
#311 = LINE ( 'NONE', #3164, #2212 ) ;
#312 = ORIENTED_EDGE ( 'NONE', *, *, #1794, .F. ) ;
#313 = ORIENTED_EDGE ( 'NONE', *, *, #1502, .F. ) ;
#314 = CARTESIAN_POINT ( 'NONE',  ( 53.99999999999999289, 24.27468712068003853, -11.49999999999999467 ) ) ;
#315 = EDGE_CURVE ( 'NONE', #1024, #590, #890, .T. ) ;
#316 = CARTESIAN_POINT ( 'NONE',  ( 0.000000000000000000, 96.67661090932671186, -13.00000000000000000 ) ) ;
#317 = EDGE_CURVE ( 'NONE', #3924, #1285, #1216, .T. ) ;
#318 = DIRECTION ( 'NONE',  ( -1.000000000000000000, -0.000000000000000000, -0.000000000000000000 ) ) ;
#319 = ORIENTED_EDGE ( 'NONE', *, *, #1399, .T. ) ;
#320 = ORIENTED_EDGE ( 'NONE', *, *, #1463, .F. ) ;
#321 = ADVANCED_FACE ( 'NONE', ( #2645 ), #2243, .T. ) ;
#322 = LINE ( 'NONE', #2159, #1679 ) ;
#323 = ORIENTED_EDGE ( 'NONE', *, *, #120, .T. ) ;
#324 = ORIENTED_EDGE ( 'NONE', *, *, #1838, .T. ) ;
#325 = CARTESIAN_POINT ( 'NONE',  ( 56.00000000000000000, 165.0000000000000000, 3.000000000000000000 ) ) ;
#326 = VECTOR ( 'NONE', #783, 1000.000000000000000 ) ;
#327 = CARTESIAN_POINT ( 'NONE',  ( 56.00000000000000000, 96.87829305739600727, -39.33008584096897664 ) ) ;
#328 = CARTESIAN_POINT ( 'NONE',  ( 55.99999999999999289, 54.27468712068003498, -11.49999999999999467 ) ) ;
#329 = ADVANCED_FACE ( 'NONE', ( #2665 ), #3284, .F. ) ;
#330 = DIRECTION ( 'NONE',  ( 0.000000000000000000, -0.8660254037844389297, -0.4999999999999993339 ) ) ;
#331 = ORIENTED_EDGE ( 'NONE', *, *, #279, .T. ) ;
#332 = FACE_OUTER_BOUND ( 'NONE', #3601, .T. ) ;
#333 = ORIENTED_EDGE ( 'NONE', *, *, #1049, .T. ) ;
#334 = AXIS2_PLACEMENT_3D ( 'NONE', #3320, #188, #2978 ) ;
#335 = DIRECTION ( 'NONE',  ( 0.000000000000000000, 0.000000000000000000, 1.000000000000000000 ) ) ;
#336 = CARTESIAN_POINT ( 'NONE',  ( 150.0000000000000000, 69.27468712068004209, -11.49999999999999467 ) ) ;
#337 = PLANE ( 'NONE',  #1000 ) ;
#338 = EDGE_LOOP ( 'NONE', ( #3655, #2138, #2147, #4157 ) ) ;
#339 = LINE ( 'NONE', #296, #2199 ) ;
#340 = ORIENTED_EDGE ( 'NONE', *, *, #942, .T. ) ;
#341 = VECTOR ( 'NONE', #513, 1000.000000000000000 ) ;
#342 = DIRECTION ( 'NONE',  ( 0.000000000000000000, 0.4999999999999972800, -0.8660254037844401509 ) ) ;
#343 = CARTESIAN_POINT ( 'NONE',  ( 40.93421439331396527, 165.0000000000000284, 0.7822941250211421504 ) ) ;
#344 = ORIENTED_EDGE ( 'NONE', *, *, #4139, .T. ) ;
#345 = EDGE_LOOP ( 'NONE', ( #1766, #1793, #1709, #2446 ) ) ;
#346 = ADVANCED_FACE ( 'NONE', ( #1578 ), #559, .F. ) ;
#347 = CARTESIAN_POINT ( 'NONE',  ( 16.05468414224134222, -0.000000000000000000, -1.006587857113756090 ) ) ;
#348 = CARTESIAN_POINT ( 'NONE',  ( 150.0000000000000000, 109.2746871206799852, -28.82050807568881012 ) ) ;
#349 = DIRECTION ( 'NONE',  ( 0.000000000000000000, 0.000000000000000000, -1.000000000000000000 ) ) ;
#350 = VECTOR ( 'NONE', #3699, 1000.000000000000000 ) ;
#351 = ADVANCED_FACE ( 'NONE', ( #3701 ), #1899, .F. ) ;
#352 = CARTESIAN_POINT ( 'NONE',  ( 49.60000000000008669, 19.00000000000000355, -30.00000000000000711 ) ) ;
#353 = ORIENTED_EDGE ( 'NONE', *, *, #3814, .F. ) ;
#354 = ORIENTED_EDGE ( 'NONE', *, *, #996, .T. ) ;
#355 = CARTESIAN_POINT ( 'NONE',  ( 33.85857157145715490, 165.0000000000000000, -27.99999999999999645 ) ) ;
#356 = CARTESIAN_POINT ( 'NONE',  ( 150.0000000000000000, 76.67661090932665502, -30.32050807568879947 ) ) ;
#357 = AXIS2_PLACEMENT_3D ( 'NONE', #4038, #1245, #95 ) ;
#358 = EDGE_LOOP ( 'NONE', ( #3412, #1070, #899, #2504 ) ) ;
#359 = DIRECTION ( 'NONE',  ( 0.000000000000000000, 0.8660254037844410391, 0.4999999999999958922 ) ) ;
#360 = CARTESIAN_POINT ( 'NONE',  ( 47.49999999999997158, 82.49999999999998579, -1.000000000000000000 ) ) ;
#361 = DIRECTION ( 'NONE',  ( -1.000000000000000000, 0.000000000000000000, -0.000000000000000000 ) ) ;
#362 = ORIENTED_EDGE ( 'NONE', *, *, #2802, .F. ) ;
#363 = LINE ( 'NONE', #1765, #4023 ) ;
#364 = LINE ( 'NONE', #2478, #2930 ) ;
#365 = ORIENTED_EDGE ( 'NONE', *, *, #143, .F. ) ;
#366 = EDGE_CURVE ( 'NONE', #247, #2393, #3381, .T. ) ;
#367 = CARTESIAN_POINT ( 'NONE',  ( 150.0000000000000000, 109.2746871206799852, -28.82050807568881012 ) ) ;
#368 = VERTEX_POINT ( 'NONE', #1600 ) ;
#369 = CARTESIAN_POINT ( 'NONE',  ( 15.45721787745204345, -0.000000000000000000, -0.1699254011263999498 ) ) ;
#370 = EDGE_CURVE ( 'NONE', #2600, #1737, #2988, .T. ) ;
#371 = EDGE_CURVE ( 'NONE', #1780, #77, #1065, .T. ) ;
#372 = FACE_OUTER_BOUND ( 'NONE', #2669, .T. ) ;
#373 = AXIS2_PLACEMENT_3D ( 'NONE', #1457, #2850, #2197 ) ;
#374 = CARTESIAN_POINT ( 'NONE',  ( 0.000000000000000000, 46.67661090932666212, -30.32050807568880302 ) ) ;
#375 = VERTEX_POINT ( 'NONE', #243 ) ;
#376 = CIRCLE ( 'NONE', #1923, 1.649999999999998579 ) ;
#377 = AXIS2_PLACEMENT_3D ( 'NONE', #588, #4491, #921 ) ;
#378 = CARTESIAN_POINT ( 'NONE',  ( 41.00000000000000000, 165.0000000000000000, 3.000000000000000000 ) ) ;
#379 = CARTESIAN_POINT ( 'NONE',  ( 3.600000000000082245, 60.00000000000000711, -35.00000000000000000 ) ) ;
#380 = ORIENTED_EDGE ( 'NONE', *, *, #1962, .F. ) ;
#381 = FACE_OUTER_BOUND ( 'NONE', #2687, .T. ) ;
#382 = CARTESIAN_POINT ( 'NONE',  ( 0.000000000000000000, 114.2746871206800421, -11.49999999999999289 ) ) ;
#383 = VERTEX_POINT ( 'NONE', #1645 ) ;
#384 = CARTESIAN_POINT ( 'NONE',  ( 6.400000000000086509, 60.00000000000000711, -30.00000000000000711 ) ) ;
#385 = EDGE_CURVE ( 'NONE', #1311, #383, #4330, .T. ) ;
#386 = FACE_BOUND ( 'NONE', #2034, .T. ) ;
#387 = EDGE_LOOP ( 'NONE', ( #2062, #797, #2534, #246, #3049, #721 ) ) ;
#388 = CARTESIAN_POINT ( 'NONE',  ( 0.000000000000000000, 0.000000000000000000, 0.000000000000000000 ) ) ;
#389 = ORIENTED_EDGE ( 'NONE', *, *, #4403, .F. ) ;
#390 = CARTESIAN_POINT ( 'NONE',  ( 51.00000000000008527, 149.0000000000000284, -35.00000000000000000 ) ) ;
#391 = ORIENTED_EDGE ( 'NONE', *, *, #1104, .T. ) ;
#392 = LINE ( 'NONE', #10, #62 ) ;
#393 = CARTESIAN_POINT ( 'NONE',  ( 150.0000000000000000, 121.6766109093266550, -30.32050807568879947 ) ) ;
#394 = ORIENTED_EDGE ( 'NONE', *, *, #406, .T. ) ;
#395 = LINE ( 'NONE', #378, #1361 ) ;
#396 = ADVANCED_FACE ( 'NONE', ( #1591 ), #2278, .F. ) ;
#397 = ORIENTED_EDGE ( 'NONE', *, *, #3744, .T. ) ;
#398 = EDGE_CURVE ( 'NONE', #1833, #1059, #1517, .T. ) ;
#399 = LINE ( 'NONE', #1803, #11 ) ;
#400 = FACE_BOUND ( 'NONE', #4037, .T. ) ;
#401 = VERTEX_POINT ( 'NONE', #529 ) ;
#402 = CARTESIAN_POINT ( 'NONE',  ( 56.00000000000000000, 121.6766109093266550, -30.32050807568880302 ) ) ;
#403 = ORIENTED_EDGE ( 'NONE', *, *, #3968, .T. ) ;
#404 = DIRECTION ( 'NONE',  ( 0.000000000000000000, -1.000000000000000000, 0.000000000000000000 ) ) ;
#405 = DIRECTION ( 'NONE',  ( 0.000000000000000000, -1.000000000000000000, 0.000000000000000000 ) ) ;
#406 = EDGE_CURVE ( 'NONE', #2320, #2620, #2257, .T. ) ;
#407 = CYLINDRICAL_SURFACE ( 'NONE', #2414, 1.399999999999998579 ) ;
#408 = AXIS2_PLACEMENT_3D ( 'NONE', #4487, #265, #3336 ) ;
#409 = EDGE_LOOP ( 'NONE', ( #1908, #1720, #3455, #3549 ) ) ;
#410 = VECTOR ( 'NONE', #2533, 999.9999999999998863 ) ;
#411 = CARTESIAN_POINT ( 'NONE',  ( 2.000000000000001776, 34.27468712067999235, -28.82050807568881368 ) ) ;
#412 = EDGE_CURVE ( 'NONE', #4378, #1322, #2210, .T. ) ;
#413 = VECTOR ( 'NONE', #3042, 1000.000000000000114 ) ;
#414 = CARTESIAN_POINT ( 'NONE',  ( 54.00000000000000000, 65.72636926874918117, -57.31565742611873304 ) ) ;
#415 = VECTOR ( 'NONE', #3263, 999.9999999999998863 ) ;
#416 = LINE ( 'NONE', #787, #781 ) ;
#417 = ORIENTED_EDGE ( 'NONE', *, *, #3343, .T. ) ;
#418 = FACE_OUTER_BOUND ( 'NONE', #126, .T. ) ;
#419 = EDGE_CURVE ( 'NONE', #603, #2335, #455, .T. ) ;
#420 = ORIENTED_EDGE ( 'NONE', *, *, #2321, .F. ) ;
#421 = AXIS2_PLACEMENT_3D ( 'NONE', #1854, #404, #3216 ) ;
#422 = CARTESIAN_POINT ( 'NONE',  ( 2.000000000000000000, 121.6766109093266550, -30.32050807568880302 ) ) ;
#423 = VECTOR ( 'NONE', #813, 1000.000000000000114 ) ;
#424 = ORIENTED_EDGE ( 'NONE', *, *, #3470, .T. ) ;
#425 = CARTESIAN_POINT ( 'NONE',  ( 53.99999999999999289, 121.6766109093266550, -30.32050807568879947 ) ) ;
#426 = EDGE_LOOP ( 'NONE', ( #2317, #139, #573, #1875 ) ) ;
#427 = ADVANCED_FACE ( 'NONE', ( #2956 ), #4026, .F. ) ;
#428 = DIRECTION ( 'NONE',  ( 1.000000000000000000, 0.000000000000000000, 0.000000000000000000 ) ) ;
#429 = CARTESIAN_POINT ( 'NONE',  ( 17.00000000000000000, 163.0000000000000000, -2.000000000000000000 ) ) ;
#430 = ORIENTED_EDGE ( 'NONE', *, *, #2940, .T. ) ;
#431 = FACE_BOUND ( 'NONE', #1067, .T. ) ;
#432 = DIRECTION ( 'NONE',  ( 0.000000000000000000, 0.000000000000000000, -1.000000000000000000 ) ) ;
#433 = EDGE_LOOP ( 'NONE', ( #2130, #2442, #3705, #2403 ) ) ;
#434 = DIRECTION ( 'NONE',  ( 0.000000000000000000, 0.8660254037844390407, 0.4999999999999993894 ) ) ;
#435 = EDGE_CURVE ( 'NONE', #1805, #1895, #1566, .T. ) ;
#436 = LINE ( 'NONE', #1844, #2977 ) ;
#437 = ORIENTED_EDGE ( 'NONE', *, *, #2225, .F. ) ;
#438 = CARTESIAN_POINT ( 'NONE',  ( 2.000000000000000000, 54.47636926874914565, -63.81084795450199465 ) ) ;
#439 = DIRECTION ( 'NONE',  ( 0.000000000000000000, 0.8660254037844390407, 0.4999999999999993894 ) ) ;
#440 = ORIENTED_EDGE ( 'NONE', *, *, #4391, .F. ) ;
#441 = DIRECTION ( 'NONE',  ( -1.000000000000000000, -0.000000000000000000, -0.000000000000000000 ) ) ;
#442 = VECTOR ( 'NONE', #2026, 1000.000000000000114 ) ;
#443 = AXIS2_PLACEMENT_3D ( 'NONE', #1174, #898, #3941 ) ;
#444 = CARTESIAN_POINT ( 'NONE',  ( 9.149999999999971934, 82.49999999999998579, -1.000000000000000000 ) ) ;
#445 = ORIENTED_EDGE ( 'NONE', *, *, #478, .F. ) ;
#446 = LINE ( 'NONE', #2579, #3784 ) ;
#447 = ORIENTED_EDGE ( 'NONE', *, *, #725, .T. ) ;
#448 = CARTESIAN_POINT ( 'NONE',  ( 47.49999999999996447, 41.24999999999999289, -1.000000000000000000 ) ) ;
#449 = EDGE_CURVE ( 'NONE', #2074, #1179, #1289, .T. ) ;
#450 = LINE ( 'NONE', #3219, #4340 ) ;
#451 = DIRECTION ( 'NONE',  ( 0.000000000000000000, 0.8660254037844414832, 0.4999999999999950595 ) ) ;
#452 = EDGE_LOOP ( 'NONE', ( #2909, #3544 ) ) ;
#453 = ADVANCED_FACE ( 'NONE', ( #1890 ), #3297, .F. ) ;
#454 = CARTESIAN_POINT ( 'NONE',  ( 0.000000000000000000, 0.000000000000000000, 3.000000000000000000 ) ) ;
#455 = LINE ( 'NONE', #1862, #2818 ) ;
#456 = ORIENTED_EDGE ( 'NONE', *, *, #371, .F. ) ;
#457 = CARTESIAN_POINT ( 'NONE',  ( 54.00000000000000000, 163.0000000000000000, -2.000000000000000000 ) ) ;
#458 = DIRECTION ( 'NONE',  ( -0.000000000000000000, 0.4999999999999973910, -0.8660254037844401509 ) ) ;
#459 = LINE ( 'NONE', #4349, #2064 ) ;
#460 = EDGE_CURVE ( 'NONE', #1728, #2690, #1178, .T. ) ;
#461 = EDGE_LOOP ( 'NONE', ( #1693, #2580, #2150, #1799, #2284, #1523, #223, #2038, #1036, #2302 ) ) ;
#462 = CYLINDRICAL_SURFACE ( 'NONE', #4096, 1.650000000000000355 ) ;
#463 = FACE_OUTER_BOUND ( 'NONE', #2160, .T. ) ;
#464 = CARTESIAN_POINT ( 'NONE',  ( 0.000000000000000000, 54.27468712068003498, -11.49999999999999467 ) ) ;
#465 = ORIENTED_EDGE ( 'NONE', *, *, #1334, .T. ) ;
#466 = CARTESIAN_POINT ( 'NONE',  ( 2.000000000000000000, 141.8782930573961210, -13.34932372743589646 ) ) ;
#467 = ORIENTED_EDGE ( 'NONE', *, *, #1089, .T. ) ;
#468 = AXIS2_PLACEMENT_3D ( 'NONE', #1409, #9, #4213 ) ;
#469 = CARTESIAN_POINT ( 'NONE',  ( 56.00000000000000000, 156.0483178519308751, 15.50476829366323450 ) ) ;
#470 = LINE ( 'NONE', #842, #2115 ) ;
#471 = FACE_OUTER_BOUND ( 'NONE', #3542, .T. ) ;
#472 = DIRECTION ( 'NONE',  ( 0.000000000000000000, 0.4999999999999950595, -0.8660254037844414832 ) ) ;
#473 = EDGE_CURVE ( 'NONE', #3909, #3998, #828, .T. ) ;
#474 = ORIENTED_EDGE ( 'NONE', *, *, #1722, .T. ) ;
#475 = CIRCLE ( 'NONE', #2530, 1.649999999999999467 ) ;
#476 = CARTESIAN_POINT ( 'NONE',  ( 56.00000000000000000, 106.6766109093266408, -30.32050807568881012 ) ) ;
#477 = DIRECTION ( 'NONE',  ( 0.000000000000000000, -0.4999999999999971134, 0.8660254037844402619 ) ) ;
#478 = EDGE_CURVE ( 'NONE', #3337, #944, #1938, .T. ) ;
#479 = ORIENTED_EDGE ( 'NONE', *, *, #1749, .T. ) ;
#480 = VECTOR ( 'NONE', #1121, 1000.000000000000000 ) ;
#481 = CARTESIAN_POINT ( 'NONE',  ( 0.000000000000000000, 165.0000000000000000, -40.00000000000000000 ) ) ;
#482 = VECTOR ( 'NONE', #1522, 1000.000000000000000 ) ;
#483 = DIRECTION ( 'NONE',  ( 1.000000000000000000, 0.000000000000000000, 0.000000000000000000 ) ) ;
#484 = CARTESIAN_POINT ( 'NONE',  ( 7.499999999999969802, 41.24999999999999289, -1.000000000000000000 ) ) ;
#485 = ORIENTED_EDGE ( 'NONE', *, *, #4365, .T. ) ;
#486 = DIRECTION ( 'NONE',  ( 0.000000000000000000, -0.8660254037844400399, -0.4999999999999976685 ) ) ;
#487 = ADVANCED_FACE ( 'NONE', ( #1205 ), #1910, .F. ) ;
#488 = LINE ( 'NONE', #835, #3295 ) ;
#489 = DIRECTION ( 'NONE',  ( -1.000000000000000000, -0.000000000000000000, -0.000000000000000000 ) ) ;
#490 = CARTESIAN_POINT ( 'NONE',  ( 7.499999999999971578, 82.49999999999998579, -1.000000000000000000 ) ) ;
#491 = ORIENTED_EDGE ( 'NONE', *, *, #3864, .T. ) ;
#492 = LINE ( 'NONE', #1580, #2326 ) ;
#493 = ORIENTED_EDGE ( 'NONE', *, *, #1874, .T. ) ;
#494 = LINE ( 'NONE', #469, #2185 ) ;
#495 = DIRECTION ( 'NONE',  ( 1.000000000000000000, 0.000000000000000000, 0.000000000000000000 ) ) ;
#496 = VECTOR ( 'NONE', #997, 1000.000000000000227 ) ;
#497 = DIRECTION ( 'NONE',  ( 1.000000000000000000, 0.000000000000000000, 0.000000000000000000 ) ) ;
#498 = DIRECTION ( 'NONE',  ( 0.000000000000000000, -0.8660254037844390407, -0.4999999999999993894 ) ) ;
#499 = ORIENTED_EDGE ( 'NONE', *, *, #248, .F. ) ;
#500 = EDGE_CURVE ( 'NONE', #3370, #3205, #3997, .T. ) ;
#501 = CARTESIAN_POINT ( 'NONE',  ( 5.000000000000084377, 19.00000000000000355, -30.00000000000000711 ) ) ;
#502 = CARTESIAN_POINT ( 'NONE',  ( 2.000000000000000000, 2.000000000000000000, 0.000000000000000000 ) ) ;
#503 = ORIENTED_EDGE ( 'NONE', *, *, #3081, .F. ) ;
#504 = ORIENTED_EDGE ( 'NONE', *, *, #4391, .T. ) ;
#505 = LINE ( 'NONE', #854, #3944 ) ;
#506 = EDGE_CURVE ( 'NONE', #1322, #2636, #851, .T. ) ;
#507 = CARTESIAN_POINT ( 'NONE',  ( 150.0000000000000000, 79.27468712067998524, -28.82050807568881012 ) ) ;
#508 = CARTESIAN_POINT ( 'NONE',  ( 47.49999999999997158, 82.49999999999998579, -1.000000000000000000 ) ) ;
#509 = ORIENTED_EDGE ( 'NONE', *, *, #4335, .T. ) ;
#510 = CARTESIAN_POINT ( 'NONE',  ( 5.000000000000084377, 108.0000000000000142, -35.00000000000000000 ) ) ;
#511 = EDGE_CURVE ( 'NONE', #2425, #4333, #3276, .T. ) ;
#512 = CARTESIAN_POINT ( 'NONE',  ( 54.00000000000000000, 174.7983178519305056, -16.97118434825297228 ) ) ;
#513 = DIRECTION ( 'NONE',  ( 0.000000000000000000, -0.8660254037844414832, -0.4999999999999950595 ) ) ;
#514 = CARTESIAN_POINT ( 'NONE',  ( 54.00000000000000000, 2.000000000000000000, 0.000000000000000000 ) ) ;
#515 = VERTEX_POINT ( 'NONE', #1490 ) ;
#516 = FACE_BOUND ( 'NONE', #3536, .T. ) ;
#517 = VERTEX_POINT ( 'NONE', #3948 ) ;
#518 = CARTESIAN_POINT ( 'NONE',  ( 150.0000000000000000, 54.27468712068003498, -11.49999999999999467 ) ) ;
#519 = DIRECTION ( 'NONE',  ( 0.000000000000000000, 0.4999999999999972800, -0.8660254037844401509 ) ) ;
#520 = AXIS2_PLACEMENT_3D ( 'NONE', #3957, #3606, #2574 ) ;
#521 = DIRECTION ( 'NONE',  ( -0.000000000000000000, -0.000000000000000000, -1.000000000000000000 ) ) ;
#522 = PLANE ( 'NONE',  #307 ) ;
#523 = VECTOR ( 'NONE', #1332, 1000.000000000000000 ) ;
#524 = ORIENTED_EDGE ( 'NONE', *, *, #662, .T. ) ;
#525 = VECTOR ( 'NONE', #61, 1000.000000000000000 ) ;
#526 = DIRECTION ( 'NONE',  ( 0.000000000000000000, -0.4999999999999972800, 0.8660254037844401509 ) ) ;
#527 = EDGE_CURVE ( 'NONE', #310, #2700, #1456, .T. ) ;
#528 = FACE_OUTER_BOUND ( 'NONE', #4376, .T. ) ;
#529 = CARTESIAN_POINT ( 'NONE',  ( 5.849999999999974776, 123.7500000000000000, -1.000000000000000000 ) ) ;
#530 = ORIENTED_EDGE ( 'NONE', *, *, #86, .F. ) ;
#531 = ORIENTED_EDGE ( 'NONE', *, *, #3686, .F. ) ;
#532 = LINE ( 'NONE', #3302, #4305 ) ;
#533 = ORIENTED_EDGE ( 'NONE', *, *, #1280, .F. ) ;
#534 = CARTESIAN_POINT ( 'NONE',  ( 6.400000000000086509, 60.00000000000000711, -35.00000000000000000 ) ) ;
#535 = CARTESIAN_POINT ( 'NONE',  ( 47.49999999999996447, 41.24999999999999289, -1.000000000000000000 ) ) ;
#536 = DIRECTION ( 'NONE',  ( 0.000000000000000000, 0.8660254037844414832, 0.4999999999999950595 ) ) ;
#537 = CARTESIAN_POINT ( 'NONE',  ( 150.0000000000000000, 129.2746871206800279, -11.49999999999999289 ) ) ;
#538 = ORIENTED_EDGE ( 'NONE', *, *, #1705, .T. ) ;
#539 = CARTESIAN_POINT ( 'NONE',  ( 45.84999999999997300, 82.49999999999998579, -1.000000000000000000 ) ) ;
#540 = VERTEX_POINT ( 'NONE', #3000 ) ;
#541 = CARTESIAN_POINT ( 'NONE',  ( 150.0000000000000000, 151.6766109093266550, -30.32050807568879947 ) ) ;
#542 = CARTESIAN_POINT ( 'NONE',  ( 150.0000000000000000, 114.2746871206800421, -11.49999999999999289 ) ) ;
#543 = CARTESIAN_POINT ( 'NONE',  ( 5.000000000000084377, 60.00000000000000711, -40.00000000000000711 ) ) ;
#544 = AXIS2_PLACEMENT_3D ( 'NONE', #484, #1917, #3722 ) ;
#545 = ORIENTED_EDGE ( 'NONE', *, *, #511, .T. ) ;
#546 = CARTESIAN_POINT ( 'NONE',  ( 2.000000000000000000, 157.2983178519305625, 13.33970478420251204 ) ) ;
#547 = EDGE_CURVE ( 'NONE', #3937, #3506, #4252, .T. ) ;
#548 = CARTESIAN_POINT ( 'NONE',  ( 0.000000000000000000, 76.67661090932665502, -30.32050807568879947 ) ) ;
#549 = ORIENTED_EDGE ( 'NONE', *, *, #2121, .F. ) ;
#550 = AXIS2_PLACEMENT_3D ( 'NONE', #702, #4224, #2154 ) ;
#551 = DIRECTION ( 'NONE',  ( 0.000000000000000000, 0.8660254037844414832, 0.4999999999999950595 ) ) ;
#552 = ORIENTED_EDGE ( 'NONE', *, *, #2809, .T. ) ;
#553 = DIRECTION ( 'NONE',  ( -1.000000000000000000, -0.000000000000000000, -0.000000000000000000 ) ) ;
#554 = VECTOR ( 'NONE', #3981, 1000.000000000000000 ) ;
#555 = CARTESIAN_POINT ( 'NONE',  ( 6.400000000000082956, 19.00000000000000355, -35.00000000000000000 ) ) ;
#556 = CIRCLE ( 'NONE', #3635, 1.399999999999998579 ) ;
#557 = EDGE_CURVE ( 'NONE', #3754, #4346, #2002, .T. ) ;
#558 = CARTESIAN_POINT ( 'NONE',  ( 2.000000000000000000, 165.0000000000000000, 0.000000000000000000 ) ) ;
#559 = PLANE ( 'NONE',  #2592 ) ;
#560 = VERTEX_POINT ( 'NONE', #2724 ) ;
#561 = DIRECTION ( 'NONE',  ( -1.000000000000000000, 0.000000000000000000, 0.000000000000000000 ) ) ;
#562 = VERTEX_POINT ( 'NONE', #3786 ) ;
#563 = EDGE_LOOP ( 'NONE', ( #94, #2607, #289, #1151 ) ) ;
#564 = DIRECTION ( 'NONE',  ( -1.000000000000000000, -0.000000000000000000, -0.000000000000000000 ) ) ;
#565 = EDGE_CURVE ( 'NONE', #3322, #375, #1656, .T. ) ;
#566 = CARTESIAN_POINT ( 'NONE',  ( 54.00000000000000000, 109.2746871206799995, -28.82050807568880657 ) ) ;
#567 = EDGE_CURVE ( 'NONE', #2365, #3214, #1272, .T. ) ;
#568 = ORIENTED_EDGE ( 'NONE', *, *, #2476, .F. ) ;
#569 = CARTESIAN_POINT ( 'NONE',  ( 0.000000000000000000, 124.2746871206799852, -28.82050807568881368 ) ) ;
#570 = AXIS2_PLACEMENT_3D ( 'NONE', #510, #1921, #2196 ) ;
#571 = AXIS2_PLACEMENT_3D ( 'NONE', #2547, #167, #4000 ) ;
#572 = PLANE ( 'NONE',  #3428 ) ;
#573 = ORIENTED_EDGE ( 'NONE', *, *, #412, .F. ) ;
#574 = EDGE_LOOP ( 'NONE', ( #440, #1609, #340, #4216 ) ) ;
#575 = DIRECTION ( 'NONE',  ( -0.000000000000000000, 0.000000000000000000, 1.000000000000000000 ) ) ;
#576 = LINE ( 'NONE', #2378, #2715 ) ;
#577 = DIRECTION ( 'NONE',  ( -1.000000000000000000, 0.000000000000000000, 0.000000000000000000 ) ) ;
#578 = ORIENTED_EDGE ( 'NONE', *, *, #3002, .F. ) ;
#579 = LINE ( 'NONE', #1663, #2838 ) ;
#580 = ADVANCED_FACE ( 'NONE', ( #2374 ), #2698, .T. ) ;
#581 = CARTESIAN_POINT ( 'NONE',  ( 150.0000000000000000, 69.27468712068004209, -11.49999999999999467 ) ) ;
#582 = DIRECTION ( 'NONE',  ( 1.000000000000000000, 0.000000000000000000, 0.000000000000000000 ) ) ;
#583 = EDGE_LOOP ( 'NONE', ( #711, #1368, #999, #4341 ) ) ;
#584 = LINE ( 'NONE', #3422, #2170 ) ;
#585 = ORIENTED_EDGE ( 'NONE', *, *, #1713, .F. ) ;
#586 = ORIENTED_EDGE ( 'NONE', *, *, #3133, .T. ) ;
#587 = CARTESIAN_POINT ( 'NONE',  ( 0.000000000000000000, 0.000000000000000000, 0.000000000000000000 ) ) ;
#588 = CARTESIAN_POINT ( 'NONE',  ( 0.000000000000000000, 165.0000000000000000, -38.00000000000000000 ) ) ;
#589 = DIRECTION ( 'NONE',  ( -1.000000000000000000, 2.168404344971006896E-16, 0.000000000000000000 ) ) ;
#590 = VERTEX_POINT ( 'NONE', #2021 ) ;
#591 = CIRCLE ( 'NONE', #1992, 1.399999999999998579 ) ;
#592 = EDGE_CURVE ( 'NONE', #214, #1805, #3087, .T. ) ;
#593 = AXIS2_PLACEMENT_3D ( 'NONE', #1358, #2118, #666 ) ;
#594 = VECTOR ( 'NONE', #4155, 1000.000000000000000 ) ;
#595 = DIRECTION ( 'NONE',  ( -0.000000000000000000, -0.000000000000000000, -1.000000000000000000 ) ) ;
#596 = ORIENTED_EDGE ( 'NONE', *, *, #3086, .F. ) ;
#597 = VERTEX_POINT ( 'NONE', #947 ) ;
#598 = EDGE_CURVE ( 'NONE', #720, #637, #4116, .T. ) ;
#599 = DIRECTION ( 'NONE',  ( -1.000000000000000000, -0.000000000000000000, -0.000000000000000000 ) ) ;
#600 = LINE ( 'NONE', #3006, #1038 ) ;
#601 = CARTESIAN_POINT ( 'NONE',  ( 5.849999999999969447, 41.24999999999999289, -1.000000000000000000 ) ) ;
#602 = DIRECTION ( 'NONE',  ( 0.000000000000000000, 0.4999999999999950595, -0.8660254037844414832 ) ) ;
#603 = VERTEX_POINT ( 'NONE', #638 ) ;
#604 = DIRECTION ( 'NONE',  ( 0.000000000000000000, 0.8660254037844414832, 0.4999999999999950595 ) ) ;
#605 = ORIENTED_EDGE ( 'NONE', *, *, #511, .F. ) ;
#606 = ORIENTED_EDGE ( 'NONE', *, *, #3987, .T. ) ;
#607 = CARTESIAN_POINT ( 'NONE',  ( 2.000000000000000000, 163.0000000000000000, 0.000000000000000000 ) ) ;
#608 = CARTESIAN_POINT ( 'NONE',  ( 49.60000000000008669, 149.0000000000000284, -40.00000000000000711 ) ) ;
#609 = DIRECTION ( 'NONE',  ( -1.000000000000000000, 0.000000000000000000, 0.000000000000000000 ) ) ;
#610 = DIRECTION ( 'NONE',  ( -1.000000000000000000, -0.000000000000000000, -0.000000000000000000 ) ) ;
#611 = AXIS2_PLACEMENT_3D ( 'NONE', #822, #2557, #3633 ) ;
#612 = VECTOR ( 'NONE', #1903, 1000.000000000000000 ) ;
#613 = CIRCLE ( 'NONE', #102, 2.000000000000000000 ) ;
#614 = ADVANCED_FACE ( 'NONE', ( #1636 ), #572, .T. ) ;
#615 = VERTEX_POINT ( 'NONE', #4140 ) ;
#616 = ORIENTED_EDGE ( 'NONE', *, *, #1250, .F. ) ;
#617 = DIRECTION ( 'NONE',  ( -1.000000000000000000, -0.000000000000000000, -0.000000000000000000 ) ) ;
#618 = DIRECTION ( 'NONE',  ( 0.000000000000000000, -0.8660254037844389297, -0.4999999999999993339 ) ) ;
#619 = CARTESIAN_POINT ( 'NONE',  ( 5.000000000000084377, 149.0000000000000284, -40.00000000000000711 ) ) ;
#620 = DIRECTION ( 'NONE',  ( 0.000000000000000000, -0.4999999999999993894, 0.8660254037844390407 ) ) ;
#621 = ORIENTED_EDGE ( 'NONE', *, *, #6, .F. ) ;
#622 = LINE ( 'NONE', #1988, #496 ) ;
#623 = DIRECTION ( 'NONE',  ( 0.000000000000000000, -0.8660254037844389297, -0.4999999999999993339 ) ) ;
#624 = VERTEX_POINT ( 'NONE', #2304 ) ;
#625 = VECTOR ( 'NONE', #3401, 1000.000000000000227 ) ;
#626 = LINE ( 'NONE', #2033, #2024 ) ;
#627 = VERTEX_POINT ( 'NONE', #3369 ) ;
#628 = EDGE_CURVE ( 'NONE', #4446, #4378, #2116, .T. ) ;
#629 = AXIS2_PLACEMENT_3D ( 'NONE', #393, #3162, #32 ) ;
#630 = CARTESIAN_POINT ( 'NONE',  ( 2.000000000000000000, 165.0000000000000000, 0.000000000000000000 ) ) ;
#631 = CARTESIAN_POINT ( 'NONE',  ( 16.51481022896316020, 165.0000000000000284, -1.514792984782889818 ) ) ;
#632 = VERTEX_POINT ( 'NONE', #548 ) ;
#633 = CARTESIAN_POINT ( 'NONE',  ( 39.24129772363647106, 8.064766724041116391E-16, -1.758701673391545262 ) ) ;
#634 = EDGE_LOOP ( 'NONE', ( #864, #213, #4220, #3665 ) ) ;
#635 = DIRECTION ( 'NONE',  ( 0.000000000000000000, -0.4999999999999973910, 0.8660254037844401509 ) ) ;
#636 = VECTOR ( 'NONE', #617, 1000.000000000000000 ) ;
#637 = VERTEX_POINT ( 'NONE', #4432 ) ;
#638 = CARTESIAN_POINT ( 'NONE',  ( 55.99999999999999289, 36.67661090932671186, -13.00000000000000000 ) ) ;
#639 = ORIENTED_EDGE ( 'NONE', *, *, #1491, .F. ) ;
#640 = VECTOR ( 'NONE', #668, 1000.000000000000114 ) ;
#641 = LINE ( 'NONE', #3860, #2470 ) ;
#642 = PLANE ( 'NONE',  #4067 ) ;
#643 = PLANE ( 'NONE',  #792 ) ;
#644 = EDGE_CURVE ( 'NONE', #29, #2846, #3801, .T. ) ;
#645 = ADVANCED_FACE ( 'NONE', ( #212 ), #970, .F. ) ;
#646 = DIRECTION ( 'NONE',  ( 0.000000000000000000, 0.000000000000000000, -1.000000000000000000 ) ) ;
#647 = ORIENTED_EDGE ( 'NONE', *, *, #1810, .F. ) ;
#648 = DIRECTION ( 'NONE',  ( 0.000000000000000000, 0.000000000000000000, -1.000000000000000000 ) ) ;
#649 = ORIENTED_EDGE ( 'NONE', *, *, #2202, .T. ) ;
#650 = ORIENTED_EDGE ( 'NONE', *, *, #44, .F. ) ;
#651 = EDGE_CURVE ( 'NONE', #4019, #1432, #4517, .T. ) ;
#652 = CARTESIAN_POINT ( 'NONE',  ( 15.00000000000000000, 165.0000000000000000, 3.000000000000000000 ) ) ;
#653 = DIRECTION ( 'NONE',  ( -1.000000000000000000, -0.000000000000000000, -0.000000000000000000 ) ) ;
#654 = CARTESIAN_POINT ( 'NONE',  ( 0.000000000000000000, 99.27468712068004209, -11.49999999999999467 ) ) ;
#655 = ORIENTED_EDGE ( 'NONE', *, *, #2282, .F. ) ;
#656 = CARTESIAN_POINT ( 'NONE',  ( 56.00000000000000000, 142.2983178519305909, 39.32046689773564907 ) ) ;
#657 = VERTEX_POINT ( 'NONE', #1725 ) ;
#658 = ADVANCED_FACE ( 'NONE', ( #1035 ), #407, .F. ) ;
#659 = CARTESIAN_POINT ( 'NONE',  ( 41.00000000000000000, 165.0000000000000284, 1.117451295116064447 ) ) ;
#660 = ORIENTED_EDGE ( 'NONE', *, *, #2748, .T. ) ;
#661 = ORIENTED_EDGE ( 'NONE', *, *, #3975, .F. ) ;
#662 = EDGE_CURVE ( 'NONE', #1376, #1459, #2066, .T. ) ;
#663 = VECTOR ( 'NONE', #2660, 1000.000000000000000 ) ;
#664 = VECTOR ( 'NONE', #342, 1000.000000000000114 ) ;
#665 = FACE_OUTER_BOUND ( 'NONE', #2526, .T. ) ;
#666 = DIRECTION ( 'NONE',  ( 1.000000000000000000, 0.000000000000000000, 0.000000000000000000 ) ) ;
#667 = ORIENTED_EDGE ( 'NONE', *, *, #4126, .F. ) ;
#668 = DIRECTION ( 'NONE',  ( 0.000000000000000000, 0.4999999999999971134, -0.8660254037844402619 ) ) ;
#669 = LINE ( 'NONE', #1732, #1365 ) ;
#670 = ORIENTED_EDGE ( 'NONE', *, *, #1259, .F. ) ;
#671 = ORIENTED_EDGE ( 'NONE', *, *, #1633, .F. ) ;
#672 = CARTESIAN_POINT ( 'NONE',  ( 54.00000000000000000, 165.0000000000000000, 0.000000000000000000 ) ) ;
#673 = DIRECTION ( 'NONE',  ( 0.000000000000000000, -0.8660254037844400399, -0.4999999999999976685 ) ) ;
#674 = VERTEX_POINT ( 'NONE', #4187 ) ;
#675 = CARTESIAN_POINT ( 'NONE',  ( 150.0000000000000000, 114.2746871206800421, -11.49999999999999289 ) ) ;
#676 = DIRECTION ( 'NONE',  ( -1.000000000000000000, 0.000000000000000000, -0.000000000000000000 ) ) ;
#677 = CARTESIAN_POINT ( 'NONE',  ( 52.40000000000008384, 108.0000000000000142, -30.00000000000000711 ) ) ;
#678 = ORIENTED_EDGE ( 'NONE', *, *, #1341, .T. ) ;
#679 = ADVANCED_FACE ( 'NONE', ( #3834 ), #1788, .F. ) ;
#680 = CYLINDRICAL_SURFACE ( 'NONE', #1883, 2.000000000000000000 ) ;
#681 = ORIENTED_EDGE ( 'NONE', *, *, #1658, .T. ) ;
#682 = PLANE ( 'NONE',  #81 ) ;
#683 = ORIENTED_EDGE ( 'NONE', *, *, #2143, .T. ) ;
#684 = CARTESIAN_POINT ( 'NONE',  ( 39.00000000000000000, 165.0000000000000000, 2.000000000000000000 ) ) ;
#685 = ORIENTED_EDGE ( 'NONE', *, *, #4417, .F. ) ;
#686 = ORIENTED_EDGE ( 'NONE', *, *, #435, .F. ) ;
#687 = EDGE_CURVE ( 'NONE', #2713, #1306, #211, .T. ) ;
#688 = VECTOR ( 'NONE', #691, 1000.000000000000000 ) ;
#689 = CARTESIAN_POINT ( 'NONE',  ( 47.49999999999997158, 123.7500000000000000, 3.000000000000000000 ) ) ;
#690 = VECTOR ( 'NONE', #2801, 1000.000000000000000 ) ;
#691 = DIRECTION ( 'NONE',  ( 0.000000000000000000, -0.8660254037844394848, -0.4999999999999985012 ) ) ;
#692 = CARTESIAN_POINT ( 'NONE',  ( 5.000000000000084377, 60.00000000000000711, -35.00000000000000000 ) ) ;
#693 = DIRECTION ( 'NONE',  ( 0.000000000000000000, 0.8660254037844410391, 0.4999999999999958922 ) ) ;
#694 = ORIENTED_EDGE ( 'NONE', *, *, #4440, .T. ) ;
#695 = DIRECTION ( 'NONE',  ( 0.000000000000000000, 0.4999999999999976130, -0.8660254037844399289 ) ) ;
#696 = ORIENTED_EDGE ( 'NONE', *, *, #2885, .F. ) ;
#697 = ORIENTED_EDGE ( 'NONE', *, *, #2959, .F. ) ;
#698 = EDGE_CURVE ( 'NONE', #3914, #2620, #2981, .T. ) ;
#699 = VECTOR ( 'NONE', #1853, 1000.000000000000000 ) ;
#700 = FACE_OUTER_BOUND ( 'NONE', #3192, .T. ) ;
#701 = DIRECTION ( 'NONE',  ( 0.000000000000000000, -0.4999999999999976130, 0.8660254037844399289 ) ) ;
#702 = CARTESIAN_POINT ( 'NONE',  ( 150.0000000000000000, 94.27468712067998524, -28.82050807568881012 ) ) ;
#703 = ORIENTED_EDGE ( 'NONE', *, *, #738, .T. ) ;
#704 = CARTESIAN_POINT ( 'NONE',  ( 0.000000000000000000, 2.000000000000001776, -2.000000000000000000 ) ) ;
#705 = EDGE_LOOP ( 'NONE', ( #4488, #2894, #3062, #1223 ) ) ;
#706 = VECTOR ( 'NONE', #2361, 1000.000000000000000 ) ;
#707 = EDGE_CURVE ( 'NONE', #3048, #1831, #1355, .T. ) ;
#708 = LINE ( 'NONE', #2797, #3221 ) ;
#709 = AXIS2_PLACEMENT_3D ( 'NONE', #2845, #4261, #1474 ) ;
#710 = ORIENTED_EDGE ( 'NONE', *, *, #651, .T. ) ;
#711 = ORIENTED_EDGE ( 'NONE', *, *, #1399, .F. ) ;
#712 = ADVANCED_FACE ( 'NONE', ( #3880 ), #3456, .F. ) ;
#713 = CARTESIAN_POINT ( 'NONE',  ( 55.99999999999999289, 109.2746871206799852, -28.82050807568881012 ) ) ;
#714 = LINE ( 'NONE', #3508, #690 ) ;
#715 = EDGE_LOOP ( 'NONE', ( #2003, #2863, #1444, #3874 ) ) ;
#716 = DIRECTION ( 'NONE',  ( 0.000000000000000000, -0.8660254037844414832, -0.4999999999999950595 ) ) ;
#717 = AXIS2_PLACEMENT_3D ( 'NONE', #2631, #134, #1561 ) ;
#718 = AXIS2_PLACEMENT_3D ( 'NONE', #684, #1815, #2416 ) ;
#719 = CARTESIAN_POINT ( 'NONE',  ( 56.00000000000000000, 74.37829305739593622, -52.32046689773551407 ) ) ;
#720 = VERTEX_POINT ( 'NONE', #3 ) ;
#721 = ORIENTED_EDGE ( 'NONE', *, *, #2610, .F. ) ;
#722 = LINE ( 'NONE', #3466, #1266 ) ;
#723 = CARTESIAN_POINT ( 'NONE',  ( 53.99999999999999289, 84.27468712068004209, -11.49999999999999467 ) ) ;
#724 = AXIS2_PLACEMENT_3D ( 'NONE', #2248, #917, #1951 ) ;
#725 = EDGE_CURVE ( 'NONE', #1285, #1700, #322, .T. ) ;
#726 = ORIENTED_EDGE ( 'NONE', *, *, #315, .T. ) ;
#727 = CARTESIAN_POINT ( 'NONE',  ( 56.00000000000000000, 88.22636926874926644, -44.32527636935223114 ) ) ;
#728 = VERTEX_POINT ( 'NONE', #3528 ) ;
#729 = LINE ( 'NONE', #40, #4371 ) ;
#730 = ORIENTED_EDGE ( 'NONE', *, *, #1564, .T. ) ;
#731 = LINE ( 'NONE', #384, #1677 ) ;
#732 = EDGE_LOOP ( 'NONE', ( #2123, #1900, #1581, #2941 ) ) ;
#733 = CARTESIAN_POINT ( 'NONE',  ( 51.00000000000008527, 108.0000000000000142, -40.00000000000000711 ) ) ;
#734 = DIRECTION ( 'NONE',  ( 0.000000000000000000, -0.4999999999999973910, 0.8660254037844401509 ) ) ;
#735 = ORIENTED_EDGE ( 'NONE', *, *, #385, .F. ) ;
#736 = CARTESIAN_POINT ( 'NONE',  ( 45.84999999999997300, 123.7500000000000000, -1.000000000000000000 ) ) ;
#737 = VECTOR ( 'NONE', #110, 1000.000000000000000 ) ;
#738 = EDGE_CURVE ( 'NONE', #4189, #2903, #2798, .T. ) ;
#739 = VECTOR ( 'NONE', #1529, 1000.000000000000000 ) ;
#740 = B_SPLINE_CURVE_WITH_KNOTS ( 'NONE', 3,
 ( #270, #2037, #2388, #1674, #4088, #1007, #3779, #631, #3430, #4134 ),
 .UNSPECIFIED., .F., .F.,
 ( 4, 2, 2, 2, 4 ),
 ( 0.000000000000000000, 0.001023740819106960841, 0.002047481638213921682, 0.003071222457320882740, 0.004094963276427843364 ),
 .UNSPECIFIED. ) ;
#741 = MECHANICAL_DESIGN_GEOMETRIC_PRESENTATION_REPRESENTATION (  '', ( #1702 ), #1551 ) ;
#742 = CARTESIAN_POINT ( 'NONE',  ( 33.85857157145715490, 165.0000000000000000, -38.00000000000000000 ) ) ;
#743 = ORIENTED_EDGE ( 'NONE', *, *, #3763, .F. ) ;
#744 = AXIS2_PLACEMENT_3D ( 'NONE', #2016, #3472, #1078 ) ;
#745 = DIRECTION ( 'NONE',  ( -1.000000000000000000, 0.000000000000000000, 0.000000000000000000 ) ) ;
#746 = ORIENTED_EDGE ( 'NONE', *, *, #592, .F. ) ;
#747 = ADVANCED_FACE ( 'NONE', ( #3109 ), #3426, .F. ) ;
#748 = EDGE_CURVE ( 'NONE', #3945, #2275, #2109, .T. ) ;
#749 = DIRECTION ( 'NONE',  ( 1.000000000000000000, 0.000000000000000000, 0.000000000000000000 ) ) ;
#750 = DIRECTION ( 'NONE',  ( 0.000000000000000000, -0.000000000000000000, 1.000000000000000000 ) ) ;
#751 = VERTEX_POINT ( 'NONE', #2137 ) ;
#752 = CARTESIAN_POINT ( 'NONE',  ( 49.60000000000008669, 108.0000000000000142, -30.00000000000000711 ) ) ;
#753 = ORIENTED_EDGE ( 'NONE', *, *, #4092, .T. ) ;
#754 = DIRECTION ( 'NONE',  ( 1.000000000000000000, 0.000000000000000000, 0.000000000000000000 ) ) ;
#755 = AXIS2_PLACEMENT_3D ( 'NONE', #2897, #1559, #2156 ) ;
#756 = PLANE ( 'NONE',  #1111 ) ;
#757 = CARTESIAN_POINT ( 'NONE',  ( 40.54278212254794056, 165.0000000000000284, -0.1699254011263998387 ) ) ;
#758 = ORIENTED_EDGE ( 'NONE', *, *, #1157, .T. ) ;
#759 = EDGE_CURVE ( 'NONE', #3268, #4455, #1087, .T. ) ;
#760 = LINE ( 'NONE', #2543, #198 ) ;
#761 = ORIENTED_EDGE ( 'NONE', *, *, #1314, .T. ) ;
#762 = EDGE_CURVE ( 'NONE', #4277, #83, #825, .T. ) ;
#763 = DIRECTION ( 'NONE',  ( 0.000000000000000000, 0.4999999999999958922, -0.8660254037844410391 ) ) ;
#764 = ORIENTED_EDGE ( 'NONE', *, *, #4021, .F. ) ;
#765 = CYLINDRICAL_SURFACE ( 'NONE', #814, 1.400000000000001910 ) ;
#766 = DIRECTION ( 'NONE',  ( -0.000000000000000000, -0.000000000000000000, -1.000000000000000000 ) ) ;
#767 = VERTEX_POINT ( 'NONE', #3291 ) ;
#768 = DIRECTION ( 'NONE',  ( -1.000000000000000000, -0.000000000000000000, -0.000000000000000000 ) ) ;
#769 = DIRECTION ( 'NONE',  ( -0.000000000000000000, -0.000000000000000000, 1.000000000000000000 ) ) ;
#770 = ORIENTED_EDGE ( 'NONE', *, *, #3404, .F. ) ;
#771 = CARTESIAN_POINT ( 'NONE',  ( 150.0000000000000000, 84.27468712068004209, -11.49999999999999467 ) ) ;
#772 = ORIENTED_EDGE ( 'NONE', *, *, #3094, .F. ) ;
#773 = CARTESIAN_POINT ( 'NONE',  ( 2.000000000000001776, 114.2746871206800421, -11.49999999999999289 ) ) ;
#774 = MANIFOLD_SOLID_BREP ( 'Cut-Extrude3', #3613 ) ;
#775 = VECTOR ( 'NONE', #2535, 1000.000000000000000 ) ;
#776 = CARTESIAN_POINT ( 'NONE',  ( 54.00000000000000000, 148.5483178519310457, 28.49514935042972752 ) ) ;
#777 = CARTESIAN_POINT ( 'NONE',  ( 39.00000000000000000, 163.0000000000000000, 2.000000000000000000 ) ) ;
#778 = VECTOR ( 'NONE', #2463, 1000.000000000000000 ) ;
#779 = ORIENTED_EDGE ( 'NONE', *, *, #882, .T. ) ;
#780 = ORIENTED_EDGE ( 'NONE', *, *, #824, .T. ) ;
#781 = VECTOR ( 'NONE', #458, 1000.000000000000227 ) ;
#782 = DIRECTION ( 'NONE',  ( -1.000000000000000000, 0.000000000000000000, 0.000000000000000000 ) ) ;
#783 = DIRECTION ( 'NONE',  ( 1.000000000000000000, 0.000000000000000000, 0.000000000000000000 ) ) ;
#784 = ORIENTED_EDGE ( 'NONE', *, *, #317, .T. ) ;
#785 = AXIS2_PLACEMENT_3D ( 'NONE', #2906, #72, #2931 ) ;
#786 = DIRECTION ( 'NONE',  ( 1.261617073437677752E-16, 1.000000000000000000, -0.000000000000000000 ) ) ;
#787 = CARTESIAN_POINT ( 'NONE',  ( 0.000000000000000000, 154.2746871206799995, -28.82050807568880657 ) ) ;
#788 = ORIENTED_EDGE ( 'NONE', *, *, #1393, .T. ) ;
#789 = DIRECTION ( 'NONE',  ( 0.000000000000000000, -0.4999999999999976130, 0.8660254037844399289 ) ) ;
#790 = LINE ( 'NONE', #2193, #834 ) ;
#791 = ORIENTED_EDGE ( 'NONE', *, *, #628, .F. ) ;
#792 = AXIS2_PLACEMENT_3D ( 'NONE', #1707, #4420, #1258 ) ;
#793 = DIRECTION ( 'NONE',  ( 1.000000000000000000, -1.261617073437677752E-16, -0.000000000000000000 ) ) ;
#794 = VECTOR ( 'NONE', #434, 999.9999999999998863 ) ;
#795 = ORIENTED_EDGE ( 'NONE', *, *, #2701, .F. ) ;
#796 = CARTESIAN_POINT ( 'NONE',  ( 0.000000000000000000, 46.67661090932666212, -30.32050807568880302 ) ) ;
#797 = ORIENTED_EDGE ( 'NONE', *, *, #698, .T. ) ;
#798 = FACE_OUTER_BOUND ( 'NONE', #1960, .T. ) ;
#799 = B_SPLINE_CURVE_WITH_KNOTS ( 'NONE', 3,
 ( #2370, #984, #877, #2409, #2390, #1310, #3668, #1350, #633, #3782 ),
 .UNSPECIFIED., .F., .F.,
 ( 4, 2, 2, 2, 4 ),
 ( 0.000000000000000000, 0.001023740819106960191, 0.002047481638213920381, 0.003071222457320880572, 0.004094963276427840762 ),
 .UNSPECIFIED. ) ;
#800 = EDGE_CURVE ( 'NONE', #2585, #4250, #1186, .T. ) ;
#801 = CARTESIAN_POINT ( 'NONE',  ( 51.00000000000008527, 108.0000000000000142, -40.00000000000000711 ) ) ;
#802 = PLANE ( 'NONE',  #2793 ) ;
#803 = EDGE_CURVE ( 'NONE', #2275, #3318, #2516, .T. ) ;
#804 = FACE_BOUND ( 'NONE', #875, .T. ) ;
#805 = ORIENTED_EDGE ( 'NONE', *, *, #1388, .F. ) ;
#806 = CARTESIAN_POINT ( 'NONE',  ( 150.0000000000000000, 99.27468712068004209, -11.49999999999999467 ) ) ;
#807 = CARTESIAN_POINT ( 'NONE',  ( 150.0000000000000000, 79.27468712067998524, -28.82050807568881012 ) ) ;
#808 = VERTEX_POINT ( 'NONE', #4020 ) ;
#809 = VECTOR ( 'NONE', #986, 1000.000000000000000 ) ;
#810 = DIRECTION ( 'NONE',  ( 0.000000000000000000, 0.4999999999999976130, -0.8660254037844399289 ) ) ;
#811 = DIRECTION ( 'NONE',  ( 0.000000000000000000, -0.4999999999999971134, 0.8660254037844402619 ) ) ;
#812 = ORIENTED_EDGE ( 'NONE', *, *, #1326, .F. ) ;
#813 = DIRECTION ( 'NONE',  ( 0.000000000000000000, -0.4999999999999976130, 0.8660254037844399289 ) ) ;
#814 = AXIS2_PLACEMENT_3D ( 'NONE', #99, #2168, #1498 ) ;
#815 = VECTOR ( 'NONE', #292, 1000.000000000000000 ) ;
#816 = CARTESIAN_POINT ( 'NONE',  ( 6.400000000000082956, 149.0000000000000284, -30.00000000000000711 ) ) ;
#817 = ADVANCED_FACE ( 'NONE', ( #2183 ), #3943, .F. ) ;
#818 = DIRECTION ( 'NONE',  ( -1.000000000000000000, -0.000000000000000000, -0.000000000000000000 ) ) ;
#819 = ORIENTED_EDGE ( 'NONE', *, *, #2650, .T. ) ;
#820 = CARTESIAN_POINT ( 'NONE',  ( 0.000000000000000000, 0.000000000000000000, 3.000000000000000000 ) ) ;
#821 = ORIENTED_EDGE ( 'NONE', *, *, #473, .F. ) ;
#822 = CARTESIAN_POINT ( 'NONE',  ( 7.499999999999969802, 41.24999999999999289, -1.000000000000000000 ) ) ;
#823 = FACE_OUTER_BOUND ( 'NONE', #70, .T. ) ;
#824 = EDGE_CURVE ( 'NONE', #2542, #3489, #1466, .T. ) ;
#825 = LINE ( 'NONE', #3267, #2567 ) ;
#826 = ORIENTED_EDGE ( 'NONE', *, *, #2509, .F. ) ;
#827 = PLANE ( 'NONE',  #3347 ) ;
#828 = LINE ( 'NONE', #1545, #2314 ) ;
#829 = ADVANCED_FACE ( 'NONE', ( #3571 ), #802, .F. ) ;
#830 = ORIENTED_EDGE ( 'NONE', *, *, #3647, .F. ) ;
#831 = DIRECTION ( 'NONE',  ( 0.000000000000000000, -0.4999999999999976130, 0.8660254037844399289 ) ) ;
#832 = CARTESIAN_POINT ( 'NONE',  ( 150.0000000000000000, 99.27468712068004209, -11.49999999999999467 ) ) ;
#833 = ORIENTED_EDGE ( 'NONE', *, *, #3814, .T. ) ;
#834 = VECTOR ( 'NONE', #439, 999.9999999999998863 ) ;
#835 = CARTESIAN_POINT ( 'NONE',  ( 22.14142842854282378, 2.000000000000001776, -38.00000000000000000 ) ) ;
#836 = CARTESIAN_POINT ( 'NONE',  ( 54.00000000000000000, 163.5483178519307330, 2.514387236896741928 ) ) ;
#837 = DIRECTION ( 'NONE',  ( -0.000000000000000000, 0.8660254037844402619, 0.4999999999999973355 ) ) ;
#838 = EDGE_LOOP ( 'NONE', ( #166, #2506, #1336, #3298 ) ) ;
#839 = CARTESIAN_POINT ( 'NONE',  ( 150.0000000000000000, 124.2746871206799852, -28.82050807568881012 ) ) ;
#840 = AXIS2_PLACEMENT_3D ( 'NONE', #1282, #1622, #2316 ) ;
#841 = CARTESIAN_POINT ( 'NONE',  ( 47.49999999999997158, 123.7500000000000000, -1.000000000000000000 ) ) ;
#842 = CARTESIAN_POINT ( 'NONE',  ( 54.00000000000000000, 121.9763692687493801, -24.83970478420242500 ) ) ;
#843 = ADVANCED_FACE ( 'NONE', ( #88 ), #2206, .F. ) ;
#844 = FACE_BOUND ( 'NONE', #4486, .T. ) ;
#845 = LINE ( 'NONE', #3637, #2291 ) ;
#846 = LINE ( 'NONE', #2252, #523 ) ;
#847 = EDGE_CURVE ( 'NONE', #4250, #3914, #4480, .T. ) ;
#848 = EDGE_CURVE ( 'NONE', #1542, #1322, #846, .T. ) ;
#849 = VECTOR ( 'NONE', #1284, 1000.000000000000114 ) ;
#850 = CARTESIAN_POINT ( 'NONE',  ( 54.00000000000000000, 51.87829305739585806, -65.31084795450205149 ) ) ;
#851 = LINE ( 'NONE', #502, #3057 ) ;
#852 = VERTEX_POINT ( 'NONE', #2654 ) ;
#853 = ORIENTED_EDGE ( 'NONE', *, *, #2005, .F. ) ;
#854 = CARTESIAN_POINT ( 'NONE',  ( 56.00000000000000000, 144.4763692687494654, -11.84932372743589468 ) ) ;
#855 = AXIS2_PLACEMENT_3D ( 'NONE', #3359, #221, #286 ) ;
#856 = FACE_BOUND ( 'NONE', #2929, .T. ) ;
#857 = VECTOR ( 'NONE', #831, 1000.000000000000114 ) ;
#858 = FACE_OUTER_BOUND ( 'NONE', #3089, .T. ) ;
#859 = VERTEX_POINT ( 'NONE', #2301 ) ;
#860 = LINE ( 'NONE', #3652, #4411 ) ;
#861 = LINE ( 'NONE', #836, #1594 ) ;
#862 = DIRECTION ( 'NONE',  ( 1.000000000000000000, 0.000000000000000000, 0.000000000000000000 ) ) ;
#863 = EDGE_CURVE ( 'NONE', #2733, #2191, #1037, .T. ) ;
#864 = ORIENTED_EDGE ( 'NONE', *, *, #2881, .T. ) ;
#865 = CARTESIAN_POINT ( 'NONE',  ( 56.00000000000000000, 163.0000000000000000, 0.000000000000000000 ) ) ;
#866 = ORIENTED_EDGE ( 'NONE', *, *, #3305, .F. ) ;
#867 = EDGE_CURVE ( 'NONE', #3048, #2747, #4113, .T. ) ;
#868 = DIRECTION ( 'NONE',  ( 0.000000000000000000, 0.000000000000000000, -1.000000000000000000 ) ) ;
#869 = LINE ( 'NONE', #3659, #138 ) ;
#870 = AXIS2_PLACEMENT_3D ( 'NONE', #148, #1550, #4397 ) ;
#871 = FACE_OUTER_BOUND ( 'NONE', #4142, .T. ) ;
#872 = FACE_BOUND ( 'NONE', #3245, .T. ) ;
#873 = ORIENTED_EDGE ( 'NONE', *, *, #3521, .T. ) ;
#874 = DIRECTION ( 'NONE',  ( -0.000000000000000000, 0.8660254037844402619, 0.4999999999999973355 ) ) ;
#875 = EDGE_LOOP ( 'NONE', ( #456, #812 ) ) ;
#876 = VECTOR ( 'NONE', #3715, 999.9999999999998863 ) ;
#877 = CARTESIAN_POINT ( 'NONE',  ( 40.93421303928051458, 2.600599847745110067E-32, 0.7822873452882848078 ) ) ;
#878 = EDGE_CURVE ( 'NONE', #3853, #3632, #2714, .T. ) ;
#879 = DIRECTION ( 'NONE',  ( -1.000000000000000000, -0.000000000000000000, -0.000000000000000000 ) ) ;
#880 = EDGE_LOOP ( 'NONE', ( #531, #981 ) ) ;
#881 = CARTESIAN_POINT ( 'NONE',  ( 150.0000000000000000, 154.2746871206799995, -28.82050807568880657 ) ) ;
#882 = EDGE_CURVE ( 'NONE', #1541, #1311, #901, .T. ) ;
#883 = EDGE_LOOP ( 'NONE', ( #1717, #4047 ) ) ;
#884 = CARTESIAN_POINT ( 'NONE',  ( 150.0000000000000000, 31.67661090932666212, -30.32050807568880302 ) ) ;
#885 = CARTESIAN_POINT ( 'NONE',  ( 150.0000000000000000, 31.67661090932666212, -30.32050807568880302 ) ) ;
#886 = ORIENTED_EDGE ( 'NONE', *, *, #4103, .F. ) ;
#887 = CARTESIAN_POINT ( 'NONE',  ( 150.0000000000000000, 76.67661090932665502, -30.32050807568879947 ) ) ;
#888 = UNCERTAINTY_MEASURE_WITH_UNIT (LENGTH_MEASURE( 1.000000000000000082E-05 ), #1257, 'distance_accuracy_value', 'NONE');
#889 = CARTESIAN_POINT ( 'NONE',  ( 150.0000000000000000, 94.27468712067998524, -28.82050807568881012 ) ) ;
#890 = LINE ( 'NONE', #514, #1495 ) ;
#891 = ORIENTED_EDGE ( 'NONE', *, *, #3771, .F. ) ;
#892 = PLANE ( 'NONE',  #3857 ) ;
#893 = DIRECTION ( 'NONE',  ( 0.000000000000000000, 0.8660254037844390407, 0.4999999999999993894 ) ) ;
#894 = EDGE_CURVE ( 'NONE', #4211, #517, #2860, .T. ) ;
#895 = CIRCLE ( 'NONE', #80, 4.000000000000003553 ) ;
#896 = CIRCLE ( 'NONE', #3595, 1.649999999999999467 ) ;
#897 = DIRECTION ( 'NONE',  ( 0.000000000000000000, -0.8660254037844414832, -0.4999999999999950595 ) ) ;
#898 = DIRECTION ( 'NONE',  ( -1.000000000000000000, 0.000000000000000000, 0.000000000000000000 ) ) ;
#899 = ORIENTED_EDGE ( 'NONE', *, *, #4523, .T. ) ;
#900 = VECTOR ( 'NONE', #3365, 1000.000000000000000 ) ;
#901 = LINE ( 'NONE', #2722, #304 ) ;
#902 = CARTESIAN_POINT ( 'NONE',  ( 2.000000000000000000, 152.2983178519309604, 21.99995882204647657 ) ) ;
#903 = ORIENTED_EDGE ( 'NONE', *, *, #2014, .T. ) ;
#904 = ORIENTED_EDGE ( 'NONE', *, *, #3477, .T. ) ;
#905 = EDGE_CURVE ( 'NONE', #2725, #2189, #4063, .T. ) ;
#906 = DIRECTION ( 'NONE',  ( -1.000000000000000000, -0.000000000000000000, -0.000000000000000000 ) ) ;
#907 = LINE ( 'NONE', #1942, #3666 ) ;
#908 = CARTESIAN_POINT ( 'NONE',  ( 2.000000000000000000, 165.0000000000000000, -35.00000000000000000 ) ) ;
#909 = EDGE_CURVE ( 'NONE', #1184, #2430, #943, .T. ) ;
#910 = CARTESIAN_POINT ( 'NONE',  ( 7.499999999999971578, 82.49999999999998579, 3.000000000000000000 ) ) ;
#911 = PLANE ( 'NONE',  #109 ) ;
#912 = VERTEX_POINT ( 'NONE', #569 ) ;
#913 = PLANE ( 'NONE',  #4232 ) ;
#914 = VERTEX_POINT ( 'NONE', #3344 ) ;
#915 = ORIENTED_EDGE ( 'NONE', *, *, #3027, .T. ) ;
#916 = FACE_OUTER_BOUND ( 'NONE', #4459, .T. ) ;
#917 = DIRECTION ( 'NONE',  ( -1.000000000000000000, 1.261617073437677752E-16, -0.000000000000000000 ) ) ;
#918 = VECTOR ( 'NONE', #4482, 1000.000000000000000 ) ;
#919 = ADVANCED_FACE ( 'NONE', ( #2998 ), #2351, .F. ) ;
#920 = CARTESIAN_POINT ( 'NONE',  ( 0.000000000000000000, 49.27468712067999235, -28.82050807568881368 ) ) ;
#921 = DIRECTION ( 'NONE',  ( 1.000000000000000000, 0.000000000000000000, -0.000000000000000000 ) ) ;
#922 = ADVANCED_FACE ( 'NONE', ( #2000 ), #3737, .T. ) ;
#923 = VECTOR ( 'NONE', #4353, 1000.000000000000000 ) ;
#924 = EDGE_CURVE ( 'NONE', #515, #3075, #3367, .T. ) ;
#925 = DIRECTION ( 'NONE',  ( 0.000000000000000000, -1.000000000000000000, 0.000000000000000000 ) ) ;
#926 = ORIENTED_EDGE ( 'NONE', *, *, #3968, .F. ) ;
#927 = AXIS2_PLACEMENT_3D ( 'NONE', #1193, #2555, #2601 ) ;
#928 = DIRECTION ( 'NONE',  ( -0.000000000000000000, 0.8660254037844389297, 0.4999999999999993339 ) ) ;
#929 = VECTOR ( 'NONE', #3807, 1000.000000000000114 ) ;
#930 = DIRECTION ( 'NONE',  ( -1.000000000000000000, 0.000000000000000000, 0.000000000000000000 ) ) ;
#931 = CARTESIAN_POINT ( 'NONE',  ( 53.99999999999999289, 69.27468712068004209, -11.49999999999999467 ) ) ;
#932 = VECTOR ( 'NONE', #1281, 1000.000000000000000 ) ;
#933 = LINE ( 'NONE', #2312, #1606 ) ;
#934 = AXIS2_PLACEMENT_3D ( 'NONE', #303, #3838, #2090 ) ;
#935 = PLANE ( 'NONE',  #3185 ) ;
#936 = CARTESIAN_POINT ( 'NONE',  ( 150.0000000000000000, 129.2746871206800279, -11.49999999999999289 ) ) ;
#937 = ORIENTED_EDGE ( 'NONE', *, *, #2754, .T. ) ;
#938 = FACE_OUTER_BOUND ( 'NONE', #4095, .T. ) ;
#939 = ORIENTED_EDGE ( 'NONE', *, *, #2764, .F. ) ;
#940 = CARTESIAN_POINT ( 'NONE',  ( 15.00000000000000000, 165.0000000000000000, 3.000000000000000000 ) ) ;
#941 = VERTEX_POINT ( 'NONE', #4431 ) ;
#942 = EDGE_CURVE ( 'NONE', #3605, #3489, #1025, .T. ) ;
#943 = LINE ( 'NONE', #546, #3207 ) ;
#944 = VERTEX_POINT ( 'NONE', #252 ) ;
#945 = AXIS2_PLACEMENT_3D ( 'NONE', #3355, #2661, #220 ) ;
#946 = CIRCLE ( 'NONE', #1680, 1.399999999999998579 ) ;
#947 = CARTESIAN_POINT ( 'NONE',  ( 55.99999999999999289, 21.67661090932671186, -13.00000000000000000 ) ) ;
#948 = EDGE_LOOP ( 'NONE', ( #22, #3327, #4401, #3809 ) ) ;
#949 = ORIENTED_EDGE ( 'NONE', *, *, #2617, .F. ) ;
#950 = PRODUCT_DEFINITION_SHAPE ( 'NONE', 'NONE',  #3534 ) ;
#951 = CARTESIAN_POINT ( 'NONE',  ( 52.40000000000008384, 60.00000000000000711, -35.00000000000000000 ) ) ;
#952 = CARTESIAN_POINT ( 'NONE',  ( 0.000000000000000000, 154.2746871206799995, -28.82050807568880657 ) ) ;
#953 = LINE ( 'NONE', #3746, #688 ) ;
#954 = CARTESIAN_POINT ( 'NONE',  ( 40.99999999999997868, 0.000000000000000000, 3.000000000000000000 ) ) ;
#955 = EDGE_CURVE ( 'NONE', #2625, #1155, #1654, .T. ) ;
#956 = CARTESIAN_POINT ( 'NONE',  ( 150.0000000000000000, 46.67661090932666212, -30.32050807568880302 ) ) ;
#957 = EDGE_LOOP ( 'NONE', ( #2854, #4164, #3468, #1928 ) ) ;
#958 = FACE_BOUND ( 'NONE', #2464, .T. ) ;
#959 = VERTEX_POINT ( 'NONE', #2372 ) ;
#960 = EDGE_LOOP ( 'NONE', ( #3664, #201, #2958, #4163 ) ) ;
#961 = EDGE_CURVE ( 'NONE', #560, #1954, #2020, .T. ) ;
#962 = LINE ( 'NONE', #1741, #4118 ) ;
#963 = LINE ( 'NONE', #2369, #1997 ) ;
#964 = CARTESIAN_POINT ( 'NONE',  ( 150.0000000000000000, 114.2746871206800421, -11.49999999999999289 ) ) ;
#965 = CARTESIAN_POINT ( 'NONE',  ( 47.49999999999997158, 82.49999999999998579, 3.000000000000000000 ) ) ;
#966 = EDGE_LOOP ( 'NONE', ( #3004, #3233 ) ) ;
#967 = AXIS2_PLACEMENT_3D ( 'NONE', #1714, #3429, #3058 ) ;
#968 = AXIS2_PLACEMENT_3D ( 'NONE', #777, #1149, #2952 ) ;
#969 = VECTOR ( 'NONE', #1269, 1000.000000000000227 ) ;
#970 = CYLINDRICAL_SURFACE ( 'NONE', #1826, 1.399999999999998579 ) ;
#971 = EDGE_LOOP ( 'NONE', ( #165, #3065 ) ) ;
#972 = ORIENTED_EDGE ( 'NONE', *, *, #1049, .F. ) ;
#973 = DIRECTION ( 'NONE',  ( -1.000000000000000000, -0.000000000000000000, -0.000000000000000000 ) ) ;
#974 = EDGE_CURVE ( 'NONE', #859, #1711, #273, .T. ) ;
#975 = CYLINDRICAL_SURFACE ( 'NONE', #1996, 1.650000000000000355 ) ;
#976 = CARTESIAN_POINT ( 'NONE',  ( 0.000000000000000000, 129.2746871206800279, -11.49999999999999289 ) ) ;
#977 = CARTESIAN_POINT ( 'NONE',  ( 53.99999999999999289, 114.2746871206800421, -11.49999999999999289 ) ) ;
#978 = ORIENTED_EDGE ( 'NONE', *, *, #1543, .F. ) ;
#979 = CARTESIAN_POINT ( 'NONE',  ( 52.40000000000008384, 19.00000000000000355, -30.00000000000000711 ) ) ;
#980 = EDGE_LOOP ( 'NONE', ( #2882, #1397, #1648, #3999 ) ) ;
#981 = ORIENTED_EDGE ( 'NONE', *, *, #449, .F. ) ;
#982 = DIRECTION ( 'NONE',  ( 0.000000000000000000, 0.000000000000000000, -1.000000000000000000 ) ) ;
#983 = DIRECTION ( 'NONE',  ( -1.000000000000000000, -0.000000000000000000, -0.000000000000000000 ) ) ;
#984 = CARTESIAN_POINT ( 'NONE',  ( 40.99999999999997868, -4.336808689942020694E-16, 1.117447948547975356 ) ) ;
#985 = ORIENTED_EDGE ( 'NONE', *, *, #1063, .F. ) ;
#986 = DIRECTION ( 'NONE',  ( -1.000000000000000000, -0.000000000000000000, -0.000000000000000000 ) ) ;
#987 = EDGE_CURVE ( 'NONE', #123, #3959, #3171, .T. ) ;
#988 = DIRECTION ( 'NONE',  ( 0.000000000000000000, 0.000000000000000000, -1.000000000000000000 ) ) ;
#989 = ORIENTED_EDGE ( 'NONE', *, *, #2817, .F. ) ;
#990 = ADVANCED_FACE ( 'NONE', ( #2061 ), #1785, .F. ) ;
#991 = EDGE_CURVE ( 'NONE', #637, #1061, #339, .T. ) ;
#992 = EDGE_LOOP ( 'NONE', ( #4342, #2040, #2784, #3001 ) ) ;
#993 = CARTESIAN_POINT ( 'NONE',  ( 0.000000000000000000, 39.27468712068003498, -11.49999999999999467 ) ) ;
#994 = DIRECTION ( 'NONE',  ( 0.000000000000000000, 0.000000000000000000, -1.000000000000000000 ) ) ;
#995 = ADVANCED_FACE ( 'NONE', ( #1719 ), #1081, .F. ) ;
#996 = EDGE_CURVE ( 'NONE', #4294, #1778, #2494, .T. ) ;
#997 = DIRECTION ( 'NONE',  ( -0.000000000000000000, 0.8660254037844389297, 0.4999999999999993339 ) ) ;
#998 = DIRECTION ( 'NONE',  ( -1.000000000000000000, -0.000000000000000000, -0.000000000000000000 ) ) ;
#999 = ORIENTED_EDGE ( 'NONE', *, *, #52, .F. ) ;
#1000 = AXIS2_PLACEMENT_3D ( 'NONE', #2429, #1372, #361 ) ;
#1001 = DIRECTION ( 'NONE',  ( 0.000000000000000000, 0.8660254037844390407, 0.4999999999999993894 ) ) ;
#1002 = CARTESIAN_POINT ( 'NONE',  ( 2.000000000000000000, 63.12829305739587937, -58.81565742611878989 ) ) ;
#1003 = ORIENTED_EDGE ( 'NONE', *, *, #3015, .F. ) ;
#1004 = VECTOR ( 'NONE', #2292, 1000.000000000000114 ) ;
#1005 = ADVANCED_FACE ( 'NONE', ( #1421 ), #680, .T. ) ;
#1006 = CARTESIAN_POINT ( 'NONE',  ( 0.000000000000000000, 84.27468712068004209, -11.49999999999999467 ) ) ;
#1007 = CARTESIAN_POINT ( 'NONE',  ( 15.83578266201098472, 165.0000000000000284, -0.7390335471273845602 ) ) ;
#1008 = ADVANCED_FACE ( 'NONE', ( #1374 ), #2431, .F. ) ;
#1009 = CARTESIAN_POINT ( 'NONE',  ( 150.0000000000000000, 96.67661090932671186, -13.00000000000000000 ) ) ;
#1010 = VERTEX_POINT ( 'NONE', #2042 ) ;
#1011 = PLANE ( 'NONE',  #2111 ) ;
#1012 = AXIS2_PLACEMENT_3D ( 'NONE', #168, #1984, #2703 ) ;
#1013 = CARTESIAN_POINT ( 'NONE',  ( 51.00000000000008527, 19.00000000000000355, -30.00000000000000711 ) ) ;
#1014 = ORIENTED_EDGE ( 'NONE', *, *, #73, .T. ) ;
#1015 = EDGE_LOOP ( 'NONE', ( #3457, #1918, #299, #3212 ) ) ;
#1016 = VECTOR ( 'NONE', #897, 1000.000000000000114 ) ;
#1017 = CARTESIAN_POINT ( 'NONE',  ( 0.000000000000000000, 0.000000000000000000, 3.000000000000000000 ) ) ;
#1018 = DIRECTION ( 'NONE',  ( 0.000000000000000000, -0.4999999999999973910, 0.8660254037844401509 ) ) ;
#1019 = DIRECTION ( 'NONE',  ( -1.000000000000000000, 0.000000000000000000, 0.000000000000000000 ) ) ;
#1020 = CARTESIAN_POINT ( 'NONE',  ( 54.00000000000000000, 54.47636926874914565, -63.81084795450199465 ) ) ;
#1021 = ORIENTED_EDGE ( 'NONE', *, *, #2970, .T. ) ;
#1022 = ORIENTED_EDGE ( 'NONE', *, *, #4489, .T. ) ;
#1023 = FACE_BOUND ( 'NONE', #79, .T. ) ;
#1024 = VERTEX_POINT ( 'NONE', #3150 ) ;
#1025 = CIRCLE ( 'NONE', #71, 1.649999999999998579 ) ;
#1026 = ORIENTED_EDGE ( 'NONE', *, *, #3176, .F. ) ;
#1027 = DIRECTION ( 'NONE',  ( -1.261617073437677752E-16, -1.000000000000000000, 0.000000000000000000 ) ) ;
#1028 = CARTESIAN_POINT ( 'NONE',  ( 2.000000000000000000, 2.000000000000000000, -2.000000000000000000 ) ) ;
#1029 = DIRECTION ( 'NONE',  ( -1.000000000000000000, -0.000000000000000000, -0.000000000000000000 ) ) ;
#1030 = ORIENTED_EDGE ( 'NONE', *, *, #1057, .T. ) ;
#1031 = EDGE_CURVE ( 'NONE', #2750, #603, #1745, .T. ) ;
#1032 = DIRECTION ( 'NONE',  ( 0.000000000000000000, 0.4999999999999976130, -0.8660254037844399289 ) ) ;
#1033 = ORIENTED_EDGE ( 'NONE', *, *, #687, .T. ) ;
#1034 = CARTESIAN_POINT ( 'NONE',  ( 16.99999999999997868, 2.000000000000001776, -2.000000000000000000 ) ) ;
#1035 = FACE_OUTER_BOUND ( 'NONE', #3169, .T. ) ;
#1036 = ORIENTED_EDGE ( 'NONE', *, *, #759, .F. ) ;
#1037 = CIRCLE ( 'NONE', #159, 2.000000000000001776 ) ;
#1038 = VECTOR ( 'NONE', #2704, 1000.000000000000000 ) ;
#1039 = AXIS2_PLACEMENT_3D ( 'NONE', #4509, #1998, #3387 ) ;
#1040 = CARTESIAN_POINT ( 'NONE',  ( 16.51478729288397673, 0.000000000000000000, -1.514769118830548766 ) ) ;
#1041 = DIRECTION ( 'NONE',  ( 0.000000000000000000, -0.4999999999999972800, 0.8660254037844401509 ) ) ;
#1042 = ORIENTED_EDGE ( 'NONE', *, *, #3706, .T. ) ;
#1043 = EDGE_CURVE ( 'NONE', #852, #2425, #3129, .T. ) ;
#1044 = CARTESIAN_POINT ( 'NONE',  ( 0.000000000000000000, 109.2746871206799852, -28.82050807568881012 ) ) ;
#1045 = EDGE_LOOP ( 'NONE', ( #1973, #3029, #2239, #3985 ) ) ;
#1046 = CARTESIAN_POINT ( 'NONE',  ( 51.00000000000008527, 149.0000000000000284, -40.00000000000000711 ) ) ;
#1047 = VERTEX_POINT ( 'NONE', #2815 ) ;
#1048 = VERTEX_POINT ( 'NONE', #2743 ) ;
#1049 = EDGE_CURVE ( 'NONE', #383, #4390, #4227, .T. ) ;
#1050 = ADVANCED_FACE ( 'NONE', ( #4158 ), #1011, .F. ) ;
#1051 = DIRECTION ( 'NONE',  ( 1.000000000000000000, 0.000000000000000000, 0.000000000000000000 ) ) ;
#1052 = CARTESIAN_POINT ( 'NONE',  ( 41.00000000000000000, 165.0000000000000000, 1.464101615137753498 ) ) ;
#1053 = DIRECTION ( 'NONE',  ( 1.000000000000000000, 0.000000000000000000, 0.000000000000000000 ) ) ;
#1054 = ORIENTED_EDGE ( 'NONE', *, *, #248, .T. ) ;
#1055 = LINE ( 'NONE', #3852, #3051 ) ;
#1056 = ORIENTED_EDGE ( 'NONE', *, *, #2477, .F. ) ;
#1057 = EDGE_CURVE ( 'NONE', #1337, #808, #1055, .T. ) ;
#1058 = FACE_OUTER_BOUND ( 'NONE', #2054, .T. ) ;
#1059 = VERTEX_POINT ( 'NONE', #3498 ) ;
#1060 = DIRECTION ( 'NONE',  ( 0.000000000000000000, 0.8660254037844390407, 0.4999999999999993894 ) ) ;
#1061 = VERTEX_POINT ( 'NONE', #2475 ) ;
#1062 = EDGE_LOOP ( 'NONE', ( #3040, #3711, #2443, #2454 ) ) ;
#1063 = EDGE_CURVE ( 'NONE', #35, #624, #363, .T. ) ;
#1064 = CARTESIAN_POINT ( 'NONE',  ( 15.83576873031336518, 0.000000000000000000, -0.7390149557218171905 ) ) ;
#1065 = CIRCLE ( 'NONE', #1652, 1.649999999999991696 ) ;
#1066 = CARTESIAN_POINT ( 'NONE',  ( 56.00000000000000000, 174.7983178519305056, -16.97118434825297228 ) ) ;
#1067 = EDGE_LOOP ( 'NONE', ( #1415, #3800 ) ) ;
#1068 = LINE ( 'NONE', #2164, #3719 ) ;
#1069 = DIRECTION ( 'NONE',  ( 0.000000000000000000, -0.4999999999999976130, 0.8660254037844399289 ) ) ;
#1070 = ORIENTED_EDGE ( 'NONE', *, *, #3305, .T. ) ;
#1071 = ORIENTED_EDGE ( 'NONE', *, *, #2520, .F. ) ;
#1072 = FACE_BOUND ( 'NONE', #3657, .T. ) ;
#1073 = ORIENTED_EDGE ( 'NONE', *, *, #216, .F. ) ;
#1074 = EDGE_LOOP ( 'NONE', ( #939, #3851 ) ) ;
#1075 = AXIS2_PLACEMENT_3D ( 'NONE', #1439, #3127, #4512 ) ;
#1076 = CARTESIAN_POINT ( 'NONE',  ( 150.0000000000000000, 154.2746871206799995, -28.82050807568880657 ) ) ;
#1077 = EDGE_CURVE ( 'NONE', #4433, #3253, #731, .T. ) ;
#1078 = DIRECTION ( 'NONE',  ( -1.000000000000000000, 0.000000000000000000, 0.000000000000000000 ) ) ;
#1079 = ORIENTED_EDGE ( 'NONE', *, *, #1259, .T. ) ;
#1080 = PLANE ( 'NONE',  #1075 ) ;
#1081 = PLANE ( 'NONE',  #1402 ) ;
#1082 = VECTOR ( 'NONE', #1530, 1000.000000000000227 ) ;
#1083 = FACE_BOUND ( 'NONE', #287, .T. ) ;
#1084 = EDGE_CURVE ( 'NONE', #3443, #2105, #2044, .T. ) ;
#1085 = AXIS2_PLACEMENT_3D ( 'NONE', #1595, #1233, #2982 ) ;
#1086 = ORIENTED_EDGE ( 'NONE', *, *, #2901, .T. ) ;
#1087 = LINE ( 'NONE', #388, #3725 ) ;
#1088 = DIRECTION ( 'NONE',  ( 0.000000000000000000, 0.4999999999999973910, -0.8660254037844401509 ) ) ;
#1089 = EDGE_CURVE ( 'NONE', #3443, #4378, #3591, .T. ) ;
#1090 = CARTESIAN_POINT ( 'NONE',  ( 56.00000000000000000, 152.2983178519309604, 21.99995882204647657 ) ) ;
#1091 = EDGE_CURVE ( 'NONE', #1954, #720, #2922, .T. ) ;
#1092 = VECTOR ( 'NONE', #284, 1000.000000000000000 ) ;
#1093 = DIRECTION ( 'NONE',  ( -0.000000000000000000, 0.4999999999999973355, -0.8660254037844402619 ) ) ;
#1094 = ORIENTED_EDGE ( 'NONE', *, *, #748, .F. ) ;
#1095 = CARTESIAN_POINT ( 'NONE',  ( 150.0000000000000000, 109.2746871206799852, -28.82050807568881012 ) ) ;
#1096 = DIRECTION ( 'NONE',  ( -0.000000000000000000, 0.8660254037844403729, 0.4999999999999971689 ) ) ;
#1097 = AXIS2_PLACEMENT_3D ( 'NONE', #2558, #3965, #1974 ) ;
#1098 = ORIENTED_EDGE ( 'NONE', *, *, #4284, .F. ) ;
#1099 = LINE ( 'NONE', #3520, #525 ) ;
#1100 = ORIENTED_EDGE ( 'NONE', *, *, #2697, .F. ) ;
#1101 = DIRECTION ( 'NONE',  ( -1.000000000000000000, -0.000000000000000000, -0.000000000000000000 ) ) ;
#1102 = ORIENTED_EDGE ( 'NONE', *, *, #2436, .F. ) ;
#1103 = CARTESIAN_POINT ( 'NONE',  ( 150.0000000000000000, 31.67661090932666212, -30.32050807568880302 ) ) ;
#1104 = EDGE_CURVE ( 'NONE', #2354, #1024, #129, .T. ) ;
#1105 = LINE ( 'NONE', #2085, #2641 ) ;
#1106 = CARTESIAN_POINT ( 'NONE',  ( 39.24236662162074651, 165.0000000000000000, -1.757632772736297033 ) ) ;
#1107 = EDGE_LOOP ( 'NONE', ( #1094, #1003, #1412, #1141 ) ) ;
#1108 = CARTESIAN_POINT ( 'NONE',  ( 0.000000000000000000, 154.2746871206799995, -28.82050807568880302 ) ) ;
#1109 = ORIENTED_EDGE ( 'NONE', *, *, #1250, .T. ) ;
#1110 = DIRECTION ( 'NONE',  ( 1.000000000000000000, 0.000000000000000000, 0.000000000000000000 ) ) ;
#1111 = AXIS2_PLACEMENT_3D ( 'NONE', #3154, #1377, #1767 ) ;
#1112 = EDGE_CURVE ( 'NONE', #4151, #2656, #4357, .T. ) ;
#1113 = AXIS2_PLACEMENT_3D ( 'NONE', #4409, #4041, #1271 ) ;
#1114 = LINE ( 'NONE', #3183, #3041 ) ;
#1115 = ORIENTED_EDGE ( 'NONE', *, *, #974, .F. ) ;
#1116 = AXIS2_PLACEMENT_3D ( 'NONE', #543, #1695, #3080 ) ;
#1117 = FACE_OUTER_BOUND ( 'NONE', #24, .T. ) ;
#1118 = LINE ( 'NONE', #4307, #2519 ) ;
#1119 = VERTEX_POINT ( 'NONE', #3939 ) ;
#1120 = CARTESIAN_POINT ( 'NONE',  ( 53.99999999999999289, 31.67661090932666212, -30.32050807568880302 ) ) ;
#1121 = DIRECTION ( 'NONE',  ( 0.000000000000000000, -0.4999999999999973910, 0.8660254037844401509 ) ) ;
#1122 = ORIENTED_EDGE ( 'NONE', *, *, #1665, .F. ) ;
#1123 = LINE ( 'NONE', #2129, #3037 ) ;
#1124 = ORIENTED_EDGE ( 'NONE', *, *, #2628, .F. ) ;
#1125 = DIRECTION ( 'NONE',  ( 0.000000000000000000, -1.000000000000000000, 0.000000000000000000 ) ) ;
#1126 = CARTESIAN_POINT ( 'NONE',  ( 2.000000000000001776, 144.2746871206800279, -11.49999999999999645 ) ) ;
#1127 = ORIENTED_EDGE ( 'NONE', *, *, #955, .T. ) ;
#1128 = CARTESIAN_POINT ( 'NONE',  ( 5.000000000000084377, 149.0000000000000284, -35.00000000000000000 ) ) ;
#1129 = ADVANCED_FACE ( 'NONE', ( #2204 ), #3916, .F. ) ;
#1130 = EDGE_CURVE ( 'NONE', #1155, #3268, #1834, .T. ) ;
#1131 = ORIENTED_EDGE ( 'NONE', *, *, #4403, .T. ) ;
#1132 = VECTOR ( 'NONE', #3044, 999.9999999999998863 ) ;
#1133 = CARTESIAN_POINT ( 'NONE',  ( 15.00000000000000000, 165.0000000000000000, 1.464101615137754164 ) ) ;
#1134 = EDGE_CURVE ( 'NONE', #2566, #2380, #3195, .T. ) ;
#1135 = ORIENTED_EDGE ( 'NONE', *, *, #1672, .F. ) ;
#1136 = CARTESIAN_POINT ( 'NONE',  ( 53.99999999999999289, 66.67661090932671186, -13.00000000000000000 ) ) ;
#1137 = DIRECTION ( 'NONE',  ( 0.000000000000000000, -0.4999999999999973910, 0.8660254037844401509 ) ) ;
#1138 = ORIENTED_EDGE ( 'NONE', *, *, #2650, .F. ) ;
#1139 = DIRECTION ( 'NONE',  ( 0.000000000000000000, 0.4999999999999976130, -0.8660254037844399289 ) ) ;
#1140 = CARTESIAN_POINT ( 'NONE',  ( 2.000000000000000000, 161.0483178519305625, 6.844514255819234450 ) ) ;
#1141 = ORIENTED_EDGE ( 'NONE', *, *, #158, .F. ) ;
#1142 = DIRECTION ( 'NONE',  ( 0.000000000000000000, -0.8660254037844414832, -0.4999999999999950595 ) ) ;
#1143 = ORIENTED_EDGE ( 'NONE', *, *, #567, .F. ) ;
#1144 = CARTESIAN_POINT ( 'NONE',  ( 7.499999999999974243, 123.7500000000000000, -1.000000000000000000 ) ) ;
#1145 = EDGE_CURVE ( 'NONE', #3489, #3605, #2763, .T. ) ;
#1146 = AXIS2_PLACEMENT_3D ( 'NONE', #501, #1909, #3296 ) ;
#1147 = CARTESIAN_POINT ( 'NONE',  ( 2.000000000000000000, 163.0000000000000000, -2.000000000000000000 ) ) ;
#1148 = LINE ( 'NONE', #3290, #2570 ) ;
#1149 = DIRECTION ( 'NONE',  ( -0.000000000000000000, 1.000000000000000000, 0.000000000000000000 ) ) ;
#1150 = VECTOR ( 'NONE', #701, 1000.000000000000114 ) ;
#1151 = ORIENTED_EDGE ( 'NONE', *, *, #2471, .T. ) ;
#1152 = VECTOR ( 'NONE', #1915, 1000.000000000000000 ) ;
#1153 = LINE ( 'NONE', #2841, #3789 ) ;
#1154 = DIRECTION ( 'NONE',  ( 0.000000000000000000, 0.4999999999999950595, -0.8660254037844414832 ) ) ;
#1155 = VERTEX_POINT ( 'NONE', #2247 ) ;
#1156 = VECTOR ( 'NONE', #3271, 1000.000000000000000 ) ;
#1157 = EDGE_CURVE ( 'NONE', #1518, #562, #494, .T. ) ;
#1158 = CARTESIAN_POINT ( 'NONE',  ( 0.000000000000000000, 0.000000000000000000, -40.00000000000000000 ) ) ;
#1159 = ORIENTED_EDGE ( 'NONE', *, *, #366, .T. ) ;
#1160 = FACE_OUTER_BOUND ( 'NONE', #3846, .T. ) ;
#1161 = CARTESIAN_POINT ( 'NONE',  ( 2.000000000000000000, 96.87829305739600727, -39.33008584096897664 ) ) ;
#1162 = ORIENTED_EDGE ( 'NONE', *, *, #2524, .T. ) ;
#1163 = LINE ( 'NONE', #4372, #3424 ) ;
#1164 = VECTOR ( 'NONE', #3025, 1000.000000000000227 ) ;
#1165 = DIRECTION ( 'NONE',  ( 0.000000000000000000, 0.000000000000000000, 1.000000000000000000 ) ) ;
#1166 = CARTESIAN_POINT ( 'NONE',  ( 56.00000000000000000, 163.0000000000000000, -40.00000000000000000 ) ) ;
#1167 = VECTOR ( 'NONE', #893, 999.9999999999998863 ) ;
#1168 = VECTOR ( 'NONE', #734, 1000.000000000000227 ) ;
#1169 = VERTEX_POINT ( 'NONE', #1878 ) ;
#1170 = DIRECTION ( 'NONE',  ( 0.000000000000000000, 0.4999999999999972800, -0.8660254037844401509 ) ) ;
#1171 = EDGE_LOOP ( 'NONE', ( #1790, #4350, #3503, #3920 ) ) ;
#1172 = DIRECTION ( 'NONE',  ( 0.000000000000000000, 0.000000000000000000, 1.000000000000000000 ) ) ;
#1173 = CYLINDRICAL_SURFACE ( 'NONE', #1097, 1.399999999999998579 ) ;
#1174 = CARTESIAN_POINT ( 'NONE',  ( 56.00000000000000000, 165.0000000000000000, 0.000000000000000000 ) ) ;
#1175 = ADVANCED_FACE ( 'NONE', ( #798 ), #1197, .F. ) ;
#1176 = EDGE_LOOP ( 'NONE', ( #3403, #3867, #474, #3096 ) ) ;
#1177 = CARTESIAN_POINT ( 'NONE',  ( 150.0000000000000000, 76.67661090932665502, -30.32050807568879947 ) ) ;
#1178 = LINE ( 'NONE', #2565, #37 ) ;
#1179 = VERTEX_POINT ( 'NONE', #4273 ) ;
#1180 = DIRECTION ( 'NONE',  ( -0.000000000000000000, -0.000000000000000000, 1.000000000000000000 ) ) ;
#1181 = ORIENTED_EDGE ( 'NONE', *, *, #3987, .F. ) ;
#1182 = CARTESIAN_POINT ( 'NONE',  ( 56.00000000000000000, 165.0000000000000000, -35.00000000000000000 ) ) ;
#1183 = EDGE_CURVE ( 'NONE', #3993, #2742, #3288, .T. ) ;
#1184 = VERTEX_POINT ( 'NONE', #773 ) ;
#1185 = VECTOR ( 'NONE', #2158, 1000.000000000000000 ) ;
#1186 = CIRCLE ( 'NONE', #968, 2.000000000000000000 ) ;
#1187 = VECTOR ( 'NONE', #3908, 1000.000000000000114 ) ;
#1188 = VECTOR ( 'NONE', #2972, 1000.000000000000000 ) ;
#1189 = LINE ( 'NONE', #4008, #3819 ) ;
#1190 = CARTESIAN_POINT ( 'NONE',  ( 9.149999999999970157, 41.24999999999999289, -1.000000000000000000 ) ) ;
#1191 = CARTESIAN_POINT ( 'NONE',  ( 0.000000000000000000, 139.2746871206799710, -28.82050807568881012 ) ) ;
#1192 = ORIENTED_EDGE ( 'NONE', *, *, #1362, .F. ) ;
#1193 = CARTESIAN_POINT ( 'NONE',  ( 150.0000000000000000, 61.67661090932666212, -30.32050807568880302 ) ) ;
#1194 = VERTEX_POINT ( 'NONE', #2602 ) ;
#1195 = EDGE_CURVE ( 'NONE', #2690, #1376, #2875, .T. ) ;
#1196 = EDGE_CURVE ( 'NONE', #74, #401, #3832, .T. ) ;
#1197 = CYLINDRICAL_SURFACE ( 'NONE', #1327, 1.649999999999991696 ) ;
#1198 = CARTESIAN_POINT ( 'NONE',  ( 150.0000000000000000, 21.67661090932671186, -13.00000000000000000 ) ) ;
#1199 = LINE ( 'NONE', #4317, #1188 ) ;
#1200 = ADVANCED_FACE ( 'NONE', ( #2537 ), #2581, .F. ) ;
#1201 = DIRECTION ( 'NONE',  ( 0.000000000000000000, -1.000000000000000000, 0.000000000000000000 ) ) ;
#1202 = EDGE_LOOP ( 'NONE', ( #2867, #1671, #2244, #3793 ) ) ;
#1203 = EDGE_LOOP ( 'NONE', ( #3904, #2107 ) ) ;
#1204 = FACE_OUTER_BOUND ( 'NONE', #358, .T. ) ;
#1205 = FACE_OUTER_BOUND ( 'NONE', #4030, .T. ) ;
#1206 = VERTEX_POINT ( 'NONE', #4315 ) ;
#1207 = EDGE_CURVE ( 'NONE', #2846, #29, #1400, .T. ) ;
#1208 = EDGE_CURVE ( 'NONE', #1711, #3100, #2224, .T. ) ;
#1209 = FACE_OUTER_BOUND ( 'NONE', #4383, .T. ) ;
#1210 = CARTESIAN_POINT ( 'NONE',  ( 14.99999999999997868, 2.000000000000001776, -35.00000000000000000 ) ) ;
#1211 = DIRECTION ( 'NONE',  ( 1.000000000000000000, 0.000000000000000000, 0.000000000000000000 ) ) ;
#1212 = ORIENTED_EDGE ( 'NONE', *, *, #2238, .F. ) ;
#1213 = DIRECTION ( 'NONE',  ( 1.000000000000000000, 0.000000000000000000, 0.000000000000000000 ) ) ;
#1214 = UNCERTAINTY_MEASURE_WITH_UNIT (LENGTH_MEASURE( 1.000000000000000082E-05 ), #2904, 'distance_accuracy_value', 'NONE');
#1215 = CARTESIAN_POINT ( 'NONE',  ( 2.000000000000000000, 88.22636926874926644, -44.32527636935223114 ) ) ;
#1216 = LINE ( 'NONE', #2577, #923 ) ;
#1217 = ORIENTED_EDGE ( 'NONE', *, *, #867, .F. ) ;
#1218 = CARTESIAN_POINT ( 'NONE',  ( 55.99999999999999289, 111.6766109093267119, -12.99999999999999822 ) ) ;
#1219 = VECTOR ( 'NONE', #200, 1000.000000000000000 ) ;
#1220 = CARTESIAN_POINT ( 'NONE',  ( 14.99999999999997868, 0.000000000000000000, 3.000000000000000000 ) ) ;
#1221 = DIRECTION ( 'NONE',  ( 0.000000000000000000, -1.000000000000000000, 0.000000000000000000 ) ) ;
#1222 = DIRECTION ( 'NONE',  ( 1.000000000000000000, -1.261617073437677752E-16, 0.000000000000000000 ) ) ;
#1223 = ORIENTED_EDGE ( 'NONE', *, *, #3382, .F. ) ;
#1224 = CARTESIAN_POINT ( 'NONE',  ( 150.0000000000000000, 144.2746871206800279, -11.49999999999999645 ) ) ;
#1225 = ORIENTED_EDGE ( 'NONE', *, *, #1130, .T. ) ;
#1226 = EDGE_CURVE ( 'NONE', #3564, #2488, #2648, .T. ) ;
#1227 = AXIS2_PLACEMENT_3D ( 'NONE', #2011, #2364, #3730 ) ;
#1228 = CARTESIAN_POINT ( 'NONE',  ( 5.000000000000084377, 149.0000000000000284, -30.00000000000000711 ) ) ;
#1229 = DIRECTION ( 'NONE',  ( -0.000000000000000000, 0.000000000000000000, 1.000000000000000000 ) ) ;
#1230 = ORIENTED_EDGE ( 'NONE', *, *, #2618, .T. ) ;
#1231 = ORIENTED_EDGE ( 'NONE', *, *, #191, .T. ) ;
#1232 = AXIS2_PLACEMENT_3D ( 'NONE', #1303, #1944, #2987 ) ;
#1233 = DIRECTION ( 'NONE',  ( -2.168404344971006649E-16, -1.000000000000000000, -0.000000000000000000 ) ) ;
#1234 = ADVANCED_FACE ( 'NONE', ( #916 ), #3770, .F. ) ;
#1235 = VERTEX_POINT ( 'NONE', #1931 ) ;
#1236 = VECTOR ( 'NONE', #3178, 1000.000000000000000 ) ;
#1237 = DIRECTION ( 'NONE',  ( 1.000000000000000000, -0.000000000000000000, -0.000000000000000000 ) ) ;
#1238 = ORIENTED_EDGE ( 'NONE', *, *, #1226, .F. ) ;
#1239 = LINE ( 'NONE', #887, #4457 ) ;
#1240 = PLANE ( 'NONE',  #1232 ) ;
#1241 = DIRECTION ( 'NONE',  ( 0.000000000000000000, 0.4999999999999976130, -0.8660254037844399289 ) ) ;
#1242 = ORIENTED_EDGE ( 'NONE', *, *, #3661, .F. ) ;
#1243 = FACE_OUTER_BOUND ( 'NONE', #3822, .T. ) ;
#1244 = ORIENTED_EDGE ( 'NONE', *, *, #1326, .T. ) ;
#1245 = DIRECTION ( 'NONE',  ( 1.000000000000000000, -1.261617073437677752E-16, 0.000000000000000000 ) ) ;
#1246 = VECTOR ( 'NONE', #441, 1000.000000000000000 ) ;
#1247 = CARTESIAN_POINT ( 'NONE',  ( 56.00000000000000000, 165.0000000000000000, 3.000000000000000000 ) ) ;
#1248 = FACE_OUTER_BOUND ( 'NONE', #1264, .T. ) ;
#1249 = ORIENTED_EDGE ( 'NONE', *, *, #2624, .T. ) ;
#1250 = EDGE_CURVE ( 'NONE', #1700, #247, #2992, .T. ) ;
#1251 = AXIS2_PLACEMENT_3D ( 'NONE', #3317, #208, #1610 ) ;
#1252 = DIRECTION ( 'NONE',  ( 0.000000000000000000, 0.000000000000000000, -1.000000000000000000 ) ) ;
#1253 = ORIENTED_EDGE ( 'NONE', *, *, #178, .T. ) ;
#1254 = ORIENTED_EDGE ( 'NONE', *, *, #3372, .F. ) ;
#1255 = CARTESIAN_POINT ( 'NONE',  ( 5.000000000000084377, 19.00000000000000355, -30.00000000000000711 ) ) ;
#1256 = ORIENTED_EDGE ( 'NONE', *, *, #3492, .F. ) ;
#1257 =( LENGTH_UNIT ( ) NAMED_UNIT ( * ) SI_UNIT ( .MILLI., .METRE. ) );
#1258 = DIRECTION ( 'NONE',  ( 0.000000000000000000, 0.8660254037844414832, 0.4999999999999950595 ) ) ;
#1259 = EDGE_CURVE ( 'NONE', #2184, #2933, #946, .T. ) ;
#1260 = FACE_OUTER_BOUND ( 'NONE', #4242, .T. ) ;
#1261 = CARTESIAN_POINT ( 'NONE',  ( 2.000000000000000000, 85.62829305739596464, -45.82527636935223825 ) ) ;
#1262 = ORIENTED_EDGE ( 'NONE', *, *, #3003, .T. ) ;
#1263 = FACE_OUTER_BOUND ( 'NONE', #3054, .T. ) ;
#1264 = EDGE_LOOP ( 'NONE', ( #1030, #2980, #2699, #586 ) ) ;
#1265 = FACE_OUTER_BOUND ( 'NONE', #1483, .T. ) ;
#1266 = VECTOR ( 'NONE', #1736, 1000.000000000000114 ) ;
#1267 = AXIS2_PLACEMENT_3D ( 'NONE', #587, #269, #3734 ) ;
#1268 = DIRECTION ( 'NONE',  ( -1.261617073437677752E-16, -1.000000000000000000, 0.000000000000000000 ) ) ;
#1269 = DIRECTION ( 'NONE',  ( -0.000000000000000000, 0.8660254037844389297, 0.4999999999999993339 ) ) ;
#1270 = VERTEX_POINT ( 'NONE', #3312 ) ;
#1271 = DIRECTION ( 'NONE',  ( 1.000000000000000000, 0.000000000000000000, 0.000000000000000000 ) ) ;
#1272 = LINE ( 'NONE', #4045, #285 ) ;
#1273 = ORIENTED_EDGE ( 'NONE', *, *, #4276, .T. ) ;
#1274 = ORIENTED_EDGE ( 'NONE', *, *, #1713, .T. ) ;
#1275 = LINE ( 'NONE', #3005, #413 ) ;
#1276 = ORIENTED_EDGE ( 'NONE', *, *, #3453, .T. ) ;
#1277 = FACE_OUTER_BOUND ( 'NONE', #1304, .T. ) ;
#1278 = CARTESIAN_POINT ( 'NONE',  ( 150.0000000000000000, 34.27468712067999235, -28.82050807568881368 ) ) ;
#1279 = CARTESIAN_POINT ( 'NONE',  ( 5.849999999999974776, 123.7500000000000000, -1.000000000000000000 ) ) ;
#1280 = EDGE_CURVE ( 'NONE', #3156, #2783, #2297, .T. ) ;
#1281 = DIRECTION ( 'NONE',  ( -1.000000000000000000, 0.000000000000000000, 0.000000000000000000 ) ) ;
#1282 = CARTESIAN_POINT ( 'NONE',  ( 51.00000000000008527, 108.0000000000000142, -30.00000000000000711 ) ) ;
#1283 = EDGE_LOOP ( 'NONE', ( #1971, #106, #3285, #2276 ) ) ;
#1284 = DIRECTION ( 'NONE',  ( 0.000000000000000000, -0.4999999999999972800, 0.8660254037844401509 ) ) ;
#1285 = VERTEX_POINT ( 'NONE', #3658 ) ;
#1286 = ORIENTED_EDGE ( 'NONE', *, *, #4076, .T. ) ;
#1287 = CARTESIAN_POINT ( 'NONE',  ( 2.000000000000000000, 91.67661090932665502, -30.32050807568879236 ) ) ;
#1288 = LINE ( 'NONE', #1651, #1553 ) ;
#1289 = CIRCLE ( 'NONE', #3994, 1.399999999999998579 ) ;
#1290 = ORIENTED_EDGE ( 'NONE', *, *, #3855, .T. ) ;
#1291 = DIRECTION ( 'NONE',  ( -1.000000000000000000, 0.000000000000000000, 0.000000000000000000 ) ) ;
#1292 = EDGE_CURVE ( 'NONE', #1542, #3443, #180, .T. ) ;
#1293 = DIRECTION ( 'NONE',  ( 0.000000000000000000, 0.000000000000000000, 1.000000000000000000 ) ) ;
#1294 = ORIENTED_EDGE ( 'NONE', *, *, #3202, .T. ) ;
#1295 = VECTOR ( 'NONE', #4289, 1000.000000000000114 ) ;
#1296 = PLANE ( 'NONE',  #2756 ) ;
#1297 = LINE ( 'NONE', #4098, #442 ) ;
#1298 = LINE ( 'NONE', #2682, #4070 ) ;
#1299 = VECTOR ( 'NONE', #2052, 999.9999999999998863 ) ;
#1300 = CARTESIAN_POINT ( 'NONE',  ( 54.00000000000000000, 49.27468712068000656, -28.82050807568880657 ) ) ;
#1301 = ADVANCED_FACE ( 'NONE', ( #1604 ), #3500, .F. ) ;
#1302 = AXIS2_PLACEMENT_3D ( 'NONE', #3620, #763, #3927 ) ;
#1303 = CARTESIAN_POINT ( 'NONE',  ( 150.0000000000000000, 76.67661090932665502, -30.32050807568879947 ) ) ;
#1304 = EDGE_LOOP ( 'NONE', ( #437, #3614, #4279, #4205 ) ) ;
#1305 = FACE_BOUND ( 'NONE', #1670, .T. ) ;
#1306 = VERTEX_POINT ( 'NONE', #3925 ) ;
#1307 = ORIENTED_EDGE ( 'NONE', *, *, #644, .F. ) ;
#1308 = CYLINDRICAL_SURFACE ( 'NONE', #1039, 2.000000000000001776 ) ;
#1309 = CARTESIAN_POINT ( 'NONE',  ( 55.99999999999999289, 81.67661090932671186, -13.00000000000000000 ) ) ;
#1310 = CARTESIAN_POINT ( 'NONE',  ( 40.16421733798900817, -0.000000000000000000, -0.7390335471273838941 ) ) ;
#1311 = VERTEX_POINT ( 'NONE', #1913 ) ;
#1312 = DIRECTION ( 'NONE',  ( 0.000000000000000000, 0.000000000000000000, -1.000000000000000000 ) ) ;
#1313 = VECTOR ( 'NONE', #3813, 1000.000000000000000 ) ;
#1314 = EDGE_CURVE ( 'NONE', #4530, #2233, #2280, .T. ) ;
#1315 = AXIS2_PLACEMENT_3D ( 'NONE', #2630, #204, #2993 ) ;
#1316 = DIRECTION ( 'NONE',  ( 0.000000000000000000, 0.000000000000000000, -1.000000000000000000 ) ) ;
#1317 = DIRECTION ( 'NONE',  ( 0.000000000000000000, 0.000000000000000000, 1.000000000000000000 ) ) ;
#1318 = CARTESIAN_POINT ( 'NONE',  ( 7.499999999999974243, 123.7500000000000000, -1.000000000000000000 ) ) ;
#1319 = DIRECTION ( 'NONE',  ( -0.000000000000000000, -0.000000000000000000, 1.000000000000000000 ) ) ;
#1320 = EDGE_CURVE ( 'NONE', #4250, #3157, #3644, .T. ) ;
#1321 = DIRECTION ( 'NONE',  ( 0.000000000000000000, 0.8660254037844414832, 0.4999999999999950595 ) ) ;
#1322 = VERTEX_POINT ( 'NONE', #2568 ) ;
#1323 = CARTESIAN_POINT ( 'NONE',  ( 2.000000000000000000, 121.9763692687493801, -24.83970478420242500 ) ) ;
#1324 = ORIENTED_EDGE ( 'NONE', *, *, #1611, .F. ) ;
#1325 = DIRECTION ( 'NONE',  ( 0.000000000000000000, -0.4999999999999971134, 0.8660254037844402619 ) ) ;
#1326 = EDGE_CURVE ( 'NONE', #77, #1780, #1531, .T. ) ;
#1327 = AXIS2_PLACEMENT_3D ( 'NONE', #448, #2855, #3240 ) ;
#1328 = PLANE ( 'NONE',  #1772 ) ;
#1329 = EDGE_CURVE ( 'NONE', #1845, #2928, #2234, .T. ) ;
#1330 = DIRECTION ( 'NONE',  ( 1.000000000000000000, 0.000000000000000000, -0.000000000000000000 ) ) ;
#1331 = EDGE_LOOP ( 'NONE', ( #4114, #4262, #3385, #3177 ) ) ;
#1332 = DIRECTION ( 'NONE',  ( 0.000000000000000000, -1.000000000000000000, 0.000000000000000000 ) ) ;
#1333 = AXIS2_PLACEMENT_3D ( 'NONE', #2693, #4490, #2078 ) ;
#1334 = EDGE_CURVE ( 'NONE', #2422, #3334, #505, .T. ) ;
#1335 = AXIS2_PLACEMENT_3D ( 'NONE', #429, #1222, #1835 ) ;
#1336 = ORIENTED_EDGE ( 'NONE', *, *, #3706, .F. ) ;
#1337 = VERTEX_POINT ( 'NONE', #4367 ) ;
#1338 = DIRECTION ( 'NONE',  ( 1.000000000000000000, 0.000000000000000000, 0.000000000000000000 ) ) ;
#1339 = EDGE_LOOP ( 'NONE', ( #152, #1424, #4354, #267 ) ) ;
#1340 = DIRECTION ( 'NONE',  ( 0.000000000000000000, 0.4999999999999976130, -0.8660254037844399289 ) ) ;
#1341 = EDGE_CURVE ( 'NONE', #48, #3693, #2934, .T. ) ;
#1342 = EDGE_CURVE ( 'NONE', #3932, #58, #3579, .T. ) ;
#1343 = LINE ( 'NONE', #3141, #778 ) ;
#1344 = ORIENTED_EDGE ( 'NONE', *, *, #3079, .T. ) ;
#1345 = CYLINDRICAL_SURFACE ( 'NONE', #4006, 1.399999999999998579 ) ;
#1346 = ORIENTED_EDGE ( 'NONE', *, *, #2856, .F. ) ;
#1347 = ORIENTED_EDGE ( 'NONE', *, *, #4257, .F. ) ;
#1348 = DIRECTION ( 'NONE',  ( 0.000000000000000000, 0.4999999999999976130, -0.8660254037844399289 ) ) ;
#1349 = CARTESIAN_POINT ( 'NONE',  ( 49.14999999999997016, 82.49999999999998579, -1.000000000000000000 ) ) ;
#1350 = CARTESIAN_POINT ( 'NONE',  ( 39.48518977103682204, -0.000000000000000000, -1.514792984782890484 ) ) ;
#1351 = VERTEX_POINT ( 'NONE', #1494 ) ;
#1352 = DIRECTION ( 'NONE',  ( -0.000000000000000000, 0.8660254037844403729, 0.4999999999999971689 ) ) ;
#1353 = ADVANCED_FACE ( 'NONE', ( #2883 ), #2548, .F. ) ;
#1354 = AXIS2_PLACEMENT_3D ( 'NONE', #171, #1572, #195 ) ;
#1355 = LINE ( 'NONE', #3504, #3358 ) ;
#1356 = ORIENTED_EDGE ( 'NONE', *, *, #698, .F. ) ;
#1357 = DIRECTION ( 'NONE',  ( -0.000000000000000000, 0.8660254037844403729, 0.4999999999999971689 ) ) ;
#1358 = CARTESIAN_POINT ( 'NONE',  ( 0.000000000000000000, 0.000000000000000000, 0.000000000000000000 ) ) ;
#1359 = DIRECTION ( 'NONE',  ( 0.000000000000000000, 0.000000000000000000, -1.000000000000000000 ) ) ;
#1360 = EDGE_LOOP ( 'NONE', ( #4094, #4152, #1823, #485 ) ) ;
#1361 = VECTOR ( 'NONE', #1390, 1000.000000000000000 ) ;
#1362 = EDGE_CURVE ( 'NONE', #375, #2354, #3131, .T. ) ;
#1363 = CARTESIAN_POINT ( 'NONE',  ( 55.99999999999999289, 34.27468712067999235, -28.82050807568881368 ) ) ;
#1364 = ORIENTED_EDGE ( 'NONE', *, *, #2959, .T. ) ;
#1365 = VECTOR ( 'NONE', #2758, 999.9999999999998863 ) ;
#1366 = DIRECTION ( 'NONE',  ( -1.000000000000000000, 0.000000000000000000, 0.000000000000000000 ) ) ;
#1367 = ORIENTED_EDGE ( 'NONE', *, *, #3824, .F. ) ;
#1368 = ORIENTED_EDGE ( 'NONE', *, *, #398, .F. ) ;
#1369 = VECTOR ( 'NONE', #973, 1000.000000000000000 ) ;
#1370 = CARTESIAN_POINT ( 'NONE',  ( 150.0000000000000000, 136.6766109093266550, -30.32050807568879947 ) ) ;
#1371 = FACE_BOUND ( 'NONE', #236, .T. ) ;
#1372 = DIRECTION ( 'NONE',  ( 0.000000000000000000, 0.000000000000000000, -1.000000000000000000 ) ) ;
#1373 = EDGE_LOOP ( 'NONE', ( #1739, #2508, #2258, #2905 ) ) ;
#1374 = FACE_OUTER_BOUND ( 'NONE', #705, .T. ) ;
#1375 = AXIS2_PLACEMENT_3D ( 'NONE', #294, #4450, #1330 ) ;
#1376 = VERTEX_POINT ( 'NONE', #2923 ) ;
#1377 = DIRECTION ( 'NONE',  ( -1.000000000000000000, 1.261617073437677752E-16, 0.000000000000000000 ) ) ;
#1378 = EDGE_CURVE ( 'NONE', #2772, #3901, #4015, .T. ) ;
#1379 = DIRECTION ( 'NONE',  ( 0.000000000000000000, 0.000000000000000000, -1.000000000000000000 ) ) ;
#1380 = VECTOR ( 'NONE', #1319, 1000.000000000000000 ) ;
#1381 = VECTOR ( 'NONE', #1471, 1000.000000000000000 ) ;
#1382 = LINE ( 'NONE', #1017, #4091 ) ;
#1383 = EDGE_CURVE ( 'NONE', #2872, #295, #470, .T. ) ;
#1384 = EDGE_CURVE ( 'NONE', #2656, #4530, #4462, .T. ) ;
#1385 = DIRECTION ( 'NONE',  ( 0.000000000000000000, 0.8660254037844390407, 0.4999999999999993894 ) ) ;
#1386 = LINE ( 'NONE', #414, #640 ) ;
#1387 = CARTESIAN_POINT ( 'NONE',  ( 53.99999999999999289, 141.6766109093267119, -12.99999999999999822 ) ) ;
#1388 = EDGE_CURVE ( 'NONE', #89, #515, #869, .T. ) ;
#1389 = ORIENTED_EDGE ( 'NONE', *, *, #158, .T. ) ;
#1390 = DIRECTION ( 'NONE',  ( 1.000000000000000000, 0.000000000000000000, 0.000000000000000000 ) ) ;
#1391 = VERTEX_POINT ( 'NONE', #1932 ) ;
#1392 = EDGE_LOOP ( 'NONE', ( #2696, #3143, #585, #2635 ) ) ;
#1393 = EDGE_CURVE ( 'NONE', #4312, #2653, #2345, .T. ) ;
#1394 = FACE_OUTER_BOUND ( 'NONE', #960, .T. ) ;
#1395 = FACE_BOUND ( 'NONE', #3107, .T. ) ;
#1396 = LINE ( 'NONE', #21, #4296 ) ;
#1397 = ORIENTED_EDGE ( 'NONE', *, *, #2701, .T. ) ;
#1398 = CARTESIAN_POINT ( 'NONE',  ( 49.60000000000008669, 60.00000000000000711, -30.00000000000000711 ) ) ;
#1399 = EDGE_CURVE ( 'NONE', #1059, #2068, #3685, .T. ) ;
#1400 = CIRCLE ( 'NONE', #611, 1.650000000000000355 ) ;
#1401 = DIRECTION ( 'NONE',  ( 0.000000000000000000, 0.8660254037844414832, 0.4999999999999950595 ) ) ;
#1402 = AXIS2_PLACEMENT_3D ( 'NONE', #1103, #4182, #1032 ) ;
#1403 = CIRCLE ( 'NONE', #2563, 1.650000000000000355 ) ;
#1404 = DIRECTION ( 'NONE',  ( -0.000000000000000000, -0.000000000000000000, -1.000000000000000000 ) ) ;
#1405 = ORIENTED_EDGE ( 'NONE', *, *, #4033, .T. ) ;
#1406 = ORIENTED_EDGE ( 'NONE', *, *, #803, .T. ) ;
#1407 = AXIS2_PLACEMENT_3D ( 'NONE', #672, #1414, #1779 ) ;
#1408 = PLANE ( 'NONE',  #2611 ) ;
#1409 = CARTESIAN_POINT ( 'NONE',  ( 0.000000000000000000, 0.000000000000000000, -2.000000000000000000 ) ) ;
#1410 = CARTESIAN_POINT ( 'NONE',  ( 55.99999999999999289, 126.6766109093266977, -12.99999999999999822 ) ) ;
#1411 = CARTESIAN_POINT ( 'NONE',  ( 150.0000000000000000, 94.27468712067998524, -28.82050807568881012 ) ) ;
#1412 = ORIENTED_EDGE ( 'NONE', *, *, #4053, .F. ) ;
#1413 = ORIENTED_EDGE ( 'NONE', *, *, #2373, .T. ) ;
#1414 = DIRECTION ( 'NONE',  ( -1.000000000000000000, 0.000000000000000000, 0.000000000000000000 ) ) ;
#1415 = ORIENTED_EDGE ( 'NONE', *, *, #1145, .F. ) ;
#1416 = ORIENTED_EDGE ( 'NONE', *, *, #3319, .F. ) ;
#1417 = ADVANCED_FACE ( 'NONE', ( #4379 ), #130, .F. ) ;
#1418 = CARTESIAN_POINT ( 'NONE',  ( 56.00000000000000000, 54.47636926874914565, -63.81084795450199465 ) ) ;
#1419 = CARTESIAN_POINT ( 'NONE',  ( 52.40000000000008384, 149.0000000000000284, -35.00000000000000000 ) ) ;
#1420 = VERTEX_POINT ( 'NONE', #1509 ) ;
#1421 = FACE_OUTER_BOUND ( 'NONE', #3623, .T. ) ;
#1422 = ORIENTED_EDGE ( 'NONE', *, *, #1280, .T. ) ;
#1423 = DIRECTION ( 'NONE',  ( 1.261617073437677752E-16, 1.000000000000000000, 0.000000000000000000 ) ) ;
#1424 = ORIENTED_EDGE ( 'NONE', *, *, #1487, .T. ) ;
#1425 = EDGE_CURVE ( 'NONE', #657, #2913, #4405, .T. ) ;
#1426 = DIRECTION ( 'NONE',  ( -1.261617073437677752E-16, -1.000000000000000000, 0.000000000000000000 ) ) ;
#1427 = EDGE_LOOP ( 'NONE', ( #4259, #417, #524, #3608 ) ) ;
#1428 = CARTESIAN_POINT ( 'NONE',  ( 150.0000000000000000, 139.2746871206799710, -28.82050807568881012 ) ) ;
#1429 = AXIS2_PLACEMENT_3D ( 'NONE', #4298, #3226, #3923 ) ;
#1430 = VERTEX_POINT ( 'NONE', #2898 ) ;
#1431 = CARTESIAN_POINT ( 'NONE',  ( 150.0000000000000000, 111.6766109093267119, -12.99999999999999822 ) ) ;
#1432 = VERTEX_POINT ( 'NONE', #4316 ) ;
#1433 = FACE_BOUND ( 'NONE', #1979, .T. ) ;
#1434 = ADVANCED_FACE ( 'NONE', ( #1879 ), #1173, .F. ) ;
#1435 = ORIENTED_EDGE ( 'NONE', *, *, #3256, .F. ) ;
#1436 = VECTOR ( 'NONE', #4445, 1000.000000000000000 ) ;
#1437 = PLANE ( 'NONE',  #4478 ) ;
#1438 = LINE ( 'NONE', #727, #1662 ) ;
#1439 = CARTESIAN_POINT ( 'NONE',  ( 150.0000000000000000, 49.27468712067999235, -28.82050807568881368 ) ) ;
#1440 = ADVANCED_FACE ( 'NONE', ( #1628 ), #2288, .F. ) ;
#1441 = VECTOR ( 'NONE', #769, 1000.000000000000000 ) ;
#1442 = FACE_BOUND ( 'NONE', #18, .T. ) ;
#1443 = AXIS2_PLACEMENT_3D ( 'NONE', #119, #2571, #3976 ) ;
#1444 = ORIENTED_EDGE ( 'NONE', *, *, #2677, .F. ) ;
#1445 = DIRECTION ( 'NONE',  ( -1.000000000000000000, 0.000000000000000000, 0.000000000000000000 ) ) ;
#1446 = ORIENTED_EDGE ( 'NONE', *, *, #4021, .T. ) ;
#1447 = EDGE_CURVE ( 'NONE', #3506, #4446, #197, .T. ) ;
#1448 = CYLINDRICAL_SURFACE ( 'NONE', #121, 1.399999999999998579 ) ;
#1449 = ORIENTED_EDGE ( 'NONE', *, *, #3771, .T. ) ;
#1450 = DIRECTION ( 'NONE',  ( 0.000000000000000000, -0.4999999999999976130, 0.8660254037844399289 ) ) ;
#1451 = VECTOR ( 'NONE', #1450, 1000.000000000000114 ) ;
#1452 = FACE_OUTER_BOUND ( 'NONE', #957, .T. ) ;
#1453 = ORIENTED_EDGE ( 'NONE', *, *, #4284, .T. ) ;
#1454 = DIRECTION ( 'NONE',  ( -0.000000000000000000, -0.000000000000000000, -1.000000000000000000 ) ) ;
#1455 = EDGE_LOOP ( 'NONE', ( #552, #1505, #4089, #1994 ) ) ;
#1456 = CIRCLE ( 'NONE', #1681, 10.00000000000000178 ) ;
#1457 = CARTESIAN_POINT ( 'NONE',  ( 51.00000000000008527, 19.00000000000000355, -40.00000000000000711 ) ) ;
#1458 = CARTESIAN_POINT ( 'NONE',  ( 56.00000000000000000, 0.000000000000000000, 3.000000000000000000 ) ) ;
#1459 = VERTEX_POINT ( 'NONE', #3979 ) ;
#1460 = DIRECTION ( 'NONE',  ( -0.000000000000000000, -0.000000000000000000, -1.000000000000000000 ) ) ;
#1461 = ORIENTED_EDGE ( 'NONE', *, *, #2509, .T. ) ;
#1462 = DIRECTION ( 'NONE',  ( 1.000000000000000000, 0.000000000000000000, 0.000000000000000000 ) ) ;
#1463 = EDGE_CURVE ( 'NONE', #4433, #35, #2773, .T. ) ;
#1464 = EDGE_CURVE ( 'NONE', #3993, #657, #2112, .T. ) ;
#1465 = CARTESIAN_POINT ( 'NONE',  ( 150.0000000000000000, 69.27468712068004209, -11.49999999999999467 ) ) ;
#1466 = LINE ( 'NONE', #1486, #4120 ) ;
#1467 = ORIENTED_EDGE ( 'NONE', *, *, #2313, .T. ) ;
#1468 = EDGE_CURVE ( 'NONE', #2585, #2733, #1163, .T. ) ;
#1469 = CARTESIAN_POINT ( 'NONE',  ( 0.000000000000000000, 165.0000000000000000, -2.000000000000000000 ) ) ;
#1470 = EDGE_LOOP ( 'NONE', ( #264, #1712, #1033, #1852 ) ) ;
#1471 = DIRECTION ( 'NONE',  ( -1.000000000000000000, -0.000000000000000000, -0.000000000000000000 ) ) ;
#1472 = VECTOR ( 'NONE', #483, 1000.000000000000000 ) ;
#1473 = AXIS2_PLACEMENT_3D ( 'NONE', #1034, #3919, #1423 ) ;
#1474 = DIRECTION ( 'NONE',  ( -1.000000000000000000, 0.000000000000000000, 0.000000000000000000 ) ) ;
#1475 = ORIENTED_EDGE ( 'NONE', *, *, #738, .F. ) ;
#1476 = CARTESIAN_POINT ( 'NONE',  ( 54.00000000000000000, 133.2263692687494085, -18.34451425581916340 ) ) ;
#1477 = EDGE_CURVE ( 'NONE', #3597, #959, #4032, .T. ) ;
#1478 = EDGE_LOOP ( 'NONE', ( #649, #3731, #616, #4415 ) ) ;
#1479 = CARTESIAN_POINT ( 'NONE',  ( 6.400000000000082956, 149.0000000000000284, -35.00000000000000000 ) ) ;
#1480 = DIRECTION ( 'NONE',  ( 0.000000000000000000, -0.4999999999999971134, 0.8660254037844402619 ) ) ;
#1481 = ORIENTED_EDGE ( 'NONE', *, *, #3661, .T. ) ;
#1482 = CARTESIAN_POINT ( 'NONE',  ( 40.99999999999997868, 2.000000000000000000, -35.00000000000000000 ) ) ;
#1483 = EDGE_LOOP ( 'NONE', ( #2886, #493, #2077, #3497, #697, #4474, #1273, #1461 ) ) ;
#1484 = DIRECTION ( 'NONE',  ( 0.000000000000000000, -0.8660254037844414832, -0.4999999999999950595 ) ) ;
#1485 = DIRECTION ( 'NONE',  ( 0.000000000000000000, 0.000000000000000000, -1.000000000000000000 ) ) ;
#1486 = CARTESIAN_POINT ( 'NONE',  ( 49.14999999999997016, 82.49999999999998579, -1.000000000000000000 ) ) ;
#1487 = EDGE_CURVE ( 'NONE', #1737, #632, #1239, .T. ) ;
#1488 = ORIENTED_EDGE ( 'NONE', *, *, #762, .T. ) ;
#1489 = CARTESIAN_POINT ( 'NONE',  ( 2.000000000000001776, 21.67661090932671186, -13.00000000000000000 ) ) ;
#1490 = CARTESIAN_POINT ( 'NONE',  ( 53.99999999999999289, 136.6766109093266550, -30.32050807568879947 ) ) ;
#1491 = EDGE_CURVE ( 'NONE', #1700, #3075, #3586, .T. ) ;
#1492 = VECTOR ( 'NONE', #2217, 1000.000000000000114 ) ;
#1493 = EDGE_LOOP ( 'NONE', ( #2786, #2264, #3151, #4430 ) ) ;
#1494 = CARTESIAN_POINT ( 'NONE',  ( 38.99999999999997868, 0.000000000000000000, -2.000000000000000000 ) ) ;
#1495 = VECTOR ( 'NONE', #1927, 1000.000000000000000 ) ;
#1496 = LINE ( 'NONE', #144, #3116 ) ;
#1497 = VERTEX_POINT ( 'NONE', #1849 ) ;
#1498 = DIRECTION ( 'NONE',  ( -1.000000000000000000, 0.000000000000000000, 0.000000000000000000 ) ) ;
#1499 = CARTESIAN_POINT ( 'NONE',  ( 56.00000000000000000, 110.7263692687493517, -31.33489531258568661 ) ) ;
#1500 = VERTEX_POINT ( 'NONE', #3234 ) ;
#1501 = DIRECTION ( 'NONE',  ( -1.000000000000000000, -0.000000000000000000, -0.000000000000000000 ) ) ;
#1502 = EDGE_CURVE ( 'NONE', #4189, #4277, #4309, .T. ) ;
#1503 = CARTESIAN_POINT ( 'NONE',  ( 0.000000000000000000, 106.6766109093266550, -30.32050807568879947 ) ) ;
#1504 = CARTESIAN_POINT ( 'NONE',  ( 9.149999999999971934, 82.49999999999998579, -1.000000000000000000 ) ) ;
#1505 = ORIENTED_EDGE ( 'NONE', *, *, #3962, .T. ) ;
#1506 = FACE_BOUND ( 'NONE', #966, .T. ) ;
#1507 = ORIENTED_EDGE ( 'NONE', *, *, #4033, .F. ) ;
#1508 = DIRECTION ( 'NONE',  ( -0.000000000000000000, 0.4999999999999971689, -0.8660254037844402619 ) ) ;
#1509 = CARTESIAN_POINT ( 'NONE',  ( 2.000000000000001776, 96.67661090932671186, -13.00000000000000000 ) ) ;
#1510 = VECTOR ( 'NONE', #2990, 1000.000000000000000 ) ;
#1511 = FACE_OUTER_BOUND ( 'NONE', #3493, .T. ) ;
#1512 = VECTOR ( 'NONE', #3420, 1000.000000000000000 ) ;
#1513 = ORIENTED_EDGE ( 'NONE', *, *, #3629, .T. ) ;
#1514 = CIRCLE ( 'NONE', #3414, 1.650000000000000355 ) ;
#1515 = ADVANCED_FACE ( 'NONE', ( #2219 ), #462, .F. ) ;
#1516 = DIRECTION ( 'NONE',  ( -1.000000000000000000, 0.000000000000000000, -0.000000000000000000 ) ) ;
#1517 = LINE ( 'NONE', #2979, #3398 ) ;
#1518 = VERTEX_POINT ( 'NONE', #4125 ) ;
#1519 = DIRECTION ( 'NONE',  ( -1.261617073437677752E-16, -1.000000000000000000, 0.000000000000000000 ) ) ;
#1520 = ADVANCED_FACE ( 'NONE', ( #3093 ), #643, .F. ) ;
#1521 = ADVANCED_FACE ( 'NONE', ( #3379 ), #3070, .F. ) ;
#1522 = DIRECTION ( 'NONE',  ( -0.000000000000000000, -0.000000000000000000, -1.000000000000000000 ) ) ;
#1523 = ORIENTED_EDGE ( 'NONE', *, *, #3569, .T. ) ;
#1524 = CARTESIAN_POINT ( 'NONE',  ( 0.000000000000000000, 76.67661090932665502, -30.32050807568879947 ) ) ;
#1525 = FACE_OUTER_BOUND ( 'NONE', #3413, .T. ) ;
#1526 = ORIENTED_EDGE ( 'NONE', *, *, #4454, .T. ) ;
#1527 = AXIS2_PLACEMENT_3D ( 'NONE', #2273, #1631, #2971 ) ;
#1528 = AXIS2_PLACEMENT_3D ( 'NONE', #367, #1769, #46 ) ;
#1529 = DIRECTION ( 'NONE',  ( -0.000000000000000000, -0.000000000000000000, -1.000000000000000000 ) ) ;
#1530 = DIRECTION ( 'NONE',  ( -0.000000000000000000, 0.8660254037844389297, 0.4999999999999993339 ) ) ;
#1531 = CIRCLE ( 'NONE', #571, 1.649999999999991696 ) ;
#1532 = AXIS2_PLACEMENT_3D ( 'NONE', #4363, #3321, #2588 ) ;
#1533 = ORIENTED_EDGE ( 'NONE', *, *, #2728, .F. ) ;
#1534 = CARTESIAN_POINT ( 'NONE',  ( 2.000000000000001776, 49.27468712067999235, -28.82050807568881368 ) ) ;
#1535 = ORIENTED_EDGE ( 'NONE', *, *, #2313, .F. ) ;
#1536 = DIRECTION ( 'NONE',  ( -1.261617073437677752E-16, -1.000000000000000000, 0.000000000000000000 ) ) ;
#1537 = DIRECTION ( 'NONE',  ( -0.000000000000000000, -0.000000000000000000, -1.000000000000000000 ) ) ;
#1538 = FACE_BOUND ( 'NONE', #4443, .T. ) ;
#1539 = CARTESIAN_POINT ( 'NONE',  ( 54.00000000000000000, 165.0000000000000000, -2.000000000000000000 ) ) ;
#1540 = DIRECTION ( 'NONE',  ( -1.000000000000000000, 1.261617073437677752E-16, 0.000000000000000000 ) ) ;
#1541 = VERTEX_POINT ( 'NONE', #976 ) ;
#1542 = VERTEX_POINT ( 'NONE', #908 ) ;
#1543 = EDGE_CURVE ( 'NONE', #2223, #540, #933, .T. ) ;
#1544 = FACE_OUTER_BOUND ( 'NONE', #3529, .T. ) ;
#1545 = CARTESIAN_POINT ( 'NONE',  ( 56.00000000000000000, 119.3782930573960641, -26.33970478420243921 ) ) ;
#1546 = FACE_BOUND ( 'NONE', #1820, .T. ) ;
#1547 = CARTESIAN_POINT ( 'NONE',  ( 150.0000000000000000, 106.6766109093266550, -30.32050807568879947 ) ) ;
#1548 = ORIENTED_EDGE ( 'NONE', *, *, #1838, .F. ) ;
#1549 = VECTOR ( 'NONE', #1694, 1000.000000000000227 ) ;
#1550 = DIRECTION ( 'NONE',  ( -0.000000000000000000, 0.000000000000000000, 1.000000000000000000 ) ) ;
#1551 =( GEOMETRIC_REPRESENTATION_CONTEXT ( 3 ) GLOBAL_UNCERTAINTY_ASSIGNED_CONTEXT ( ( #1214 ) ) GLOBAL_UNIT_ASSIGNED_CONTEXT ( ( #2904, #2927, #4318 ) ) REPRESENTATION_CONTEXT ( 'NONE', 'WORKASPACE' ) );
#1552 = AXIS2_PLACEMENT_3D ( 'NONE', #832, #3252, #3230 ) ;
#1553 = VECTOR ( 'NONE', #983, 1000.000000000000000 ) ;
#1554 = CARTESIAN_POINT ( 'NONE',  ( 49.60000000000008669, 108.0000000000000142, -40.00000000000000711 ) ) ;
#1555 = CARTESIAN_POINT ( 'NONE',  ( 40.99999999999997868, 2.000000000000001332, 2.000000000000000000 ) ) ;
#1556 = CARTESIAN_POINT ( 'NONE',  ( 54.00000000000000000, 124.2746871206799852, -28.82050807568881368 ) ) ;
#1557 = EDGE_LOOP ( 'NONE', ( #4071, #1627, #2023, #2896 ) ) ;
#1558 = CARTESIAN_POINT ( 'NONE',  ( 6.400000000000082956, 108.0000000000000142, -35.00000000000000000 ) ) ;
#1559 = DIRECTION ( 'NONE',  ( 0.000000000000000000, 0.4999999999999950595, -0.8660254037844414832 ) ) ;
#1560 = ADVANCED_FACE ( 'NONE', ( #2337 ), #3441, .F. ) ;
#1561 = DIRECTION ( 'NONE',  ( 1.000000000000000000, 0.000000000000000000, -0.000000000000000000 ) ) ;
#1562 = FACE_OUTER_BOUND ( 'NONE', #4423, .T. ) ;
#1563 = SURFACE_STYLE_USAGE ( .BOTH. , #3243 ) ;
#1564 = EDGE_CURVE ( 'NONE', #29, #1235, #308, .T. ) ;
#1565 = CARTESIAN_POINT ( 'NONE',  ( 49.14999999999995595, 41.24999999999999289, -1.000000000000000000 ) ) ;
#1566 = LINE ( 'NONE', #3273, #3246 ) ;
#1567 = ORIENTED_EDGE ( 'NONE', *, *, #69, .F. ) ;
#1568 = VERTEX_POINT ( 'NONE', #4439 ) ;
#1569 = CARTESIAN_POINT ( 'NONE',  ( 0.000000000000000000, 144.2746871206800279, -11.49999999999999645 ) ) ;
#1570 = ORIENTED_EDGE ( 'NONE', *, *, #2029, .F. ) ;
#1571 = DIRECTION ( 'NONE',  ( 1.000000000000000000, -1.261617073437677752E-16, -0.000000000000000000 ) ) ;
#1572 = DIRECTION ( 'NONE',  ( -0.000000000000000000, 0.8660254037844403729, 0.4999999999999971689 ) ) ;
#1573 = ORIENTED_EDGE ( 'NONE', *, *, #2717, .T. ) ;
#1574 = DIRECTION ( 'NONE',  ( -1.261617073437677752E-16, -1.000000000000000000, -0.000000000000000000 ) ) ;
#1575 = AXIS2_PLACEMENT_3D ( 'NONE', #4074, #2639, #577 ) ;
#1576 = EDGE_CURVE ( 'NONE', #1179, #1306, #2642, .T. ) ;
#1577 = PLANE ( 'NONE',  #3038 ) ;
#1578 = FACE_OUTER_BOUND ( 'NONE', #563, .T. ) ;
#1579 = ORIENTED_EDGE ( 'NONE', *, *, #473, .T. ) ;
#1580 = CARTESIAN_POINT ( 'NONE',  ( 150.0000000000000000, 126.6766109093266977, -12.99999999999999822 ) ) ;
#1581 = ORIENTED_EDGE ( 'NONE', *, *, #3855, .F. ) ;
#1582 = DIRECTION ( 'NONE',  ( 0.000000000000000000, 0.4999999999999971134, -0.8660254037844402619 ) ) ;
#1583 = LINE ( 'NONE', #1247, #3200 ) ;
#1584 = DIRECTION ( 'NONE',  ( -1.000000000000000000, -0.000000000000000000, -0.000000000000000000 ) ) ;
#1585 = EDGE_CURVE ( 'NONE', #1010, #2690, #622, .T. ) ;
#1586 = ORIENTED_EDGE ( 'NONE', *, *, #178, .F. ) ;
#1587 = DIRECTION ( 'NONE',  ( 0.000000000000000000, 0.000000000000000000, 1.000000000000000000 ) ) ;
#1588 = VECTOR ( 'NONE', #4402, 1000.000000000000114 ) ;
#1589 = VECTOR ( 'NONE', #1029, 1000.000000000000000 ) ;
#1590 = LINE ( 'NONE', #1697, #4080 ) ;
#1591 = FACE_OUTER_BOUND ( 'NONE', #2089, .T. ) ;
#1592 = ORIENTED_EDGE ( 'NONE', *, *, #2842, .F. ) ;
#1593 = DIRECTION ( 'NONE',  ( 1.000000000000000000, 0.000000000000000000, 0.000000000000000000 ) ) ;
#1594 = VECTOR ( 'NONE', #1851, 1000.000000000000000 ) ;
#1595 = CARTESIAN_POINT ( 'NONE',  ( 16.99999999999997868, 2.000000000000001776, 2.000000000000000000 ) ) ;
#1596 = ORIENTED_EDGE ( 'NONE', *, *, #96, .T. ) ;
#1597 = CARTESIAN_POINT ( 'NONE',  ( 3.600000000000085798, 19.00000000000000355, -30.00000000000000711 ) ) ;
#1598 = CARTESIAN_POINT ( 'NONE',  ( 150.0000000000000000, 126.6766109093266977, -12.99999999999999822 ) ) ;
#1599 = LINE ( 'NONE', #242, #1958 ) ;
#1600 = CARTESIAN_POINT ( 'NONE',  ( 55.99999999999999289, 124.2746871206799852, -28.82050807568881012 ) ) ;
#1601 = VERTEX_POINT ( 'NONE', #555 ) ;
#1602 = LINE ( 'NONE', #1625, #1510 ) ;
#1603 = ORIENTED_EDGE ( 'NONE', *, *, #2792, .F. ) ;
#1604 = FACE_OUTER_BOUND ( 'NONE', #4107, .T. ) ;
#1605 = DIRECTION ( 'NONE',  ( 0.000000000000000000, 0.000000000000000000, 1.000000000000000000 ) ) ;
#1606 = VECTOR ( 'NONE', #4075, 1000.000000000000114 ) ;
#1607 = CARTESIAN_POINT ( 'NONE',  ( 9.149999999999973710, 123.7500000000000000, -1.000000000000000000 ) ) ;
#1608 = CARTESIAN_POINT ( 'NONE',  ( 54.00000000000000000, 165.0000000000000000, 0.000000000000000000 ) ) ;
#1609 = ORIENTED_EDGE ( 'NONE', *, *, #3769, .T. ) ;
#1610 = DIRECTION ( 'NONE',  ( 0.000000000000000000, -0.000000000000000000, 1.000000000000000000 ) ) ;
#1611 = EDGE_CURVE ( 'NONE', #3889, #5, #3126, .T. ) ;
#1612 = DIRECTION ( 'NONE',  ( 0.000000000000000000, 0.000000000000000000, -1.000000000000000000 ) ) ;
#1613 = EDGE_LOOP ( 'NONE', ( #1837, #2839, #3912, #545 ) ) ;
#1614 = EDGE_LOOP ( 'NONE', ( #904, #2874, #3894, #2522 ) ) ;
#1615 = EDGE_CURVE ( 'NONE', #401, #4312, #3749, .T. ) ;
#1616 = CARTESIAN_POINT ( 'NONE',  ( 6.400000000000082956, 19.00000000000000355, -40.00000000000000711 ) ) ;
#1617 = ORIENTED_EDGE ( 'NONE', *, *, #1207, .T. ) ;
#1618 = DIRECTION ( 'NONE',  ( -0.000000000000000000, -0.000000000000000000, 1.000000000000000000 ) ) ;
#1619 = LINE ( 'NONE', #3622, #2013 ) ;
#1620 = FACE_OUTER_BOUND ( 'NONE', #3884, .T. ) ;
#1621 = FACE_OUTER_BOUND ( 'NONE', #266, .T. ) ;
#1622 = DIRECTION ( 'NONE',  ( -0.000000000000000000, -0.000000000000000000, -1.000000000000000000 ) ) ;
#1623 = ADVANCED_FACE ( 'NONE', ( #3723 ), #260, .F. ) ;
#1624 = EDGE_LOOP ( 'NONE', ( #1842, #2659, #2319, #1435 ) ) ;
#1625 = CARTESIAN_POINT ( 'NONE',  ( 40.99999999999997868, 0.000000000000000000, 3.000000000000000000 ) ) ;
#1626 = ORIENTED_EDGE ( 'NONE', *, *, #3824, .T. ) ;
#1627 = ORIENTED_EDGE ( 'NONE', *, *, #2093, .F. ) ;
#1628 = FACE_OUTER_BOUND ( 'NONE', #1331, .T. ) ;
#1629 = AXIS2_PLACEMENT_3D ( 'NONE', #2633, #4137, #1291 ) ;
#1630 = AXIS2_PLACEMENT_3D ( 'NONE', #4469, #4178, #1325 ) ;
#1631 = DIRECTION ( 'NONE',  ( 0.000000000000000000, -0.4999999999999993894, 0.8660254037844390407 ) ) ;
#1632 = CARTESIAN_POINT ( 'NONE',  ( 41.00000000000000000, 163.0000000000000000, 2.000000000000000000 ) ) ;
#1633 = EDGE_CURVE ( 'NONE', #3603, #1010, #579, .T. ) ;
#1634 = ORIENTED_EDGE ( 'NONE', *, *, #1658, .F. ) ;
#1635 = CARTESIAN_POINT ( 'NONE',  ( 54.00000000000000000, 130.6282930573960925, -19.84451425581917050 ) ) ;
#1636 = FACE_OUTER_BOUND ( 'NONE', #2344, .T. ) ;
#1637 = ORIENTED_EDGE ( 'NONE', *, *, #3002, .T. ) ;
#1638 = ORIENTED_EDGE ( 'NONE', *, *, #847, .T. ) ;
#1639 = DIRECTION ( 'NONE',  ( 0.000000000000000000, -0.4999999999999976130, 0.8660254037844399289 ) ) ;
#1640 = ADVANCED_FACE ( 'NONE', ( #1620 ), #2399, .F. ) ;
#1641 = LINE ( 'NONE', #3023, #3594 ) ;
#1642 = DIRECTION ( 'NONE',  ( -1.000000000000000000, -0.000000000000000000, -0.000000000000000000 ) ) ;
#1643 = DIRECTION ( 'NONE',  ( 0.000000000000000000, 0.8660254037844414832, 0.4999999999999950595 ) ) ;
#1644 = CARTESIAN_POINT ( 'NONE',  ( 0.000000000000000000, 165.0000000000000000, -38.00000000000000000 ) ) ;
#1645 = CARTESIAN_POINT ( 'NONE',  ( 0.000000000000000000, 136.6766109093266550, -30.32050807568879947 ) ) ;
#1646 = ORIENTED_EDGE ( 'NONE', *, *, #4109, .F. ) ;
#1647 = LINE ( 'NONE', #3030, #1436 ) ;
#1648 = ORIENTED_EDGE ( 'NONE', *, *, #707, .T. ) ;
#1649 = EDGE_CURVE ( 'NONE', #2783, #100, #2028, .T. ) ;
#1650 = CARTESIAN_POINT ( 'NONE',  ( 150.0000000000000000, 81.67661090932671186, -13.00000000000000000 ) ) ;
#1651 = CARTESIAN_POINT ( 'NONE',  ( 150.0000000000000000, 66.67661090932671186, -13.00000000000000000 ) ) ;
#1652 = AXIS2_PLACEMENT_3D ( 'NONE', #3360, #4422, #582 ) ;
#1653 = VERTEX_POINT ( 'NONE', #1300 ) ;
#1654 = LINE ( 'NONE', #4452, #1830 ) ;
#1655 = ORIENTED_EDGE ( 'NONE', *, *, #1043, .F. ) ;
#1656 = LINE ( 'NONE', #2634, #4102 ) ;
#1657 = ORIENTED_EDGE ( 'NONE', *, *, #3877, .T. ) ;
#1658 = EDGE_CURVE ( 'NONE', #3505, #2320, #4100, .T. ) ;
#1659 = AXIS2_PLACEMENT_3D ( 'NONE', #4057, #3012, #2647 ) ;
#1660 = DIRECTION ( 'NONE',  ( 1.000000000000000000, 0.000000000000000000, -0.000000000000000000 ) ) ;
#1661 = CARTESIAN_POINT ( 'NONE',  ( 5.000000000000084377, 108.0000000000000142, -40.00000000000000711 ) ) ;
#1662 = VECTOR ( 'NONE', #3191, 1000.000000000000000 ) ;
#1663 = CARTESIAN_POINT ( 'NONE',  ( 150.0000000000000000, 21.67661090932671186, -13.00000000000000000 ) ) ;
#1664 = EDGE_CURVE ( 'NONE', #562, #4189, #1068, .T. ) ;
#1665 = EDGE_CURVE ( 'NONE', #2625, #3505, #3533, .T. ) ;
#1666 = AXIS2_PLACEMENT_3D ( 'NONE', #3374, #1317, #1660 ) ;
#1667 = DIRECTION ( 'NONE',  ( 1.000000000000000000, 0.000000000000000000, 0.000000000000000000 ) ) ;
#1668 = ORIENTED_EDGE ( 'NONE', *, *, #3906, .F. ) ;
#1669 = DIRECTION ( 'NONE',  ( 0.000000000000000000, 0.4999999999999976130, -0.8660254037844399289 ) ) ;
#1670 = EDGE_LOOP ( 'NONE', ( #1098, #2474, #3736, #1548 ) ) ;
#1671 = ORIENTED_EDGE ( 'NONE', *, *, #3382, .T. ) ;
#1672 = EDGE_CURVE ( 'NONE', #4256, #1760, #4502, .T. ) ;
#1673 = DIRECTION ( 'NONE',  ( 0.000000000000000000, 0.000000000000000000, -1.000000000000000000 ) ) ;
#1674 = CARTESIAN_POINT ( 'NONE',  ( 15.29697699172836778, 164.9999999999999432, 0.1308314747327712357 ) ) ;
#1675 = DIRECTION ( 'NONE',  ( 0.000000000000000000, 0.8660254037844414832, 0.4999999999999950595 ) ) ;
#1676 = ORIENTED_EDGE ( 'NONE', *, *, #3611, .T. ) ;
#1677 = VECTOR ( 'NONE', #154, 1000.000000000000000 ) ;
#1678 = VECTOR ( 'NONE', #3462, 1000.000000000000000 ) ;
#1679 = VECTOR ( 'NONE', #3548, 1000.000000000000114 ) ;
#1680 = AXIS2_PLACEMENT_3D ( 'NONE', #2629, #868, #2272 ) ;
#1681 = AXIS2_PLACEMENT_3D ( 'NONE', #1704, #1682, #1612 ) ;
#1682 = DIRECTION ( 'NONE',  ( 0.000000000000000000, -1.000000000000000000, 0.000000000000000000 ) ) ;
#1683 = ORIENTED_EDGE ( 'NONE', *, *, #4084, .F. ) ;
#1684 = ORIENTED_EDGE ( 'NONE', *, *, #991, .F. ) ;
#1685 = EDGE_CURVE ( 'NONE', #83, #1337, #392, .T. ) ;
#1686 = DIRECTION ( 'NONE',  ( -1.000000000000000000, -0.000000000000000000, -0.000000000000000000 ) ) ;
#1687 = LINE ( 'NONE', #3416, #3818 ) ;
#1688 = DIRECTION ( 'NONE',  ( -1.000000000000000000, 0.000000000000000000, 0.000000000000000000 ) ) ;
#1689 = LINE ( 'NONE', #3010, #2826 ) ;
#1690 = ORIENTED_EDGE ( 'NONE', *, *, #149, .T. ) ;
#1691 = PLANE ( 'NONE',  #408 ) ;
#1692 = ADVANCED_FACE ( 'NONE', ( #54 ), #2461, .F. ) ;
#1693 = ORIENTED_EDGE ( 'NONE', *, *, #955, .F. ) ;
#1694 = DIRECTION ( 'NONE',  ( -0.000000000000000000, 0.8660254037844389297, 0.4999999999999993339 ) ) ;
#1695 = DIRECTION ( 'NONE',  ( 0.000000000000000000, 0.000000000000000000, -1.000000000000000000 ) ) ;
#1696 = ORIENTED_EDGE ( 'NONE', *, *, #3278, .T. ) ;
#1697 = CARTESIAN_POINT ( 'NONE',  ( 0.000000000000000000, 2.000000000000000000, -2.000000000000000000 ) ) ;
#1698 = ORIENTED_EDGE ( 'NONE', *, *, #506, .T. ) ;
#1699 = CARTESIAN_POINT ( 'NONE',  ( 0.000000000000000000, 136.6766109093266550, -30.32050807568879947 ) ) ;
#1700 = VERTEX_POINT ( 'NONE', #1410 ) ;
#1701 = VECTOR ( 'NONE', #3980, 1000.000000000000114 ) ;
#1702 = STYLED_ITEM ( 'NONE', ( #2227 ), #774 ) ;
#1703 = VECTOR ( 'NONE', #1857, 1000.000000000000000 ) ;
#1704 = CARTESIAN_POINT ( 'NONE',  ( 33.85857157145715490, 165.0000000000000000, -27.99999999999999645 ) ) ;
#1705 = EDGE_CURVE ( 'NONE', #35, #4433, #2986, .T. ) ;
#1706 = CARTESIAN_POINT ( 'NONE',  ( 53.99999999999999289, 46.67661090932666212, -30.32050807568880302 ) ) ;
#1707 = CARTESIAN_POINT ( 'NONE',  ( 150.0000000000000000, 109.2746871206799852, -28.82050807568881012 ) ) ;
#1708 = DIRECTION ( 'NONE',  ( -1.000000000000000000, -0.000000000000000000, -0.000000000000000000 ) ) ;
#1709 = ORIENTED_EDGE ( 'NONE', *, *, #1985, .T. ) ;
#1710 = DIRECTION ( 'NONE',  ( -1.261617073437677752E-16, -1.000000000000000000, 0.000000000000000000 ) ) ;
#1711 = VERTEX_POINT ( 'NONE', #328 ) ;
#1712 = ORIENTED_EDGE ( 'NONE', *, *, #2148, .T. ) ;
#1713 = EDGE_CURVE ( 'NONE', #3564, #3597, #3181, .T. ) ;
#1714 = CARTESIAN_POINT ( 'NONE',  ( 7.499999999999971578, 82.49999999999998579, -1.000000000000000000 ) ) ;
#1715 = CARTESIAN_POINT ( 'NONE',  ( 9.149999999999973710, 123.7500000000000000, 3.000000000000000000 ) ) ;
#1716 = CYLINDRICAL_SURFACE ( 'NONE', #3934, 1.399999999999998579 ) ;
#1717 = ORIENTED_EDGE ( 'NONE', *, *, #894, .T. ) ;
#1718 = CIRCLE ( 'NONE', #4285, 1.399999999999998579 ) ;
#1719 = FACE_OUTER_BOUND ( 'NONE', #4506, .T. ) ;
#1720 = ORIENTED_EDGE ( 'NONE', *, *, #2347, .F. ) ;
#1721 = PRODUCT ( 'Socket', 'Socket', '', ( #3532 ) ) ;
#1722 = EDGE_CURVE ( 'NONE', #3100, #560, #3553, .T. ) ;
#1723 = AXIS2_PLACEMENT_3D ( 'NONE', #619, #994, #2396 ) ;
#1724 = CARTESIAN_POINT ( 'NONE',  ( 56.00000000000000000, 121.9763692687493801, -24.83970478420242500 ) ) ;
#1725 = CARTESIAN_POINT ( 'NONE',  ( 3.600000000000085798, 108.0000000000000142, -35.00000000000000000 ) ) ;
#1726 = CARTESIAN_POINT ( 'NONE',  ( 54.00000000000000000, 99.47636926874930907, -37.83008584096896953 ) ) ;
#1727 = EDGE_CURVE ( 'NONE', #2991, #1653, #1386, .T. ) ;
#1728 = VERTEX_POINT ( 'NONE', #3840 ) ;
#1729 = CARTESIAN_POINT ( 'NONE',  ( 53.99999999999999289, 99.27468712068004209, -11.49999999999999467 ) ) ;
#1730 = VECTOR ( 'NONE', #1101, 1000.000000000000000 ) ;
#1731 = VECTOR ( 'NONE', #3084, 1000.000000000000114 ) ;
#1732 = CARTESIAN_POINT ( 'NONE',  ( 56.00000000000000000, 138.5483178519306193, 45.81565742611893910 ) ) ;
#1733 = ORIENTED_EDGE ( 'NONE', *, *, #3015, .T. ) ;
#1734 = ORIENTED_EDGE ( 'NONE', *, *, #2728, .T. ) ;
#1735 = CIRCLE ( 'NONE', #2328, 1.649999999999998579 ) ;
#1736 = DIRECTION ( 'NONE',  ( -0.000000000000000000, 0.4999999999999972800, -0.8660254037844401509 ) ) ;
#1737 = VERTEX_POINT ( 'NONE', #2757 ) ;
#1738 = EDGE_CURVE ( 'NONE', #3253, #624, #3640, .T. ) ;
#1739 = ORIENTED_EDGE ( 'NONE', *, *, #1615, .F. ) ;
#1740 = VECTOR ( 'NONE', #3791, 1000.000000000000000 ) ;
#1741 = CARTESIAN_POINT ( 'NONE',  ( 0.000000000000000000, 124.2746871206799852, -28.82050807568881012 ) ) ;
#1742 = CARTESIAN_POINT ( 'NONE',  ( 38.99999999999997868, 2.000000000000001776, -2.000000000000000000 ) ) ;
#1743 = DIRECTION ( 'NONE',  ( -0.000000000000000000, -0.000000000000000000, -1.000000000000000000 ) ) ;
#1744 = EDGE_LOOP ( 'NONE', ( #1912, #1238, #650, #354 ) ) ;
#1745 = LINE ( 'NONE', #3434, #929 ) ;
#1746 = CIRCLE ( 'NONE', #3714, 1.399999999999998579 ) ;
#1747 = ORIENTED_EDGE ( 'NONE', *, *, #3332, .F. ) ;
#1748 = ORIENTED_EDGE ( 'NONE', *, *, #3823, .F. ) ;
#1749 = EDGE_CURVE ( 'NONE', #1568, #3318, #2120, .T. ) ;
#1750 = AXIS2_PLACEMENT_3D ( 'NONE', #2731, #2683, #3045 ) ;
#1751 = ORIENTED_EDGE ( 'NONE', *, *, #2382, .F. ) ;
#1752 = VECTOR ( 'NONE', #2582, 1000.000000000000000 ) ;
#1753 = DIRECTION ( 'NONE',  ( 0.000000000000000000, -0.4999999999999976130, 0.8660254037844399289 ) ) ;
#1754 = CARTESIAN_POINT ( 'NONE',  ( 54.00000000000000000, 167.2983178519306762, -3.980803291486505913 ) ) ;
#1755 = EDGE_CURVE ( 'NONE', #1420, #2646, #1776, .T. ) ;
#1756 = CARTESIAN_POINT ( 'NONE',  ( 52.40000000000008384, 108.0000000000000142, -40.00000000000000711 ) ) ;
#1757 = EDGE_LOOP ( 'NONE', ( #3983, #2529, #1526, #2012 ) ) ;
#1758 = ORIENTED_EDGE ( 'NONE', *, *, #924, .F. ) ;
#1759 = CARTESIAN_POINT ( 'NONE',  ( 150.0000000000000000, 24.27468712068003853, -11.49999999999999467 ) ) ;
#1760 = VERTEX_POINT ( 'NONE', #30 ) ;
#1761 = LINE ( 'NONE', #1418, #268 ) ;
#1762 = ORIENTED_EDGE ( 'NONE', *, *, #1342, .T. ) ;
#1763 = LINE ( 'NONE', #3522, #1730 ) ;
#1764 = ORIENTED_EDGE ( 'NONE', *, *, #961, .F. ) ;
#1765 = CARTESIAN_POINT ( 'NONE',  ( 3.600000000000082245, 60.00000000000000711, -30.00000000000000711 ) ) ;
#1766 = ORIENTED_EDGE ( 'NONE', *, *, #2523, .T. ) ;
#1767 = DIRECTION ( 'NONE',  ( -1.261617073437677752E-16, -1.000000000000000000, 0.000000000000000000 ) ) ;
#1768 = EDGE_LOOP ( 'NONE', ( #2679, #3201, #2561 ) ) ;
#1769 = DIRECTION ( 'NONE',  ( 0.000000000000000000, 0.4999999999999950595, -0.8660254037844414832 ) ) ;
#1770 = ORIENTED_EDGE ( 'NONE', *, *, #44, .T. ) ;
#1771 = VECTOR ( 'NONE', #258, 1000.000000000000000 ) ;
#1772 = AXIS2_PLACEMENT_3D ( 'NONE', #940, #2323, #227 ) ;
#1773 = EDGE_CURVE ( 'NONE', #3523, #3959, #2484, .T. ) ;
#1774 = FACE_OUTER_BOUND ( 'NONE', #2780, .T. ) ;
#1775 = PLANE ( 'NONE',  #468 ) ;
#1776 = LINE ( 'NONE', #3511, #1313 ) ;
#1777 = CARTESIAN_POINT ( 'NONE',  ( 54.00000000000000000, 110.7263692687493517, -31.33489531258568661 ) ) ;
#1778 = VERTEX_POINT ( 'NONE', #1729 ) ;
#1779 = DIRECTION ( 'NONE',  ( 0.000000000000000000, 0.000000000000000000, 1.000000000000000000 ) ) ;
#1780 = VERTEX_POINT ( 'NONE', #4524 ) ;
#1781 = DIRECTION ( 'NONE',  ( -1.000000000000000000, -0.000000000000000000, -0.000000000000000000 ) ) ;
#1782 = CARTESIAN_POINT ( 'NONE',  ( 3.600000000000085798, 19.00000000000000355, -35.00000000000000000 ) ) ;
#1783 = ORIENTED_EDGE ( 'NONE', *, *, #2376, .T. ) ;
#1784 = EDGE_CURVE ( 'NONE', #2233, #3214, #4387, .T. ) ;
#1785 = PLANE ( 'NONE',  #4185 ) ;
#1786 = ORIENTED_EDGE ( 'NONE', *, *, #1664, .T. ) ;
#1787 = FACE_BOUND ( 'NONE', #1493, .T. ) ;
#1788 = CYLINDRICAL_SURFACE ( 'NONE', #718, 2.000000000000001776 ) ;
#1789 = ORIENTED_EDGE ( 'NONE', *, *, #2360, .F. ) ;
#1790 = ORIENTED_EDGE ( 'NONE', *, *, #527, .F. ) ;
#1791 = AXIS2_PLACEMENT_3D ( 'NONE', #2357, #3484, #4145 ) ;
#1792 = CARTESIAN_POINT ( 'NONE',  ( 5.849999999999971223, 82.49999999999998579, 3.000000000000000000 ) ) ;
#1793 = ORIENTED_EDGE ( 'NONE', *, *, #4167, .T. ) ;
#1794 = EDGE_CURVE ( 'NONE', #3559, #2625, #1583, .T. ) ;
#1795 = LINE ( 'NONE', #3228, #3264 ) ;
#1796 = ORIENTED_EDGE ( 'NONE', *, *, #4226, .T. ) ;
#1797 = FACE_BOUND ( 'NONE', #3585, .T. ) ;
#1798 = DIRECTION ( 'NONE',  ( -1.000000000000000000, 0.000000000000000000, 0.000000000000000000 ) ) ;
#1799 = ORIENTED_EDGE ( 'NONE', *, *, #3764, .T. ) ;
#1800 = EDGE_CURVE ( 'NONE', #74, #2653, #4017, .T. ) ;
#1801 = EDGE_CURVE ( 'NONE', #597, #2836, #2605, .T. ) ;
#1802 = AXIS2_PLACEMENT_3D ( 'NONE', #964, #4135, #4024 ) ;
#1803 = CARTESIAN_POINT ( 'NONE',  ( 56.00000000000000000, 148.5483178519310457, 28.49514935042972752 ) ) ;
#1804 = CARTESIAN_POINT ( 'NONE',  ( 0.000000000000000000, 0.000000000000000000, -2.000000000000000000 ) ) ;
#1805 = VERTEX_POINT ( 'NONE', #2583 ) ;
#1806 = LINE ( 'NONE', #2176, #3110 ) ;
#1807 = ORIENTED_EDGE ( 'NONE', *, *, #847, .F. ) ;
#1808 = DIRECTION ( 'NONE',  ( 0.000000000000000000, 0.000000000000000000, -1.000000000000000000 ) ) ;
#1809 = ADVANCED_FACE ( 'NONE', ( #871 ), #156, .F. ) ;
#1810 = EDGE_CURVE ( 'NONE', #1497, #3955, #3709, .T. ) ;
#1811 = VECTOR ( 'NONE', #3120, 1000.000000000000000 ) ;
#1812 = DIRECTION ( 'NONE',  ( -0.000000000000000000, -1.000000000000000000, -0.000000000000000000 ) ) ;
#1813 = AXIS2_PLACEMENT_3D ( 'NONE', #689, #3766, #281 ) ;
#1814 = EDGE_LOOP ( 'NONE', ( #2586, #2386, #234, #1347 ) ) ;
#1815 = DIRECTION ( 'NONE',  ( 1.261617073437677752E-16, 1.000000000000000000, 0.000000000000000000 ) ) ;
#1816 = ORIENTED_EDGE ( 'NONE', *, *, #987, .T. ) ;
#1817 = ADVANCED_FACE ( 'NONE', ( #3340 ), #3662, .F. ) ;
#1818 = CARTESIAN_POINT ( 'NONE',  ( 150.0000000000000000, 24.27468712068003853, -11.49999999999999467 ) ) ;
#1819 = EDGE_CURVE ( 'NONE', #1391, #77, #1933, .T. ) ;
#1820 = EDGE_LOOP ( 'NONE', ( #655, #1868 ) ) ;
#1821 = CARTESIAN_POINT ( 'NONE',  ( 56.00000000000000000, 0.000000000000000000, 3.000000000000000000 ) ) ;
#1822 = DIRECTION ( 'NONE',  ( -0.000000000000000000, -0.000000000000000000, -1.000000000000000000 ) ) ;
#1823 = ORIENTED_EDGE ( 'NONE', *, *, #2114, .F. ) ;
#1824 = CARTESIAN_POINT ( 'NONE',  ( 2.000000000000001776, 124.2746871206799852, -28.82050807568881012 ) ) ;
#1825 = ORIENTED_EDGE ( 'NONE', *, *, #1955, .F. ) ;
#1826 = AXIS2_PLACEMENT_3D ( 'NONE', #2353, #595, #3761 ) ;
#1827 = PLANE ( 'NONE',  #2363 ) ;
#1828 = ADVANCED_FACE ( 'NONE', ( #471 ), #3016, .T. ) ;
#1829 = DIRECTION ( 'NONE',  ( 0.000000000000000000, 0.8660254037844390407, 0.4999999999999993894 ) ) ;
#1830 = VECTOR ( 'NONE', #1312, 1000.000000000000000 ) ;
#1831 = VERTEX_POINT ( 'NONE', #4428 ) ;
#1832 = CARTESIAN_POINT ( 'NONE',  ( 7.499999999999974243, 123.7500000000000000, -1.000000000000000000 ) ) ;
#1833 = VERTEX_POINT ( 'NONE', #1287 ) ;
#1834 = LINE ( 'NONE', #3568, #612 ) ;
#1835 = DIRECTION ( 'NONE',  ( 0.000000000000000000, 1.000000000000000000, 0.000000000000000000 ) ) ;
#1836 = CARTESIAN_POINT ( 'NONE',  ( 150.0000000000000000, 151.6766109093266550, -30.32050807568879947 ) ) ;
#1837 = ORIENTED_EDGE ( 'NONE', *, *, #4412, .F. ) ;
#1838 = EDGE_CURVE ( 'NONE', #1728, #3603, #206, .T. ) ;
#1839 = CARTESIAN_POINT ( 'NONE',  ( 15.06578560668600630, -0.000000000000000000, 0.7822941250211402631 ) ) ;
#1840 = CARTESIAN_POINT ( 'NONE',  ( 0.000000000000000000, 2.000000000000000000, -35.00000000000000000 ) ) ;
#1841 = EDGE_CURVE ( 'NONE', #540, #1845, #3265, .T. ) ;
#1842 = ORIENTED_EDGE ( 'NONE', *, *, #3036, .T. ) ;
#1843 = VECTOR ( 'NONE', #3802, 1000.000000000000000 ) ;
#1844 = CARTESIAN_POINT ( 'NONE',  ( 150.0000000000000000, 106.6766109093266550, -30.32050807568879947 ) ) ;
#1845 = VERTEX_POINT ( 'NONE', #1977 ) ;
#1846 = PLANE ( 'NONE',  #1552 ) ;
#1847 = FACE_OUTER_BOUND ( 'NONE', #2967, .T. ) ;
#1848 = EDGE_LOOP ( 'NONE', ( #605, #596 ) ) ;
#1849 = CARTESIAN_POINT ( 'NONE',  ( 0.000000000000000000, 49.27468712068000656, -28.82050807568880657 ) ) ;
#1850 = DIRECTION ( 'NONE',  ( 1.000000000000000000, 0.000000000000000000, -0.000000000000000000 ) ) ;
#1851 = DIRECTION ( 'NONE',  ( 0.000000000000000000, -0.8660254037844414832, -0.4999999999999950595 ) ) ;
#1852 = ORIENTED_EDGE ( 'NONE', *, *, #1576, .F. ) ;
#1853 = DIRECTION ( 'NONE',  ( -0.000000000000000000, -0.000000000000000000, 1.000000000000000000 ) ) ;
#1854 = CARTESIAN_POINT ( 'NONE',  ( 22.14142842854284510, 165.0000000000000000, -27.99999999999999645 ) ) ;
#1855 = CARTESIAN_POINT ( 'NONE',  ( 2.000000000000000000, 99.47636926874930907, -37.83008584096896953 ) ) ;
#1856 = EDGE_CURVE ( 'NONE', #1184, #2512, #3687, .T. ) ;
#1857 = DIRECTION ( 'NONE',  ( -1.000000000000000000, -0.000000000000000000, -0.000000000000000000 ) ) ;
#1858 = CARTESIAN_POINT ( 'NONE',  ( 39.00000000000000000, 163.0000000000000000, -2.000000000000000000 ) ) ;
#1859 = ADVANCED_FACE ( 'NONE', ( #2995 ), #3988, .F. ) ;
#1860 = ADVANCED_FACE ( 'NONE', ( #1881, #844, #4060, #1538, #2322 ), #3364, .T. ) ;
#1861 = DIRECTION ( 'NONE',  ( -1.000000000000000000, -0.000000000000000000, -0.000000000000000000 ) ) ;
#1862 = CARTESIAN_POINT ( 'NONE',  ( 150.0000000000000000, 36.67661090932671186, -13.00000000000000000 ) ) ;
#1863 = ORIENTED_EDGE ( 'NONE', *, *, #2777, .F. ) ;
#1864 = CARTESIAN_POINT ( 'NONE',  ( 39.00000000000000000, 163.0000000000000000, -2.000000000000000000 ) ) ;
#1865 = ADVANCED_FACE ( 'NONE', ( #2670 ), #2924, .F. ) ;
#1866 = AXIS2_PLACEMENT_3D ( 'NONE', #490, #3308, #222 ) ;
#1867 = CYLINDRICAL_SURFACE ( 'NONE', #2333, 1.650000000000000355 ) ;
#1868 = ORIENTED_EDGE ( 'NONE', *, *, #4454, .F. ) ;
#1869 = DIRECTION ( 'NONE',  ( 0.000000000000000000, -1.000000000000000000, -3.577867169202161477E-15 ) ) ;
#1870 = CARTESIAN_POINT ( 'NONE',  ( 2.000000000000001776, 99.27468712068004209, -11.49999999999999467 ) ) ;
#1871 = ORIENTED_EDGE ( 'NONE', *, *, #4004, .F. ) ;
#1872 = LINE ( 'NONE', #3626, #3970 ) ;
#1873 = CARTESIAN_POINT ( 'NONE',  ( 56.00000000000000000, 157.2983178519305625, 13.33970478420251204 ) ) ;
#1874 = EDGE_CURVE ( 'NONE', #3205, #1542, #2015, .T. ) ;
#1875 = ORIENTED_EDGE ( 'NONE', *, *, #1089, .F. ) ;
#1876 = DIRECTION ( 'NONE',  ( 0.000000000000000000, -1.000000000000000000, 0.000000000000000000 ) ) ;
#1877 = ORIENTED_EDGE ( 'NONE', *, *, #3521, .F. ) ;
#1878 = CARTESIAN_POINT ( 'NONE',  ( 5.849999999999971223, 82.49999999999998579, -1.000000000000000000 ) ) ;
#1879 = FACE_OUTER_BOUND ( 'NONE', #1613, .T. ) ;
#1880 = VECTOR ( 'NONE', #1001, 999.9999999999998863 ) ;
#1881 = FACE_BOUND ( 'NONE', #880, .T. ) ;
#1882 = CARTESIAN_POINT ( 'NONE',  ( 45.84999999999997300, 123.7500000000000000, 3.000000000000000000 ) ) ;
#1883 = AXIS2_PLACEMENT_3D ( 'NONE', #704, #4513, #3106 ) ;
#1884 = DIRECTION ( 'NONE',  ( 0.000000000000000000, 0.4999999999999976130, -0.8660254037844399289 ) ) ;
#1885 = VECTOR ( 'NONE', #4239, 1000.000000000000000 ) ;
#1886 = ORIENTED_EDGE ( 'NONE', *, *, #3477, .F. ) ;
#1887 = AXIS2_PLACEMENT_3D ( 'NONE', #1255, #4029, #215 ) ;
#1888 = CARTESIAN_POINT ( 'NONE',  ( 14.99999999999997868, 0.000000000000000000, 1.464101615137753054 ) ) ;
#1889 = EDGE_CURVE ( 'NONE', #1206, #4136, #2788, .T. ) ;
#1890 = FACE_OUTER_BOUND ( 'NONE', #2228, .T. ) ;
#1891 = ORIENTED_EDGE ( 'NONE', *, *, #1705, .F. ) ;
#1892 = LINE ( 'NONE', #2937, #1961 ) ;
#1893 = ADVANCED_FACE ( 'NONE', ( #2368 ), #4202, .T. ) ;
#1894 = LINE ( 'NONE', #1476, #4123 ) ;
#1895 = VERTEX_POINT ( 'NONE', #2036 ) ;
#1896 = CARTESIAN_POINT ( 'NONE',  ( 0.000000000000000000, 2.000000000000000000, -38.00000000000000000 ) ) ;
#1897 = DIRECTION ( 'NONE',  ( 0.000000000000000000, -0.8660254037844390407, -0.4999999999999993894 ) ) ;
#1898 = LINE ( 'NONE', #3563, #2398 ) ;
#1899 = PLANE ( 'NONE',  #4221 ) ;
#1900 = ORIENTED_EDGE ( 'NONE', *, *, #651, .F. ) ;
#1901 = CARTESIAN_POINT ( 'NONE',  ( 0.000000000000000000, 79.27468712067998524, -28.82050807568881012 ) ) ;
#1902 = ORIENTED_EDGE ( 'NONE', *, *, #3794, .F. ) ;
#1903 = DIRECTION ( 'NONE',  ( -1.000000000000000000, -0.000000000000000000, -0.000000000000000000 ) ) ;
#1904 = ADVANCED_FACE ( 'NONE', ( #1394 ), #1308, .F. ) ;
#1905 = DIRECTION ( 'NONE',  ( 0.000000000000000000, -0.8660254037844400399, -0.4999999999999976685 ) ) ;
#1906 = LINE ( 'NONE', #2950, #2861 ) ;
#1907 = SURFACE_STYLE_FILL_AREA ( #2541 ) ;
#1908 = ORIENTED_EDGE ( 'NONE', *, *, #4103, .T. ) ;
#1909 = DIRECTION ( 'NONE',  ( -0.000000000000000000, -0.000000000000000000, -1.000000000000000000 ) ) ;
#1910 = PLANE ( 'NONE',  #1532 ) ;
#1911 = ORIENTED_EDGE ( 'NONE', *, *, #2373, .F. ) ;
#1912 = ORIENTED_EDGE ( 'NONE', *, *, #3046, .T. ) ;
#1913 = CARTESIAN_POINT ( 'NONE',  ( 0.000000000000000000, 139.2746871206799710, -28.82050807568881012 ) ) ;
#1914 = EDGE_CURVE ( 'NONE', #2653, #4312, #896, .T. ) ;
#1915 = DIRECTION ( 'NONE',  ( -1.000000000000000000, -0.000000000000000000, -0.000000000000000000 ) ) ;
#1916 = DIRECTION ( 'NONE',  ( 1.000000000000000000, 0.000000000000000000, 0.000000000000000000 ) ) ;
#1917 = DIRECTION ( 'NONE',  ( -0.000000000000000000, -0.000000000000000000, 1.000000000000000000 ) ) ;
#1918 = ORIENTED_EDGE ( 'NONE', *, *, #256, .T. ) ;
#1919 = VECTOR ( 'NONE', #238, 1000.000000000000114 ) ;
#1920 = AXIS2_PLACEMENT_3D ( 'NONE', #607, #3405, #1051 ) ;
#1921 = DIRECTION ( 'NONE',  ( -0.000000000000000000, 0.000000000000000000, 1.000000000000000000 ) ) ;
#1922 = PRESENTATION_LAYER_ASSIGNMENT (  '', '', ( #1702 ) ) ;
#1923 = AXIS2_PLACEMENT_3D ( 'NONE', #508, #4282, #1916 ) ;
#1924 = CIRCLE ( 'NONE', #1335, 2.000000000000001776 ) ;
#1925 = CARTESIAN_POINT ( 'NONE',  ( 0.000000000000000000, 121.6766109093266550, -30.32050807568879947 ) ) ;
#1926 = LINE ( 'NONE', #1140, #410 ) ;
#1927 = DIRECTION ( 'NONE',  ( 0.000000000000000000, 0.000000000000000000, -1.000000000000000000 ) ) ;
#1928 = ORIENTED_EDGE ( 'NONE', *, *, #557, .T. ) ;
#1929 = CARTESIAN_POINT ( 'NONE',  ( 150.0000000000000000, 54.27468712068003498, -11.49999999999999467 ) ) ;
#1930 = ORIENTED_EDGE ( 'NONE', *, *, #991, .T. ) ;
#1931 = CARTESIAN_POINT ( 'NONE',  ( 5.849999999999969447, 41.24999999999999289, 3.000000000000000000 ) ) ;
#1932 = CARTESIAN_POINT ( 'NONE',  ( 45.84999999999997300, 41.24999999999999289, -1.000000000000000000 ) ) ;
#1933 = LINE ( 'NONE', #183, #280 ) ;
#1934 = DIRECTION ( 'NONE',  ( 0.000000000000000000, -0.8660254037844389297, -0.4999999999999993339 ) ) ;
#1935 = EDGE_LOOP ( 'NONE', ( #3309, #2096, #3383, #3083 ) ) ;
#1936 = EDGE_LOOP ( 'NONE', ( #937, #819, #1294, #1254 ) ) ;
#1937 = CYLINDRICAL_SURFACE ( 'NONE', #334, 2.000000000000000000 ) ;
#1938 = LINE ( 'NONE', #4345, #326 ) ;
#1939 = VERTEX_POINT ( 'NONE', #314 ) ;
#1940 = CARTESIAN_POINT ( 'NONE',  ( 150.0000000000000000, 64.27468712067998524, -28.82050807568881368 ) ) ;
#1941 = ORIENTED_EDGE ( 'NONE', *, *, #3492, .T. ) ;
#1942 = CARTESIAN_POINT ( 'NONE',  ( 150.0000000000000000, 124.2746871206799852, -28.82050807568881012 ) ) ;
#1943 = PLANE ( 'NONE',  #1354 ) ;
#1944 = DIRECTION ( 'NONE',  ( 0.000000000000000000, -0.8660254037844400399, -0.4999999999999976685 ) ) ;
#1945 = DIRECTION ( 'NONE',  ( 0.000000000000000000, -0.4999999999999973910, 0.8660254037844401509 ) ) ;
#1946 = ORIENTED_EDGE ( 'NONE', *, *, #3036, .F. ) ;
#1947 = DIRECTION ( 'NONE',  ( 0.000000000000000000, -0.4999999999999976130, 0.8660254037844399289 ) ) ;
#1948 = ADVANCED_FACE ( 'NONE', ( #4448 ), #2057, .T. ) ;
#1949 = EDGE_CURVE ( 'NONE', #2566, #3932, #249, .T. ) ;
#1950 = CARTESIAN_POINT ( 'NONE',  ( 54.00000000000000000, 164.7983178519305625, 0.3493237274359213274 ) ) ;
#1951 = DIRECTION ( 'NONE',  ( 0.000000000000000000, 1.000000000000000000, -3.577867169202164632E-15 ) ) ;
#1952 = DIRECTION ( 'NONE',  ( -1.000000000000000000, -0.000000000000000000, -0.000000000000000000 ) ) ;
#1953 = LINE ( 'NONE', #2348, #900 ) ;
#1954 = VERTEX_POINT ( 'NONE', #4133 ) ;
#1955 = EDGE_CURVE ( 'NONE', #2354, #627, #3825, .T. ) ;
#1956 = ORIENTED_EDGE ( 'NONE', *, *, #1955, .T. ) ;
#1957 = CIRCLE ( 'NONE', #4508, 1.399999999999998579 ) ;
#1958 = VECTOR ( 'NONE', #4463, 1000.000000000000000 ) ;
#1959 = CARTESIAN_POINT ( 'NONE',  ( 54.00000000000000000, 163.0000000000000000, 0.000000000000000000 ) ) ;
#1960 = EDGE_LOOP ( 'NONE', ( #2554, #3648, #2889, #4493 ) ) ;
#1961 = VECTOR ( 'NONE', #3602, 1000.000000000000227 ) ;
#1962 = EDGE_CURVE ( 'NONE', #1169, #2828, #4197, .T. ) ;
#1963 = CARTESIAN_POINT ( 'NONE',  ( 0.000000000000000000, 151.6766109093266550, -30.32050807568879947 ) ) ;
#1964 = AXIS2_PLACEMENT_3D ( 'NONE', #454, #3247, #1516 ) ;
#1965 = DIRECTION ( 'NONE',  ( 0.000000000000000000, 0.000000000000000000, -1.000000000000000000 ) ) ;
#1966 = CARTESIAN_POINT ( 'NONE',  ( 150.0000000000000000, 31.67661090932666212, -30.32050807568880302 ) ) ;
#1967 = CARTESIAN_POINT ( 'NONE',  ( 3.600000000000085798, 108.0000000000000142, -40.00000000000000711 ) ) ;
#1968 = DIRECTION ( 'NONE',  ( 0.000000000000000000, 0.4999999999999976130, -0.8660254037844399289 ) ) ;
#1969 = ORIENTED_EDGE ( 'NONE', *, *, #748, .T. ) ;
#1970 = FACE_BOUND ( 'NONE', #1107, .T. ) ;
#1971 = ORIENTED_EDGE ( 'NONE', *, *, #1091, .T. ) ;
#1972 = AXIS2_PLACEMENT_3D ( 'NONE', #4192, #349, #1019 ) ;
#1973 = ORIENTED_EDGE ( 'NONE', *, *, #4126, .T. ) ;
#1974 = DIRECTION ( 'NONE',  ( -1.000000000000000000, 0.000000000000000000, 0.000000000000000000 ) ) ;
#1975 = ADVANCED_FACE ( 'NONE', ( #2718 ), #3033, .F. ) ;
#1976 = AXIS2_PLACEMENT_3D ( 'NONE', #457, #3325, #1593 ) ;
#1977 = CARTESIAN_POINT ( 'NONE',  ( 0.000000000000000000, 61.67661090932666212, -30.32050807568880302 ) ) ;
#1978 = FACE_OUTER_BOUND ( 'NONE', #3952, .T. ) ;
#1979 = EDGE_LOOP ( 'NONE', ( #578, #886, #743, #65 ) ) ;
#1980 = DIRECTION ( 'NONE',  ( -0.000000000000000000, 0.8660254037844401509, 0.4999999999999973910 ) ) ;
#1981 = EDGE_CURVE ( 'NONE', #2678, #3351, #155, .T. ) ;
#1982 = DIRECTION ( 'NONE',  ( 1.000000000000000000, 0.000000000000000000, -0.000000000000000000 ) ) ;
#1983 = ORIENTED_EDGE ( 'NONE', *, *, #2420, .T. ) ;
#1984 = DIRECTION ( 'NONE',  ( 0.000000000000000000, 0.000000000000000000, 1.000000000000000000 ) ) ;
#1985 = EDGE_CURVE ( 'NONE', #1760, #2984, #2387, .T. ) ;
#1986 = CARTESIAN_POINT ( 'NONE',  ( 52.40000000000008384, 60.00000000000000711, -30.00000000000000711 ) ) ;
#1987 = LINE ( 'NONE', #885, #3990 ) ;
#1988 = CARTESIAN_POINT ( 'NONE',  ( 0.000000000000000000, 24.27468712068003853, -11.49999999999999467 ) ) ;
#1989 = PLANE ( 'NONE',  #2027 ) ;
#1990 = DIRECTION ( 'NONE',  ( 0.000000000000000000, -0.4999999999999972800, 0.8660254037844401509 ) ) ;
#1991 = ORIENTED_EDGE ( 'NONE', *, *, #2181, .T. ) ;
#1992 = AXIS2_PLACEMENT_3D ( 'NONE', #733, #2133, #3197 ) ;
#1993 = LINE ( 'NONE', #3074, #1880 ) ;
#1994 = ORIENTED_EDGE ( 'NONE', *, *, #4489, .F. ) ;
#1995 = ORIENTED_EDGE ( 'NONE', *, *, #2121, .T. ) ;
#1996 = AXIS2_PLACEMENT_3D ( 'NONE', #4460, #1618, #2336 ) ;
#1997 = VECTOR ( 'NONE', #3756, 1000.000000000000000 ) ;
#1998 = DIRECTION ( 'NONE',  ( -1.261617073437677752E-16, -1.000000000000000000, 0.000000000000000000 ) ) ;
#1999 = LINE ( 'NONE', #1608, #594 ) ;
#2000 = FACE_OUTER_BOUND ( 'NONE', #387, .T. ) ;
#2001 = ADVANCED_FACE ( 'NONE', ( #4108 ), #3078, .F. ) ;
#2002 = LINE ( 'NONE', #4413, #67 ) ;
#2003 = ORIENTED_EDGE ( 'NONE', *, *, #1685, .T. ) ;
#2004 = EDGE_CURVE ( 'NONE', #4019, #383, #2407, .T. ) ;
#2005 = EDGE_CURVE ( 'NONE', #2365, #4151, #2765, .T. ) ;
#2006 = LINE ( 'NONE', #2355, #1369 ) ;
#2007 = DIRECTION ( 'NONE',  ( -0.000000000000000000, -0.000000000000000000, 1.000000000000000000 ) ) ;
#2008 = DIRECTION ( 'NONE',  ( 0.000000000000000000, 0.4999999999999950595, -0.8660254037844414832 ) ) ;
#2009 = CARTESIAN_POINT ( 'NONE',  ( 53.99999999999999289, 39.27468712068003498, -11.49999999999999467 ) ) ;
#2010 = EDGE_LOOP ( 'NONE', ( #1446, #2734, #3165, #2211 ) ) ;
#2011 = CARTESIAN_POINT ( 'NONE',  ( 2.000000000000000000, 165.0000000000000000, 0.000000000000000000 ) ) ;
#2012 = ORIENTED_EDGE ( 'NONE', *, *, #1425, .F. ) ;
#2013 = VECTOR ( 'NONE', #3376, 1000.000000000000000 ) ;
#2014 = EDGE_CURVE ( 'NONE', #912, #2189, #962, .T. ) ;
#2015 = LINE ( 'NONE', #630, #209 ) ;
#2016 = CARTESIAN_POINT ( 'NONE',  ( 51.00000000000008527, 60.00000000000000711, -35.00000000000000000 ) ) ;
#2017 = VECTOR ( 'NONE', #2231, 1000.000000000000114 ) ;
#2018 = EDGE_CURVE ( 'NONE', #3039, #2872, #2427, .T. ) ;
#2019 = DIRECTION ( 'NONE',  ( 0.000000000000000000, 0.8660254037844390407, 0.4999999999999993894 ) ) ;
#2020 = LINE ( 'NONE', #3758, #4398 ) ;
#2021 = CARTESIAN_POINT ( 'NONE',  ( 54.00000000000000000, 2.000000000000000000, -35.00000000000000000 ) ) ;
#2022 = EDGE_LOOP ( 'NONE', ( #1891, #320 ) ) ;
#2023 = ORIENTED_EDGE ( 'NONE', *, *, #317, .F. ) ;
#2024 = VECTOR ( 'NONE', #1947, 1000.000000000000114 ) ;
#2025 = DIRECTION ( 'NONE',  ( 0.000000000000000000, -0.8660254037844394848, -0.4999999999999985012 ) ) ;
#2026 = DIRECTION ( 'NONE',  ( 0.000000000000000000, 0.4999999999999976130, -0.8660254037844399289 ) ) ;
#2027 = AXIS2_PLACEMENT_3D ( 'NONE', #3028, #4442, #2684 ) ;
#2028 = LINE ( 'NONE', #3418, #1164 ) ;
#2029 = EDGE_CURVE ( 'NONE', #3142, #3421, #103, .T. ) ;
#2030 = CIRCLE ( 'NONE', #709, 1.399999999999998579 ) ;
#2031 = CARTESIAN_POINT ( 'NONE',  ( 0.000000000000000000, 51.67661090932671186, -13.00000000000000000 ) ) ;
#2032 = ORIENTED_EDGE ( 'NONE', *, *, #2688, .T. ) ;
#2033 = CARTESIAN_POINT ( 'NONE',  ( 54.00000000000000000, 96.87829305739600727, -39.33008584096897664 ) ) ;
#2034 = EDGE_LOOP ( 'NONE', ( #703, #4132, #758, #1786 ) ) ;
#2035 = ORIENTED_EDGE ( 'NONE', *, *, #882, .F. ) ;
#2036 = CARTESIAN_POINT ( 'NONE',  ( 2.000000000000001776, 54.27468712068003498, -11.49999999999999467 ) ) ;
#2037 = CARTESIAN_POINT ( 'NONE',  ( 15.00000000000000000, 165.0000000000000000, 1.117447948547974912 ) ) ;
#2038 = ORIENTED_EDGE ( 'NONE', *, *, #2865, .T. ) ;
#2039 = CARTESIAN_POINT ( 'NONE',  ( 9.149999999999970157, 41.24999999999999289, 3.000000000000000000 ) ) ;
#2040 = ORIENTED_EDGE ( 'NONE', *, *, #3055, .T. ) ;
#2041 = ADVANCED_FACE ( 'NONE', ( #2870 ), #1437, .F. ) ;
#2042 = CARTESIAN_POINT ( 'NONE',  ( 0.000000000000000000, 21.67661090932671186, -13.00000000000000000 ) ) ;
#2043 = ORIENTED_EDGE ( 'NONE', *, *, #2171, .T. ) ;
#2044 = CIRCLE ( 'NONE', #421, 10.00000000000000178 ) ;
#2045 = AXIS2_PLACEMENT_3D ( 'NONE', #3009, #2008, #1643 ) ;
#2046 = AXIS2_PLACEMENT_3D ( 'NONE', #3349, #1293, #4093 ) ;
#2047 = ORIENTED_EDGE ( 'NONE', *, *, #1649, .F. ) ;
#2048 = AXIS2_PLACEMENT_3D ( 'NONE', #4090, #1980, #635 ) ;
#2049 = CARTESIAN_POINT ( 'NONE',  ( 40.99999999999997868, 0.000000000000000000, 3.000000000000000000 ) ) ;
#2050 = CARTESIAN_POINT ( 'NONE',  ( 150.0000000000000000, 34.27468712067999235, -28.82050807568881368 ) ) ;
#2051 = DIRECTION ( 'NONE',  ( 0.000000000000000000, 1.000000000000000000, 0.000000000000000000 ) ) ;
#2052 = DIRECTION ( 'NONE',  ( 0.000000000000000000, 0.8660254037844390407, 0.4999999999999993894 ) ) ;
#2053 = ORIENTED_EDGE ( 'NONE', *, *, #4201, .F. ) ;
#2054 = EDGE_LOOP ( 'NONE', ( #3683, #2167, #1683, #681, #394, #3530 ) ) ;
#2055 = CARTESIAN_POINT ( 'NONE',  ( 39.00000000000000000, 163.0000000000000000, 0.000000000000000000 ) ) ;
#2056 = VERTEX_POINT ( 'NONE', #2892 ) ;
#2057 = PLANE ( 'NONE',  #1267 ) ;
#2058 = DIRECTION ( 'NONE',  ( 1.000000000000000000, 0.000000000000000000, 0.000000000000000000 ) ) ;
#2059 = DIRECTION ( 'NONE',  ( -0.000000000000000000, -0.000000000000000000, 1.000000000000000000 ) ) ;
#2060 = ORIENTED_EDGE ( 'NONE', *, *, #2266, .T. ) ;
#2061 = FACE_OUTER_BOUND ( 'NONE', #3843, .T. ) ;
#2062 = ORIENTED_EDGE ( 'NONE', *, *, #2171, .F. ) ;
#2063 = ADVANCED_FACE ( 'NONE', ( #2102 ), #2830, .F. ) ;
#2064 = VECTOR ( 'NONE', #4003, 1000.000000000000000 ) ;
#2065 = AXIS2_PLACEMENT_3D ( 'NONE', #4275, #2495, #3854 ) ;
#2066 = LINE ( 'NONE', #2498, #140 ) ;
#2067 = ORIENTED_EDGE ( 'NONE', *, *, #2865, .F. ) ;
#2068 = VERTEX_POINT ( 'NONE', #2173 ) ;
#2069 = DIRECTION ( 'NONE',  ( 0.000000000000000000, 1.000000000000000000, 0.000000000000000000 ) ) ;
#2070 = CARTESIAN_POINT ( 'NONE',  ( 54.00000000000000000, 138.5483178519306193, 45.81565742611893910 ) ) ;
#2071 = CARTESIAN_POINT ( 'NONE',  ( 0.000000000000000000, 0.000000000000000000, -2.000000000000000000 ) ) ;
#2072 = CARTESIAN_POINT ( 'NONE',  ( 51.00000000000008527, 60.00000000000000711, -40.00000000000000711 ) ) ;
#2073 = ORIENTED_EDGE ( 'NONE', *, *, #2281, .F. ) ;
#2074 = VERTEX_POINT ( 'NONE', #1479 ) ;
#2075 = CARTESIAN_POINT ( 'NONE',  ( 2.000000000000001776, 39.27468712068003498, -11.49999999999999467 ) ) ;
#2076 = EDGE_LOOP ( 'NONE', ( #4299, #530, #4465, #2468, #3695 ) ) ;
#2077 = ORIENTED_EDGE ( 'NONE', *, *, #1292, .T. ) ;
#2078 = DIRECTION ( 'NONE',  ( 1.000000000000000000, 0.000000000000000000, 0.000000000000000000 ) ) ;
#2079 = DIRECTION ( 'NONE',  ( -0.000000000000000000, 1.000000000000000000, 0.000000000000000000 ) ) ;
#2080 = DIRECTION ( 'NONE',  ( 0.000000000000000000, 0.000000000000000000, 1.000000000000000000 ) ) ;
#2081 = ORIENTED_EDGE ( 'NONE', *, *, #4440, .F. ) ;
#2082 = VECTOR ( 'NONE', #2405, 1000.000000000000114 ) ;
#2083 = DIRECTION ( 'NONE',  ( 0.000000000000000000, 0.000000000000000000, -1.000000000000000000 ) ) ;
#2084 = VECTOR ( 'NONE', #1041, 1000.000000000000114 ) ;
#2085 = CARTESIAN_POINT ( 'NONE',  ( 56.00000000000000000, 134.7983178519306193, 52.31084795450221492 ) ) ;
#2086 = ADVANCED_FACE ( 'NONE', ( #700 ), #3519, .F. ) ;
#2087 = VERTEX_POINT ( 'NONE', #1503 ) ;
#2088 = CARTESIAN_POINT ( 'NONE',  ( 5.000000000000084377, 149.0000000000000284, -40.00000000000000711 ) ) ;
#2089 = EDGE_LOOP ( 'NONE', ( #606, #4356, #4230, #2362 ) ) ;
#2090 = DIRECTION ( 'NONE',  ( 1.000000000000000000, 0.000000000000000000, 0.000000000000000000 ) ) ;
#2091 = CARTESIAN_POINT ( 'NONE',  ( 55.99999999999999289, 129.2746871206800279, -11.49999999999999289 ) ) ;
#2092 = DIRECTION ( 'NONE',  ( 0.000000000000000000, 0.4999999999999973910, -0.8660254037844401509 ) ) ;
#2093 = EDGE_CURVE ( 'NONE', #1285, #515, #2151, .T. ) ;
#2094 = VECTOR ( 'NONE', #2954, 1000.000000000000000 ) ;
#2095 = CARTESIAN_POINT ( 'NONE',  ( 150.0000000000000000, 39.27468712068003498, -11.49999999999999467 ) ) ;
#2096 = ORIENTED_EDGE ( 'NONE', *, *, #1195, .F. ) ;
#2097 = VECTOR ( 'NONE', #4077, 1000.000000000000000 ) ;
#2098 = CARTESIAN_POINT ( 'NONE',  ( 150.0000000000000000, 136.6766109093266550, -30.32050807568879947 ) ) ;
#2099 = PLANE ( 'NONE',  #2232 ) ;
#2100 = ORIENTED_EDGE ( 'NONE', *, *, #1320, .F. ) ;
#2101 = CIRCLE ( 'NONE', #2680, 1.399999999999998579 ) ;
#2102 = FACE_OUTER_BOUND ( 'NONE', #3978, .T. ) ;
#2103 = CARTESIAN_POINT ( 'NONE',  ( 41.00000000000000000, 165.0000000000000000, -35.00000000000000000 ) ) ;
#2104 = DIRECTION ( 'NONE',  ( 1.000000000000000000, 0.000000000000000000, 0.000000000000000000 ) ) ;
#2105 = VERTEX_POINT ( 'NONE', #4310 ) ;
#2106 = DIRECTION ( 'NONE',  ( 0.000000000000000000, -0.8660254037844414832, -0.4999999999999950595 ) ) ;
#2107 = ORIENTED_EDGE ( 'NONE', *, *, #279, .F. ) ;
#2108 = CARTESIAN_POINT ( 'NONE',  ( 41.00000000000000000, 165.0000000000000000, -35.00000000000000000 ) ) ;
#2109 = LINE ( 'NONE', #2820, #1168 ) ;
#2110 = ORIENTED_EDGE ( 'NONE', *, *, #3739, .T. ) ;
#2111 = AXIS2_PLACEMENT_3D ( 'NONE', #2451, #2794, #4206 ) ;
#2112 = CIRCLE ( 'NONE', #570, 1.399999999999998579 ) ;
#2113 = ORIENTED_EDGE ( 'NONE', *, *, #4532, .T. ) ;
#2114 = EDGE_CURVE ( 'NONE', #914, #2750, #399, .T. ) ;
#2115 = VECTOR ( 'NONE', #519, 1000.000000000000114 ) ;
#2116 = CIRCLE ( 'NONE', #4028, 10.00000000000000178 ) ;
#2117 = CARTESIAN_POINT ( 'NONE',  ( 16.75763337837917533, 8.673617379884035472E-16, -1.757632772736355431 ) ) ;
#2118 = DIRECTION ( 'NONE',  ( 0.000000000000000000, 0.000000000000000000, 1.000000000000000000 ) ) ;
#2119 = DIRECTION ( 'NONE',  ( 0.000000000000000000, -0.8660254037844414832, -0.4999999999999950595 ) ) ;
#2120 = LINE ( 'NONE', #2419, #3495 ) ;
#2121 = EDGE_CURVE ( 'NONE', #2933, #2184, #2136, .T. ) ;
#2122 = CARTESIAN_POINT ( 'NONE',  ( 54.00000000000000000, 153.5483178519305625, 19.83489531258580030 ) ) ;
#2123 = ORIENTED_EDGE ( 'NONE', *, *, #240, .F. ) ;
#2124 = ORIENTED_EDGE ( 'NONE', *, *, #4475, .F. ) ;
#2125 = PLANE ( 'NONE',  #1407 ) ;
#2126 = VERTEX_POINT ( 'NONE', #1120 ) ;
#2127 = DIRECTION ( 'NONE',  ( 0.000000000000000000, 0.4999999999999958922, -0.8660254037844410391 ) ) ;
#2128 = FACE_OUTER_BOUND ( 'NONE', #1768, .T. ) ;
#2129 = CARTESIAN_POINT ( 'NONE',  ( 49.60000000000008669, 149.0000000000000284, -30.00000000000000711 ) ) ;
#2130 = ORIENTED_EDGE ( 'NONE', *, *, #2754, .F. ) ;
#2131 = DIRECTION ( 'NONE',  ( -1.000000000000000000, -0.000000000000000000, -0.000000000000000000 ) ) ;
#2132 = ORIENTED_EDGE ( 'NONE', *, *, #2926, .F. ) ;
#2133 = DIRECTION ( 'NONE',  ( 0.000000000000000000, 0.000000000000000000, -1.000000000000000000 ) ) ;
#2134 = ORIENTED_EDGE ( 'NONE', *, *, #412, .T. ) ;
#2135 = EDGE_CURVE ( 'NONE', #1420, #1500, #2510, .T. ) ;
#2136 = CIRCLE ( 'NONE', #373, 1.399999999999998579 ) ;
#2137 = CARTESIAN_POINT ( 'NONE',  ( 40.99999999999997868, 0.000000000000000000, 1.464101615137754164 ) ) ;
#2138 = ORIENTED_EDGE ( 'NONE', *, *, #3256, .T. ) ;
#2139 = CIRCLE ( 'NONE', #3969, 1.399999999999998579 ) ;
#2140 = AXIS2_PLACEMENT_3D ( 'NONE', #2539, #472, #2925 ) ;
#2141 = CARTESIAN_POINT ( 'NONE',  ( 0.000000000000000000, 0.000000000000000000, -2.000000000000000000 ) ) ;
#2142 = ADVANCED_FACE ( 'NONE', ( #3562 ), #1827, .T. ) ;
#2143 = EDGE_CURVE ( 'NONE', #48, #1420, #3235, .T. ) ;
#2144 = DIRECTION ( 'NONE',  ( -1.000000000000000000, 0.000000000000000000, 0.000000000000000000 ) ) ;
#2145 = DIRECTION ( 'NONE',  ( 0.000000000000000000, -0.4999999999999976130, 0.8660254037844399289 ) ) ;
#2146 = ADVANCED_FACE ( 'NONE', ( #463 ), #2597, .F. ) ;
#2147 = ORIENTED_EDGE ( 'NONE', *, *, #3217, .T. ) ;
#2148 = EDGE_CURVE ( 'NONE', #2074, #2713, #4328, .T. ) ;
#2149 = DIRECTION ( 'NONE',  ( 0.000000000000000000, -0.4999999999999993894, 0.8660254037844390407 ) ) ;
#2150 = ORIENTED_EDGE ( 'NONE', *, *, #4084, .T. ) ;
#2151 = LINE ( 'NONE', #4286, #232 ) ;
#2152 = DIRECTION ( 'NONE',  ( 0.000000000000000000, 0.000000000000000000, 1.000000000000000000 ) ) ;
#2153 = ORIENTED_EDGE ( 'NONE', *, *, #2835, .T. ) ;
#2154 = DIRECTION ( 'NONE',  ( 0.000000000000000000, -0.4999999999999973910, 0.8660254037844401509 ) ) ;
#2155 = VERTEX_POINT ( 'NONE', #1554 ) ;
#2156 = DIRECTION ( 'NONE',  ( 0.000000000000000000, 0.8660254037844414832, 0.4999999999999950595 ) ) ;
#2157 = EDGE_CURVE ( 'NONE', #214, #1845, #1872, .T. ) ;
#2158 = DIRECTION ( 'NONE',  ( -1.000000000000000000, -0.000000000000000000, -0.000000000000000000 ) ) ;
#2159 = CARTESIAN_POINT ( 'NONE',  ( 56.00000000000000000, 130.6282930573960925, -19.84451425581917050 ) ) ;
#2160 = EDGE_LOOP ( 'NONE', ( #1026, #2305, #2060, #353 ) ) ;
#2161 = VECTOR ( 'NONE', #3931, 1000.000000000000000 ) ;
#2162 = FACE_BOUND ( 'NONE', #3431, .T. ) ;
#2163 = ORIENTED_EDGE ( 'NONE', *, *, #1633, .T. ) ;
#2164 = CARTESIAN_POINT ( 'NONE',  ( 56.00000000000000000, 85.62829305739596464, -45.82527636935223825 ) ) ;
#2165 = EDGE_CURVE ( 'NONE', #100, #3901, #2918, .T. ) ;
#2166 = FACE_BOUND ( 'NONE', #4304, .T. ) ;
#2167 = ORIENTED_EDGE ( 'NONE', *, *, #2817, .T. ) ;
#2168 = DIRECTION ( 'NONE',  ( -0.000000000000000000, -0.000000000000000000, -1.000000000000000000 ) ) ;
#2169 = ORIENTED_EDGE ( 'NONE', *, *, #1145, .T. ) ;
#2170 = VECTOR ( 'NONE', #288, 1000.000000000000227 ) ;
#2171 = EDGE_CURVE ( 'NONE', #3914, #2354, #1189, .T. ) ;
#2172 = VECTOR ( 'NONE', #693, 1000.000000000000114 ) ;
#2173 = CARTESIAN_POINT ( 'NONE',  ( 2.000000000000001776, 84.27468712068004209, -11.49999999999999467 ) ) ;
#2174 = LINE ( 'NONE', #151, #4373 ) ;
#2175 = ORIENTED_EDGE ( 'NONE', *, *, #725, .F. ) ;
#2176 = CARTESIAN_POINT ( 'NONE',  ( 56.00000000000000000, 2.000000000000001776, 0.000000000000000000 ) ) ;
#2177 = ORIENTED_EDGE ( 'NONE', *, *, #1463, .T. ) ;
#2178 = CARTESIAN_POINT ( 'NONE',  ( 6.400000000000082956, 108.0000000000000142, -30.00000000000000711 ) ) ;
#2179 = VECTOR ( 'NONE', #1093, 1000.000000000000227 ) ;
#2180 = FACE_OUTER_BOUND ( 'NONE', #1202, .T. ) ;
#2181 = EDGE_CURVE ( 'NONE', #2105, #4446, #488, .T. ) ;
#2182 = VECTOR ( 'NONE', #2637, 1000.000000000000000 ) ;
#2183 = FACE_OUTER_BOUND ( 'NONE', #1045, .T. ) ;
#2184 = VERTEX_POINT ( 'NONE', #150 ) ;
#2185 = VECTOR ( 'NONE', #1484, 1000.000000000000000 ) ;
#2186 = DIRECTION ( 'NONE',  ( 1.000000000000000000, 0.000000000000000000, 0.000000000000000000 ) ) ;
#2187 = AXIS2_PLACEMENT_3D ( 'NONE', #4337, #3289, #497 ) ;
#2188 = DIRECTION ( 'NONE',  ( 0.000000000000000000, 0.000000000000000000, 1.000000000000000000 ) ) ;
#2189 = VERTEX_POINT ( 'NONE', #1925 ) ;
#2190 = CARTESIAN_POINT ( 'NONE',  ( 2.000000000000000000, 165.0000000000000000, -40.00000000000000000 ) ) ;
#2191 = VERTEX_POINT ( 'NONE', #2942 ) ;
#2192 = CARTESIAN_POINT ( 'NONE',  ( 150.0000000000000000, 84.27468712068004209, -11.49999999999999467 ) ) ;
#2193 = CARTESIAN_POINT ( 'NONE',  ( 56.00000000000000000, 153.5483178519305625, 19.83489531258580030 ) ) ;
#2194 = EDGE_CURVE ( 'NONE', #3765, #1235, #1403, .T. ) ;
#2195 = ORIENTED_EDGE ( 'NONE', *, *, #4344, .F. ) ;
#2196 = DIRECTION ( 'NONE',  ( 1.000000000000000000, 0.000000000000000000, 0.000000000000000000 ) ) ;
#2197 = DIRECTION ( 'NONE',  ( -1.000000000000000000, 0.000000000000000000, 0.000000000000000000 ) ) ;
#2198 = CARTESIAN_POINT ( 'NONE',  ( 6.400000000000082956, 108.0000000000000142, -40.00000000000000711 ) ) ;
#2199 = VECTOR ( 'NONE', #2411, 1000.000000000000114 ) ;
#2200 = ORIENTED_EDGE ( 'NONE', *, *, #2321, .T. ) ;
#2201 = FACE_OUTER_BOUND ( 'NONE', #1283, .T. ) ;
#2202 = EDGE_CURVE ( 'NONE', #3075, #2393, #860, .T. ) ;
#2203 = EDGE_CURVE ( 'NONE', #3337, #3523, #3966, .T. ) ;
#2204 = FACE_OUTER_BOUND ( 'NONE', #275, .T. ) ;
#2205 = DIRECTION ( 'NONE',  ( -1.000000000000000000, 0.000000000000000000, 0.000000000000000000 ) ) ;
#2206 = PLANE ( 'NONE',  #3896 ) ;
#2207 = ORIENTED_EDGE ( 'NONE', *, *, #2618, .F. ) ;
#2208 = ADVANCED_FACE ( 'NONE', ( #1265 ), #2834, .F. ) ;
#2209 = FACE_OUTER_BOUND ( 'NONE', #2814, .T. ) ;
#2210 = LINE ( 'NONE', #1840, #254 ) ;
#2211 = ORIENTED_EDGE ( 'NONE', *, *, #256, .F. ) ;
#2212 = VECTOR ( 'NONE', #4263, 1000.000000000000114 ) ;
#2213 = VECTOR ( 'NONE', #2489, 1000.000000000000000 ) ;
#2214 = DIRECTION ( 'NONE',  ( 0.000000000000000000, 0.4999999999999950595, -0.8660254037844414832 ) ) ;
#2215 = ORIENTED_EDGE ( 'NONE', *, *, #1784, .T. ) ;
#2216 = CARTESIAN_POINT ( 'NONE',  ( 5.849999999999974776, 123.7500000000000000, 3.000000000000000000 ) ) ;
#2217 = DIRECTION ( 'NONE',  ( 0.000000000000000000, 0.4999999999999976130, -0.8660254037844399289 ) ) ;
#2218 = ORIENTED_EDGE ( 'NONE', *, *, #3794, .T. ) ;
#2219 = FACE_OUTER_BOUND ( 'NONE', #3022, .T. ) ;
#2220 = CARTESIAN_POINT ( 'NONE',  ( 53.99999999999999289, 21.67661090932671186, -13.00000000000000000 ) ) ;
#2221 = EDGE_LOOP ( 'NONE', ( #1356, #1807, #4233, #3366 ) ) ;
#2222 = LINE ( 'NONE', #466, #2394 ) ;
#2223 = VERTEX_POINT ( 'NONE', #3899 ) ;
#2224 = LINE ( 'NONE', #3610, #3196 ) ;
#2225 = EDGE_CURVE ( 'NONE', #3632, #3853, #3891, .T. ) ;
#2226 = CARTESIAN_POINT ( 'NONE',  ( 55.99999999999999289, 144.2746871206800279, -11.49999999999999645 ) ) ;
#2227 = PRESENTATION_STYLE_ASSIGNMENT (( #1563 ) ) ;
#2228 = EDGE_LOOP ( 'NONE', ( #2808, #1764, #3510, #1513 ) ) ;
#2229 = EDGE_CURVE ( 'NONE', #1653, #3481, #2774, .T. ) ;
#2230 = LINE ( 'NONE', #2141, #2540 ) ;
#2231 = DIRECTION ( 'NONE',  ( 0.000000000000000000, -0.8660254037844414832, -0.4999999999999950595 ) ) ;
#2232 = AXIS2_PLACEMENT_3D ( 'NONE', #3491, #1096, #811 ) ;
#2233 = VERTEX_POINT ( 'NONE', #2515 ) ;
#2234 = LINE ( 'NONE', #2616, #4529 ) ;
#2235 = AXIS2_PLACEMENT_3D ( 'NONE', #164, #115, #3618 ) ;
#2236 = DIRECTION ( 'NONE',  ( 0.000000000000000000, 0.000000000000000000, 1.000000000000000000 ) ) ;
#2237 = LINE ( 'NONE', #145, #2640 ) ;
#2238 = EDGE_CURVE ( 'NONE', #2805, #1155, #2453, .T. ) ;
#2239 = ORIENTED_EDGE ( 'NONE', *, *, #4201, .T. ) ;
#2240 = EDGE_CURVE ( 'NONE', #2772, #2712, #364, .T. ) ;
#2241 = DIRECTION ( 'NONE',  ( 1.000000000000000000, 0.000000000000000000, 0.000000000000000000 ) ) ;
#2242 = CARTESIAN_POINT ( 'NONE',  ( 47.49999999999997158, 123.7500000000000000, 3.000000000000000000 ) ) ;
#2243 = PLANE ( 'NONE',  #1866 ) ;
#2244 = ORIENTED_EDGE ( 'NONE', *, *, #1841, .T. ) ;
#2245 = DIRECTION ( 'NONE',  ( -1.000000000000000000, -0.000000000000000000, -0.000000000000000000 ) ) ;
#2246 = ORIENTED_EDGE ( 'NONE', *, *, #4226, .F. ) ;
#2247 = CARTESIAN_POINT ( 'NONE',  ( 56.00000000000000000, 0.000000000000000000, -40.00000000000000000 ) ) ;
#2248 = CARTESIAN_POINT ( 'NONE',  ( 14.99999999999997868, 2.000000000000002220, -2.000000000000000000 ) ) ;
#2249 = VECTOR ( 'NONE', #2019, 999.9999999999998863 ) ;
#2250 = DIRECTION ( 'NONE',  ( -0.000000000000000000, -0.000000000000000000, 1.000000000000000000 ) ) ;
#2251 = DIRECTION ( 'NONE',  ( -1.000000000000000000, -0.000000000000000000, -0.000000000000000000 ) ) ;
#2252 = CARTESIAN_POINT ( 'NONE',  ( 2.000000000000000000, 165.0000000000000000, -35.00000000000000000 ) ) ;
#2253 = VECTOR ( 'NONE', #1708, 1000.000000000000000 ) ;
#2254 = ADVANCED_FACE ( 'NONE', ( #1058 ), #756, .T. ) ;
#2255 = CIRCLE ( 'NONE', #1012, 1.649999999999991696 ) ;
#2256 = PLANE ( 'NONE',  #1802 ) ;
#2257 = LINE ( 'NONE', #3599, #3469 ) ;
#2258 = ORIENTED_EDGE ( 'NONE', *, *, #1800, .T. ) ;
#2259 = ADVANCED_FACE ( 'NONE', ( #3879 ), #3667, .F. ) ;
#2260 = ORIENTED_EDGE ( 'NONE', *, *, #557, .F. ) ;
#2261 = CARTESIAN_POINT ( 'NONE',  ( 51.00000000000008527, 108.0000000000000142, -35.00000000000000000 ) ) ;
#2262 = CARTESIAN_POINT ( 'NONE',  ( 52.40000000000008384, 19.00000000000000355, -35.00000000000000000 ) ) ;
#2263 = CARTESIAN_POINT ( 'NONE',  ( 9.149999999999973710, 123.7500000000000000, -1.000000000000000000 ) ) ;
#2264 = ORIENTED_EDGE ( 'NONE', *, *, #2702, .T. ) ;
#2265 = AXIS2_PLACEMENT_3D ( 'NONE', #2781, #4358, #3314 ) ;
#2266 = EDGE_CURVE ( 'NONE', #3014, #2155, #591, .T. ) ;
#2267 = PRODUCT_DEFINITION_CONTEXT ( 'detailed design', #4243, 'design' ) ;
#2268 = CARTESIAN_POINT ( 'NONE',  ( 55.99999999999999289, 39.27468712068003498, -11.49999999999999467 ) ) ;
#2269 = DIRECTION ( 'NONE',  ( 0.000000000000000000, 0.000000000000000000, 1.000000000000000000 ) ) ;
#2270 = ORIENTED_EDGE ( 'NONE', *, *, #86, .T. ) ;
#2271 = CARTESIAN_POINT ( 'NONE',  ( 0.000000000000000000, 2.000000000000000000, 0.000000000000000000 ) ) ;
#2272 = DIRECTION ( 'NONE',  ( -1.000000000000000000, 0.000000000000000000, 0.000000000000000000 ) ) ;
#2273 = CARTESIAN_POINT ( 'NONE',  ( 150.0000000000000000, 69.27468712068004209, -11.49999999999999467 ) ) ;
#2274 = CARTESIAN_POINT ( 'NONE',  ( 150.0000000000000000, 24.27468712068003853, -11.49999999999999467 ) ) ;
#2275 = VERTEX_POINT ( 'NONE', #1126 ) ;
#2276 = ORIENTED_EDGE ( 'NONE', *, *, #961, .T. ) ;
#2277 = FACE_OUTER_BOUND ( 'NONE', #2869, .T. ) ;
#2278 = PLANE ( 'NONE',  #2235 ) ;
#2279 = ORIENTED_EDGE ( 'NONE', *, *, #1685, .F. ) ;
#2280 = LINE ( 'NONE', #3206, #2911 ) ;
#2281 = EDGE_CURVE ( 'NONE', #2903, #83, #3831, .T. ) ;
#2282 = EDGE_CURVE ( 'NONE', #2913, #2742, #4044, .T. ) ;
#2283 = CARTESIAN_POINT ( 'NONE',  ( 150.0000000000000000, 106.6766109093266550, -30.32050807568879947 ) ) ;
#2284 = ORIENTED_EDGE ( 'NONE', *, *, #3647, .T. ) ;
#2285 = DIRECTION ( 'NONE',  ( 1.000000000000000000, 0.000000000000000000, 0.000000000000000000 ) ) ;
#2286 = AXIS2_PLACEMENT_3D ( 'NONE', #1547, #3303, #810 ) ;
#2287 = AXIS2_PLACEMENT_3D ( 'NONE', #1076, #2127, #359 ) ;
#2288 = PLANE ( 'NONE',  #3645 ) ;
#2289 = COLOUR_RGB ( '',0.7921568627450980005, 0.8196078431372548767, 0.9333333333333333481 ) ;
#2290 = ADVANCED_FACE ( 'NONE', ( #2180 ), #682, .F. ) ;
#2291 = VECTOR ( 'NONE', #498, 999.9999999999998863 ) ;
#2292 = DIRECTION ( 'NONE',  ( 0.000000000000000000, -0.4999999999999976130, 0.8660254037844399289 ) ) ;
#2293 = CARTESIAN_POINT ( 'NONE',  ( 150.0000000000000000, 154.2746871206799995, -28.82050807568880657 ) ) ;
#2294 = ORIENTED_EDGE ( 'NONE', *, *, #1949, .T. ) ;
#2295 = LINE ( 'NONE', #3261, #1295 ) ;
#2296 = ORIENTED_EDGE ( 'NONE', *, *, #1794, .T. ) ;
#2297 = LINE ( 'NONE', #1950, #3356 ) ;
#2298 = DIRECTION ( 'NONE',  ( 0.000000000000000000, -0.8660254037844414832, -0.4999999999999950595 ) ) ;
#2299 = DIRECTION ( 'NONE',  ( 0.000000000000000000, 0.4999999999999950595, -0.8660254037844414832 ) ) ;
#2300 = ORIENTED_EDGE ( 'NONE', *, *, #3343, .F. ) ;
#2301 = CARTESIAN_POINT ( 'NONE',  ( 55.99999999999999289, 51.67661090932671186, -13.00000000000000000 ) ) ;
#2302 = ORIENTED_EDGE ( 'NONE', *, *, #1130, .F. ) ;
#2303 = EDGE_CURVE ( 'NONE', #597, #3392, #1105, .T. ) ;
#2304 = CARTESIAN_POINT ( 'NONE',  ( 3.600000000000082245, 60.00000000000000711, -40.00000000000000711 ) ) ;
#2305 = ORIENTED_EDGE ( 'NONE', *, *, #3882, .T. ) ;
#2306 = ORIENTED_EDGE ( 'NONE', *, *, #149, .F. ) ;
#2307 = LINE ( 'NONE', #2438, #53 ) ;
#2308 = ORIENTED_EDGE ( 'NONE', *, *, #1564, .F. ) ;
#2309 = VECTOR ( 'NONE', #3417, 1000.000000000000114 ) ;
#2310 = DIRECTION ( 'NONE',  ( -1.000000000000000000, -0.000000000000000000, -0.000000000000000000 ) ) ;
#2311 = DIRECTION ( 'NONE',  ( 0.000000000000000000, 0.000000000000000000, 1.000000000000000000 ) ) ;
#2312 = CARTESIAN_POINT ( 'NONE',  ( 0.000000000000000000, 64.27468712067998524, -28.82050807568881368 ) ) ;
#2313 = EDGE_CURVE ( 'NONE', #3039, #368, #3478, .T. ) ;
#2314 = VECTOR ( 'NONE', #2932, 1000.000000000000114 ) ;
#2315 = DIRECTION ( 'NONE',  ( 0.000000000000000000, 0.000000000000000000, 1.000000000000000000 ) ) ;
#2316 = DIRECTION ( 'NONE',  ( -1.000000000000000000, 0.000000000000000000, 0.000000000000000000 ) ) ;
#2317 = ORIENTED_EDGE ( 'NONE', *, *, #1292, .F. ) ;
#2318 = CARTESIAN_POINT ( 'NONE',  ( 150.0000000000000000, 124.2746871206799852, -28.82050807568881012 ) ) ;
#2319 = ORIENTED_EDGE ( 'NONE', *, *, #4219, .T. ) ;
#2320 = VERTEX_POINT ( 'NONE', #3547 ) ;
#2321 = EDGE_CURVE ( 'NONE', #2712, #2422, #708, .T. ) ;
#2322 = FACE_OUTER_BOUND ( 'NONE', #426, .T. ) ;
#2323 = DIRECTION ( 'NONE',  ( 1.000000000000000000, -1.261617073437677752E-16, 0.000000000000000000 ) ) ;
#2324 = DIRECTION ( 'NONE',  ( 0.000000000000000000, -0.8660254037844390407, -0.4999999999999993894 ) ) ;
#2325 = EDGE_LOOP ( 'NONE', ( #2518, #694, #3476, #3130 ) ) ;
#2326 = VECTOR ( 'NONE', #2245, 1000.000000000000000 ) ;
#2327 = EDGE_CURVE ( 'NONE', #3937, #2700, #3108, .T. ) ;
#2328 = AXIS2_PLACEMENT_3D ( 'NONE', #2242, #4009, #3653 ) ;
#2329 = DIRECTION ( 'NONE',  ( 0.000000000000000000, 0.000000000000000000, -1.000000000000000000 ) ) ;
#2330 = ORIENTED_EDGE ( 'NONE', *, *, #2093, .T. ) ;
#2331 = DIRECTION ( 'NONE',  ( 1.000000000000000000, 0.000000000000000000, 0.000000000000000000 ) ) ;
#2332 = ORIENTED_EDGE ( 'NONE', *, *, #3781, .F. ) ;
#2333 = AXIS2_PLACEMENT_3D ( 'NONE', #76, #1180, #3250 ) ;
#2334 = FACE_OUTER_BOUND ( 'NONE', #715, .T. ) ;
#2335 = VERTEX_POINT ( 'NONE', #3502 ) ;
#2336 = DIRECTION ( 'NONE',  ( 1.000000000000000000, 0.000000000000000000, 0.000000000000000000 ) ) ;
#2337 = FACE_OUTER_BOUND ( 'NONE', #3760, .T. ) ;
#2338 = ADVANCED_FACE ( 'NONE', ( #4229, #1083, #3527, #386, #1787, #3173, #1442, #872, #184, #1511 ), #2560, .F. ) ;
#2339 = CARTESIAN_POINT ( 'NONE',  ( 55.99999999999999289, 69.27468712068004209, -11.49999999999999467 ) ) ;
#2340 = FACE_OUTER_BOUND ( 'NONE', #338, .T. ) ;
#2341 = ORIENTED_EDGE ( 'NONE', *, *, #2524, .F. ) ;
#2342 = PLANE ( 'NONE',  #1227 ) ;
#2343 = ORIENTED_EDGE ( 'NONE', *, *, #3118, .T. ) ;
#2344 = EDGE_LOOP ( 'NONE', ( #3052, #504 ) ) ;
#2345 = CIRCLE ( 'NONE', #3275, 1.649999999999999467 ) ;
#2346 = DIRECTION ( 'NONE',  ( -1.000000000000000000, 0.000000000000000000, 0.000000000000000000 ) ) ;
#2347 = EDGE_CURVE ( 'NONE', #3392, #1939, #3663, .T. ) ;
#2348 = CARTESIAN_POINT ( 'NONE',  ( 150.0000000000000000, 144.2746871206800279, -11.49999999999999645 ) ) ;
#2349 = ADVANCED_FACE ( 'NONE', ( #823 ), #3612, .F. ) ;
#2350 = VERTEX_POINT ( 'NONE', #4018 ) ;
#2351 = PLANE ( 'NONE',  #2048 ) ;
#2352 = ORIENTED_EDGE ( 'NONE', *, *, #3232, .F. ) ;
#2353 = CARTESIAN_POINT ( 'NONE',  ( 51.00000000000008527, 149.0000000000000284, -30.00000000000000711 ) ) ;
#2354 = VERTEX_POINT ( 'NONE', #1539 ) ;
#2355 = CARTESIAN_POINT ( 'NONE',  ( 150.0000000000000000, 139.2746871206799710, -28.82050807568881012 ) ) ;
#2356 = LINE ( 'NONE', #1986, #1771 ) ;
#2357 = CARTESIAN_POINT ( 'NONE',  ( 150.0000000000000000, 151.6766109093266550, -30.32050807568879947 ) ) ;
#2358 = ORIENTED_EDGE ( 'NONE', *, *, #3313, .T. ) ;
#2359 = CARTESIAN_POINT ( 'NONE',  ( 3.600000000000085798, 149.0000000000000284, -30.00000000000000711 ) ) ;
#2360 = EDGE_CURVE ( 'NONE', #2191, #4250, #450, .T. ) ;
#2361 = DIRECTION ( 'NONE',  ( -1.000000000000000000, -0.000000000000000000, -0.000000000000000000 ) ) ;
#2362 = ORIENTED_EDGE ( 'NONE', *, *, #2983, .T. ) ;
#2363 = AXIS2_PLACEMENT_3D ( 'NONE', #2447, #3935, #1850 ) ;
#2364 = DIRECTION ( 'NONE',  ( 1.000000000000000000, -0.000000000000000000, 0.000000000000000000 ) ) ;
#2365 = VERTEX_POINT ( 'NONE', #87 ) ;
#2366 = VECTOR ( 'NONE', #2985, 1000.000000000000000 ) ;
#2367 = CIRCLE ( 'NONE', #3301, 1.399999999999998579 ) ;
#2368 = FACE_OUTER_BOUND ( 'NONE', #2076, .T. ) ;
#2369 = CARTESIAN_POINT ( 'NONE',  ( 41.00000000000000000, 165.0000000000000000, -2.000000000000000000 ) ) ;
#2370 = CARTESIAN_POINT ( 'NONE',  ( 40.99999999999997868, 0.000000000000000000, 1.464101615137754164 ) ) ;
#2371 = ORIENTED_EDGE ( 'NONE', *, *, #1464, .F. ) ;
#2372 = CARTESIAN_POINT ( 'NONE',  ( 55.99999999999999289, 96.67661090932671186, -13.00000000000000000 ) ) ;
#2373 = EDGE_CURVE ( 'NONE', #2155, #3014, #3748, .T. ) ;
#2374 = FACE_OUTER_BOUND ( 'NONE', #2776, .T. ) ;
#2375 = VERTEX_POINT ( 'NONE', #1882 ) ;
#2376 = EDGE_CURVE ( 'NONE', #3909, #3817, #3266, .T. ) ;
#2377 = CARTESIAN_POINT ( 'NONE',  ( 54.00000000000000000, 165.0000000000000000, -40.00000000000000000 ) ) ;
#2378 = CARTESIAN_POINT ( 'NONE',  ( 0.000000000000000000, 2.000000000000000000, -35.00000000000000000 ) ) ;
#2379 = PLANE ( 'NONE',  #1791 ) ;
#2380 = VERTEX_POINT ( 'NONE', #3967 ) ;
#2381 = CARTESIAN_POINT ( 'NONE',  ( 7.499999999999969802, 41.24999999999999289, -1.000000000000000000 ) ) ;
#2382 = EDGE_CURVE ( 'NONE', #4389, #4175, #2367, .T. ) ;
#2383 = DIRECTION ( 'NONE',  ( 0.000000000000000000, -0.4999999999999993894, 0.8660254037844390407 ) ) ;
#2384 = EDGE_LOOP ( 'NONE', ( #2306, #2483 ) ) ;
#2385 = DIRECTION ( 'NONE',  ( -0.000000000000000000, -0.000000000000000000, -1.000000000000000000 ) ) ;
#2386 = ORIENTED_EDGE ( 'NONE', *, *, #3202, .F. ) ;
#2387 = LINE ( 'NONE', #1006, #1549 ) ;
#2388 = CARTESIAN_POINT ( 'NONE',  ( 15.06578696071946588, 165.0000000000000000, 0.7822873452882832535 ) ) ;
#2389 = ADVANCED_FACE ( 'NONE', ( #1562 ), #522, .F. ) ;
#2390 = CARTESIAN_POINT ( 'NONE',  ( 40.54277412696119143, 0.000000000000000000, -0.1699397736853754670 ) ) ;
#2391 = ORIENTED_EDGE ( 'NONE', *, *, #3918, .T. ) ;
#2392 = EDGE_CURVE ( 'NONE', #3945, #3590, #3315, .T. ) ;
#2393 = VERTEX_POINT ( 'NONE', #135 ) ;
#2394 = VECTOR ( 'NONE', #1669, 1000.000000000000114 ) ;
#2395 = CARTESIAN_POINT ( 'NONE',  ( 15.00000000000000000, 165.0000000000000000, -35.00000000000000000 ) ) ;
#2396 = DIRECTION ( 'NONE',  ( -1.000000000000000000, 0.000000000000000000, 0.000000000000000000 ) ) ;
#2397 = ORIENTED_EDGE ( 'NONE', *, *, #3744, .F. ) ;
#2398 = VECTOR ( 'NONE', #1480, 1000.000000000000114 ) ;
#2399 = PLANE ( 'NONE',  #2045 ) ;
#2400 = AXIS2_PLACEMENT_3D ( 'NONE', #1818, #4297, #4258 ) ;
#2401 = CARTESIAN_POINT ( 'NONE',  ( 150.0000000000000000, 51.67661090932671186, -13.00000000000000000 ) ) ;
#2402 = EDGE_CURVE ( 'NONE', #1895, #2938, #1148, .T. ) ;
#2403 = ORIENTED_EDGE ( 'NONE', *, *, #120, .F. ) ;
#2404 = CARTESIAN_POINT ( 'NONE',  ( 5.000000000000084377, 108.0000000000000142, -30.00000000000000711 ) ) ;
#2405 = DIRECTION ( 'NONE',  ( 0.000000000000000000, 0.4999999999999976130, -0.8660254037844399289 ) ) ;
#2406 = EDGE_LOOP ( 'NONE', ( #4527, #3866, #491, #4538 ) ) ;
#2407 = LINE ( 'NONE', #1370, #1843 ) ;
#2408 = DIRECTION ( 'NONE',  ( -1.261617073437677752E-16, -1.000000000000000000, 0.000000000000000000 ) ) ;
#2409 = CARTESIAN_POINT ( 'NONE',  ( 40.70302300827160025, -0.000000000000000000, 0.1308314747327725680 ) ) ;
#2410 = ORIENTED_EDGE ( 'NONE', *, *, #3739, .F. ) ;
#2411 = DIRECTION ( 'NONE',  ( 0.000000000000000000, 0.4999999999999971134, -0.8660254037844402619 ) ) ;
#2412 = VECTOR ( 'NONE', #1536, 1000.000000000000000 ) ;
#2413 = AXIS2_PLACEMENT_3D ( 'NONE', #4260, #4171, #2144 ) ;
#2414 = AXIS2_PLACEMENT_3D ( 'NONE', #1013, #1404, #4210 ) ;
#2415 = AXIS2_PLACEMENT_3D ( 'NONE', #93, #432, #2545 ) ;
#2416 = DIRECTION ( 'NONE',  ( -1.000000000000000000, 0.000000000000000000, 0.000000000000000000 ) ) ;
#2417 = ORIENTED_EDGE ( 'NONE', *, *, #3277, .F. ) ;
#2418 = CARTESIAN_POINT ( 'NONE',  ( 150.0000000000000000, 49.27468712067999235, -28.82050807568881368 ) ) ;
#2419 = CARTESIAN_POINT ( 'NONE',  ( 0.000000000000000000, 144.2746871206800279, -11.49999999999999645 ) ) ;
#2420 = EDGE_CURVE ( 'NONE', #2747, #2126, #1199, .T. ) ;
#2421 = CARTESIAN_POINT ( 'NONE',  ( 53.99999999999999289, 126.6766109093266977, -12.99999999999999822 ) ) ;
#2422 = VERTEX_POINT ( 'NONE', #2226 ) ;
#2423 = DIRECTION ( 'NONE',  ( 1.000000000000000000, 0.000000000000000000, 0.000000000000000000 ) ) ;
#2424 = FACE_OUTER_BOUND ( 'NONE', #3128, .T. ) ;
#2425 = VERTEX_POINT ( 'NONE', #2606 ) ;
#2426 = ADVANCED_FACE ( 'NONE', ( #1248 ), #4338, .F. ) ;
#2427 = LINE ( 'NONE', #675, #2213 ) ;
#2428 = CARTESIAN_POINT ( 'NONE',  ( 0.000000000000000000, 165.0000000000000000, 0.000000000000000000 ) ) ;
#2429 = CARTESIAN_POINT ( 'NONE',  ( 0.000000000000000000, 165.0000000000000000, 0.000000000000000000 ) ) ;
#2430 = VERTEX_POINT ( 'NONE', #3989 ) ;
#2431 = PLANE ( 'NONE',  #3112 ) ;
#2432 = EDGE_LOOP ( 'NONE', ( #1748, #3111, #788, #3440 ) ) ;
#2433 = AXIS2_PLACEMENT_3D ( 'NONE', #2192, #3583, #2962 ) ;
#2434 = VECTOR ( 'NONE', #45, 1000.000000000000000 ) ;
#2435 = CARTESIAN_POINT ( 'NONE',  ( 56.00000000000000000, 165.0000000000000000, -40.00000000000000000 ) ) ;
#2436 = EDGE_CURVE ( 'NONE', #4195, #1206, #845, .T. ) ;
#2437 = ORIENTED_EDGE ( 'NONE', *, *, #1077, .T. ) ;
#2438 = CARTESIAN_POINT ( 'NONE',  ( 0.000000000000000000, 121.6766109093266550, -30.32050807568879947 ) ) ;
#2439 = ORIENTED_EDGE ( 'NONE', *, *, #3575, .T. ) ;
#2440 = DIRECTION ( 'NONE',  ( 0.000000000000000000, -0.4999999999999976130, 0.8660254037844399289 ) ) ;
#2441 = FACE_OUTER_BOUND ( 'NONE', #3350, .T. ) ;
#2442 = ORIENTED_EDGE ( 'NONE', *, *, #2881, .F. ) ;
#2443 = ORIENTED_EDGE ( 'NONE', *, *, #1425, .T. ) ;
#2444 = FACE_BOUND ( 'NONE', #3630, .T. ) ;
#2445 = CARTESIAN_POINT ( 'NONE',  ( 2.000000000000000000, 151.6766109093266550, -30.32050807568879947 ) ) ;
#2446 = ORIENTED_EDGE ( 'NONE', *, *, #2947, .F. ) ;
#2447 = CARTESIAN_POINT ( 'NONE',  ( 7.499999999999974243, 123.7500000000000000, -1.000000000000000000 ) ) ;
#2448 = FACE_BOUND ( 'NONE', #3316, .T. ) ;
#2449 = CARTESIAN_POINT ( 'NONE',  ( 51.00000000000008527, 149.0000000000000284, -35.00000000000000000 ) ) ;
#2450 = EDGE_CURVE ( 'NONE', #3337, #2636, #1906, .T. ) ;
#2451 = CARTESIAN_POINT ( 'NONE',  ( 150.0000000000000000, 144.2746871206800279, -11.49999999999999645 ) ) ;
#2452 = VECTOR ( 'NONE', #3628, 1000.000000000000114 ) ;
#2453 = LINE ( 'NONE', #2435, #3073 ) ;
#2454 = ORIENTED_EDGE ( 'NONE', *, *, #2282, .T. ) ;
#2455 = ORIENTED_EDGE ( 'NONE', *, *, #803, .F. ) ;
#2456 = EDGE_CURVE ( 'NONE', #944, #3157, #1924, .T. ) ;
#2457 = DIRECTION ( 'NONE',  ( 0.000000000000000000, -0.4999999999999985012, 0.8660254037844394848 ) ) ;
#2458 =( NAMED_UNIT ( * ) PLANE_ANGLE_UNIT ( ) SI_UNIT ( $, .RADIAN. ) );
#2459 = CARTESIAN_POINT ( 'NONE',  ( 53.99999999999999289, 96.67661090932671186, -13.00000000000000000 ) ) ;
#2460 = EDGE_LOOP ( 'NONE', ( #1389, #1941, #479, #2455 ) ) ;
#2461 = CYLINDRICAL_SURFACE ( 'NONE', #2413, 1.399999999999998579 ) ;
#2462 = VECTOR ( 'NONE', #1460, 1000.000000000000000 ) ;
#2463 = DIRECTION ( 'NONE',  ( 0.000000000000000000, 0.8660254037844414832, 0.4999999999999950595 ) ) ;
#2464 = EDGE_LOOP ( 'NONE', ( #3353, #1946, #116, #14 ) ) ;
#2465 = ORIENTED_EDGE ( 'NONE', *, *, #1585, .T. ) ;
#2466 = AXIS2_PLACEMENT_3D ( 'NONE', #360, #2152, #2058 ) ;
#2467 = CARTESIAN_POINT ( 'NONE',  ( 55.99999999999999289, 66.67661090932671186, -13.00000000000000000 ) ) ;
#2468 = ORIENTED_EDGE ( 'NONE', *, *, #2901, .F. ) ;
#2469 = EDGE_LOOP ( 'NONE', ( #4288, #4327, #3188, #3035 ) ) ;
#2470 = VECTOR ( 'NONE', #3067, 1000.000000000000000 ) ;
#2471 = EDGE_CURVE ( 'NONE', #2422, #2783, #1953, .T. ) ;
#2472 = FACE_BOUND ( 'NONE', #3499, .T. ) ;
#2473 = DIRECTION ( 'NONE',  ( -0.000000000000000000, 0.8660254037844389297, 0.4999999999999993339 ) ) ;
#2474 = ORIENTED_EDGE ( 'NONE', *, *, #3244, .F. ) ;
#2475 = CARTESIAN_POINT ( 'NONE',  ( 54.00000000000000000, 64.27468712067999945, -28.82050807568881368 ) ) ;
#2476 = EDGE_CURVE ( 'NONE', #3214, #944, #740, .T. ) ;
#2477 = EDGE_CURVE ( 'NONE', #3370, #2805, #4124, .T. ) ;
#2478 = CARTESIAN_POINT ( 'NONE',  ( 56.00000000000000000, 141.8782930573961210, -13.34932372743589646 ) ) ;
#2479 = DIRECTION ( 'NONE',  ( 0.000000000000000000, 0.8660254037844414832, 0.4999999999999950595 ) ) ;
#2480 = ORIENTED_EDGE ( 'NONE', *, *, #4143, .T. ) ;
#2481 = VECTOR ( 'NONE', #2969, 1000.000000000000000 ) ;
#2482 = DIRECTION ( 'NONE',  ( -1.000000000000000000, 0.000000000000000000, 0.000000000000000000 ) ) ;
#2483 = ORIENTED_EDGE ( 'NONE', *, *, #687, .F. ) ;
#2484 = LINE ( 'NONE', #2071, #1678 ) ;
#2485 = DIRECTION ( 'NONE',  ( -1.000000000000000000, 0.000000000000000000, 0.000000000000000000 ) ) ;
#2486 = ORIENTED_EDGE ( 'NONE', *, *, #1738, .T. ) ;
#2487 = LINE ( 'NONE', #34, #192 ) ;
#2488 = VERTEX_POINT ( 'NONE', #566 ) ;
#2489 = DIRECTION ( 'NONE',  ( -1.000000000000000000, -0.000000000000000000, -0.000000000000000000 ) ) ;
#2490 = CARTESIAN_POINT ( 'NONE',  ( 150.0000000000000000, 124.2746871206799852, -28.82050807568881012 ) ) ;
#2491 = EDGE_LOOP ( 'NONE', ( #380, #403, #263, #4225 ) ) ;
#2492 = LINE ( 'NONE', #2769, #2674 ) ;
#2493 = ORIENTED_EDGE ( 'NONE', *, *, #1749, .F. ) ;
#2494 = LINE ( 'NONE', #3475, #2675 ) ;
#2495 = DIRECTION ( 'NONE',  ( 0.000000000000000000, 0.000000000000000000, -1.000000000000000000 ) ) ;
#2496 = VERTEX_POINT ( 'NONE', #3688 ) ;
#2497 = AXIS2_PLACEMENT_3D ( 'NONE', #4515, #4186, #2857 ) ;
#2498 = CARTESIAN_POINT ( 'NONE',  ( 0.000000000000000000, 34.27468712067999235, -28.82050807568881368 ) ) ;
#2499 = ADVANCED_FACE ( 'NONE', ( #207 ), #2694, .T. ) ;
#2500 = ORIENTED_EDGE ( 'NONE', *, *, #4386, .T. ) ;
#2501 = AXIS2_PLACEMENT_3D ( 'NONE', #1858, #1540, #1201 ) ;
#2502 = AXIS2_PLACEMENT_3D ( 'NONE', #3342, #3735, #3406 ) ;
#2503 = FACE_BOUND ( 'NONE', #3098, .T. ) ;
#2504 = ORIENTED_EDGE ( 'NONE', *, *, #1981, .T. ) ;
#2505 = DIRECTION ( 'NONE',  ( 0.000000000000000000, 0.8660254037844414832, 0.4999999999999950595 ) ) ;
#2506 = ORIENTED_EDGE ( 'NONE', *, *, #3003, .F. ) ;
#2507 = CYLINDRICAL_SURFACE ( 'NONE', #231, 1.400000000000001910 ) ;
#2508 = ORIENTED_EDGE ( 'NONE', *, *, #1196, .F. ) ;
#2509 = EDGE_CURVE ( 'NONE', #627, #3370, #1999, .T. ) ;
#2510 = LINE ( 'NONE', #3910, #2710 ) ;
#2511 = DIRECTION ( 'NONE',  ( -0.000000000000000000, -0.000000000000000000, 1.000000000000000000 ) ) ;
#2512 = VERTEX_POINT ( 'NONE', #250 ) ;
#2513 = FACE_OUTER_BOUND ( 'NONE', #2406, .T. ) ;
#2514 = DIRECTION ( 'NONE',  ( -0.000000000000000000, -0.000000000000000000, 1.000000000000000000 ) ) ;
#2515 = CARTESIAN_POINT ( 'NONE',  ( 15.00000000000000000, 163.0000000000000000, 2.000000000000000000 ) ) ;
#2516 = LINE ( 'NONE', #1224, #4193 ) ;
#2517 = VECTOR ( 'NONE', #3546, 1000.000000000000114 ) ;
#2518 = ORIENTED_EDGE ( 'NONE', *, *, #2792, .T. ) ;
#2519 = VECTOR ( 'NONE', #3211, 1000.000000000000114 ) ;
#2520 = EDGE_CURVE ( 'NONE', #2712, #3156, #3710, .T. ) ;
#2521 = DIRECTION ( 'NONE',  ( -0.000000000000000000, 0.000000000000000000, 1.000000000000000000 ) ) ;
#2522 = ORIENTED_EDGE ( 'NONE', *, *, #4523, .F. ) ;
#2523 = EDGE_CURVE ( 'NONE', #2068, #2056, #4429, .T. ) ;
#2524 = EDGE_CURVE ( 'NONE', #624, #3253, #3526, .T. ) ;
#2525 = PLANE ( 'NONE',  #1302 ) ;
#2526 = EDGE_LOOP ( 'NONE', ( #1422, #3386, #420, #3574 ) ) ;
#2527 = FACE_OUTER_BOUND ( 'NONE', #2744, .T. ) ;
#2528 = LINE ( 'NONE', #1499, #2161 ) ;
#2529 = ORIENTED_EDGE ( 'NONE', *, *, #1183, .T. ) ;
#2530 = AXIS2_PLACEMENT_3D ( 'NONE', #1832, #2080, #1053 ) ;
#2531 = AXIS2_PLACEMENT_3D ( 'NONE', #2428, #4246, #3494 ) ;
#2532 = DIRECTION ( 'NONE',  ( 0.000000000000000000, -0.8660254037844389297, -0.4999999999999993339 ) ) ;
#2533 = DIRECTION ( 'NONE',  ( 0.000000000000000000, -0.8660254037844390407, -0.4999999999999993894 ) ) ;
#2534 = ORIENTED_EDGE ( 'NONE', *, *, #406, .F. ) ;
#2535 = DIRECTION ( 'NONE',  ( -0.000000000000000000, -0.000000000000000000, 1.000000000000000000 ) ) ;
#2536 = EDGE_LOOP ( 'NONE', ( #667, #3751, #3324, #190 ) ) ;
#2537 = FACE_OUTER_BOUND ( 'NONE', #1557, .T. ) ;
#2538 = CIRCLE ( 'NONE', #1085, 2.000000000000001776 ) ;
#2539 = CARTESIAN_POINT ( 'NONE',  ( 150.0000000000000000, 79.27468712067998524, -28.82050807568881012 ) ) ;
#2540 = VECTOR ( 'NONE', #3947, 1000.000000000000000 ) ;
#2541 = FILL_AREA_STYLE ('',( #2878 ) ) ;
#2542 = VERTEX_POINT ( 'NONE', #1349 ) ;
#2543 = CARTESIAN_POINT ( 'NONE',  ( 150.0000000000000000, 64.27468712067998524, -28.82050807568881368 ) ) ;
#2544 = VECTOR ( 'NONE', #2298, 1000.000000000000114 ) ;
#2545 = DIRECTION ( 'NONE',  ( -1.000000000000000000, 0.000000000000000000, 0.000000000000000000 ) ) ;
#2546 = EDGE_LOOP ( 'NONE', ( #2246, #1586 ) ) ;
#2547 = CARTESIAN_POINT ( 'NONE',  ( 47.49999999999996447, 41.24999999999999289, 3.000000000000000000 ) ) ;
#2548 = TOROIDAL_SURFACE ( 'NONE', #3878, 4.000000000000000000, 2.000000000000000000 ) ;
#2549 = FACE_OUTER_BOUND ( 'NONE', #634, .T. ) ;
#2550 = ORIENTED_EDGE ( 'NONE', *, *, #1447, .F. ) ;
#2551 = DIRECTION ( 'NONE',  ( 0.000000000000000000, -0.8660254037844400399, -0.4999999999999976685 ) ) ;
#2552 = ORIENTED_EDGE ( 'NONE', *, *, #1383, .T. ) ;
#2553 = DIRECTION ( 'NONE',  ( 0.000000000000000000, -0.8660254037844400399, -0.4999999999999976685 ) ) ;
#2554 = ORIENTED_EDGE ( 'NONE', *, *, #1819, .F. ) ;
#2555 = DIRECTION ( 'NONE',  ( 0.000000000000000000, -0.8660254037844400399, -0.4999999999999976685 ) ) ;
#2556 = ORIENTED_EDGE ( 'NONE', *, *, #3161, .T. ) ;
#2557 = DIRECTION ( 'NONE',  ( 0.000000000000000000, 0.000000000000000000, 1.000000000000000000 ) ) ;
#2558 = CARTESIAN_POINT ( 'NONE',  ( 51.00000000000008527, 60.00000000000000711, -30.00000000000000711 ) ) ;
#2559 = EDGE_CURVE ( 'NONE', #615, #674, #2740, .T. ) ;
#2560 = PLANE ( 'NONE',  #443 ) ;
#2561 = ORIENTED_EDGE ( 'NONE', *, *, #2610, .T. ) ;
#2562 = ADVANCED_FACE ( 'NONE', ( #2652 ), #3017, .F. ) ;
#2563 = AXIS2_PLACEMENT_3D ( 'NONE', #4351, #1165, #1213 ) ;
#2564 = CARTESIAN_POINT ( 'NONE',  ( 45.84999999999997300, 82.49999999999998579, 3.000000000000000000 ) ) ;
#2565 = CARTESIAN_POINT ( 'NONE',  ( 150.0000000000000000, 24.27468712068003853, -11.49999999999999467 ) ) ;
#2566 = VERTEX_POINT ( 'NONE', #1309 ) ;
#2567 = VECTOR ( 'NONE', #162, 999.9999999999998863 ) ;
#2568 = CARTESIAN_POINT ( 'NONE',  ( 2.000000000000000000, 2.000000000000000000, -35.00000000000000000 ) ) ;
#2569 =( GEOMETRIC_REPRESENTATION_CONTEXT ( 3 ) GLOBAL_UNCERTAINTY_ASSIGNED_CONTEXT ( ( #888 ) ) GLOBAL_UNIT_ASSIGNED_CONTEXT ( ( #1257, #2458, #3138 ) ) REPRESENTATION_CONTEXT ( 'NONE', 'WORKASPACE' ) );
#2570 = VECTOR ( 'NONE', #2584, 999.9999999999998863 ) ;
#2571 = DIRECTION ( 'NONE',  ( 0.000000000000000000, -0.8660254037844400399, -0.4999999999999976685 ) ) ;
#2572 = CARTESIAN_POINT ( 'NONE',  ( 55.99999999999999289, 99.27468712068004209, -11.49999999999999467 ) ) ;
#2573 = ORIENTED_EDGE ( 'NONE', *, *, #3198, .T. ) ;
#2574 = DIRECTION ( 'NONE',  ( -1.000000000000000000, 0.000000000000000000, 0.000000000000000000 ) ) ;
#2575 = ADVANCED_FACE ( 'NONE', ( #1978 ), #1328, .T. ) ;
#2576 = LINE ( 'NONE', #262, #1004 ) ;
#2577 = CARTESIAN_POINT ( 'NONE',  ( 56.00000000000000000, 171.0483178519305909, -10.47599381986974620 ) ) ;
#2578 = ORIENTED_EDGE ( 'NONE', *, *, #272, .T. ) ;
#2579 = CARTESIAN_POINT ( 'NONE',  ( 2.000000000000000000, 148.5483178519310457, 28.49514935042972752 ) ) ;
#2580 = ORIENTED_EDGE ( 'NONE', *, *, #1665, .T. ) ;
#2581 = PLANE ( 'NONE',  #755 ) ;
#2582 = DIRECTION ( 'NONE',  ( -1.000000000000000000, -0.000000000000000000, -0.000000000000000000 ) ) ;
#2583 = CARTESIAN_POINT ( 'NONE',  ( 2.000000000000001776, 64.27468712067998524, -28.82050807568881368 ) ) ;
#2584 = DIRECTION ( 'NONE',  ( 0.000000000000000000, -0.8660254037844390407, -0.4999999999999993894 ) ) ;
#2585 = VERTEX_POINT ( 'NONE', #1632 ) ;
#2586 = ORIENTED_EDGE ( 'NONE', *, *, #3954, .F. ) ;
#2587 = DIRECTION ( 'NONE',  ( 0.000000000000000000, -0.4999999999999976130, 0.8660254037844399289 ) ) ;
#2588 = DIRECTION ( 'NONE',  ( 0.000000000000000000, -0.8660254037844389297, -0.4999999999999993339 ) ) ;
#2589 = ORIENTED_EDGE ( 'NONE', *, *, #924, .T. ) ;
#2590 = EDGE_CURVE ( 'NONE', #2600, #615, #1288, .T. ) ;
#2591 = AXIS2_PLACEMENT_3D ( 'NONE', #1278, #3007, #3024 ) ;
#2592 = AXIS2_PLACEMENT_3D ( 'NONE', #2293, #3680, #1945 ) ;
#2593 = LINE ( 'NONE', #4001, #857 ) ;
#2594 = CARTESIAN_POINT ( 'NONE',  ( 41.00000000000000000, 163.0000000000000000, -2.000000000000000000 ) ) ;
#2595 = CARTESIAN_POINT ( 'NONE',  ( 54.00000000000000000, 154.2746871206799995, -28.82050807568880302 ) ) ;
#2596 = ORIENTED_EDGE ( 'NONE', *, *, #2603, .F. ) ;
#2597 = CYLINDRICAL_SURFACE ( 'NONE', #520, 1.399999999999998579 ) ;
#2598 = LINE ( 'NONE', #1215, #480 ) ;
#2599 = DIRECTION ( 'NONE',  ( 0.000000000000000000, -0.8660254037844389297, -0.4999999999999993339 ) ) ;
#2600 = VERTEX_POINT ( 'NONE', #2671 ) ;
#2601 = DIRECTION ( 'NONE',  ( 0.000000000000000000, 0.4999999999999976130, -0.8660254037844399289 ) ) ;
#2602 = CARTESIAN_POINT ( 'NONE',  ( 0.000000000000000000, 94.27468712067999945, -28.82050807568879591 ) ) ;
#2603 = EDGE_CURVE ( 'NONE', #3559, #3322, #3034, .T. ) ;
#2604 = VECTOR ( 'NONE', #2473, 1000.000000000000227 ) ;
#2605 = LINE ( 'NONE', #1198, #3272 ) ;
#2606 = CARTESIAN_POINT ( 'NONE',  ( 49.60000000000008669, 60.00000000000000711, -40.00000000000000711 ) ) ;
#2607 = ORIENTED_EDGE ( 'NONE', *, *, #3357, .F. ) ;
#2608 = DIRECTION ( 'NONE',  ( -1.000000000000000000, -0.000000000000000000, -0.000000000000000000 ) ) ;
#2609 = VECTOR ( 'NONE', #2732, 1000.000000000000000 ) ;
#2610 = EDGE_CURVE ( 'NONE', #2354, #3322, #963, .T. ) ;
#2611 = AXIS2_PLACEMENT_3D ( 'NONE', #3158, #1357, #7 ) ;
#2612 = LINE ( 'NONE', #3082, #2249 ) ;
#2613 = DIRECTION ( 'NONE',  ( -1.000000000000000000, -0.000000000000000000, -0.000000000000000000 ) ) ;
#2614 = ORIENTED_EDGE ( 'NONE', *, *, #1383, .F. ) ;
#2615 = VERTEX_POINT ( 'NONE', #608 ) ;
#2616 = CARTESIAN_POINT ( 'NONE',  ( 0.000000000000000000, 61.67661090932666212, -30.32050807568880302 ) ) ;
#2617 = EDGE_CURVE ( 'NONE', #3361, #852, #2716, .T. ) ;
#2618 = EDGE_CURVE ( 'NONE', #368, #295, #4510, .T. ) ;
#2619 = DIRECTION ( 'NONE',  ( -1.000000000000000000, -0.000000000000000000, -0.000000000000000000 ) ) ;
#2620 = VERTEX_POINT ( 'NONE', #1052 ) ;
#2621 = AXIS2_PLACEMENT_3D ( 'NONE', #692, #3863, #1110 ) ;
#2622 = LINE ( 'NONE', #558, #2097 ) ;
#2623 = PLANE ( 'NONE',  #2879 ) ;
#2624 = EDGE_CURVE ( 'NONE', #1270, #3268, #1099, .T. ) ;
#2625 = VERTEX_POINT ( 'NONE', #1458 ) ;
#2626 = CARTESIAN_POINT ( 'NONE',  ( 150.0000000000000000, 121.6766109093266550, -30.32050807568879947 ) ) ;
#2627 = VERTEX_POINT ( 'NONE', #3450 ) ;
#2628 = EDGE_CURVE ( 'NONE', #2542, #4035, #3672, .T. ) ;
#2629 = CARTESIAN_POINT ( 'NONE',  ( 51.00000000000008527, 19.00000000000000355, -40.00000000000000711 ) ) ;
#2630 = CARTESIAN_POINT ( 'NONE',  ( 7.499999999999974243, 123.7500000000000000, -1.000000000000000000 ) ) ;
#2631 = CARTESIAN_POINT ( 'NONE',  ( 47.49999999999997158, 123.7500000000000000, -1.000000000000000000 ) ) ;
#2632 = CARTESIAN_POINT ( 'NONE',  ( 150.0000000000000000, 154.2746871206799995, -28.82050807568880657 ) ) ;
#2633 = CARTESIAN_POINT ( 'NONE',  ( 51.00000000000008527, 108.0000000000000142, -35.00000000000000000 ) ) ;
#2634 = CARTESIAN_POINT ( 'NONE',  ( 56.00000000000000000, 165.0000000000000000, -2.000000000000000000 ) ) ;
#2635 = ORIENTED_EDGE ( 'NONE', *, *, #1226, .T. ) ;
#2636 = VERTEX_POINT ( 'NONE', #1028 ) ;
#2637 = DIRECTION ( 'NONE',  ( -1.000000000000000000, -0.000000000000000000, -0.000000000000000000 ) ) ;
#2638 = LINE ( 'NONE', #884, #3220 ) ;
#2639 = DIRECTION ( 'NONE',  ( 0.000000000000000000, 0.000000000000000000, -1.000000000000000000 ) ) ;
#2640 = VECTOR ( 'NONE', #2887, 1000.000000000000114 ) ;
#2641 = VECTOR ( 'NONE', #3570, 999.9999999999998863 ) ;
#2642 = LINE ( 'NONE', #2359, #350 ) ;
#2643 = ADVANCED_FACE ( 'NONE', ( #381 ), #3893, .T. ) ;
#2644 = CARTESIAN_POINT ( 'NONE',  ( 49.60000000000008669, 19.00000000000000355, -40.00000000000000711 ) ) ;
#2645 = FACE_OUTER_BOUND ( 'NONE', #452, .T. ) ;
#2646 = VERTEX_POINT ( 'NONE', #316 ) ;
#2647 = DIRECTION ( 'NONE',  ( 0.000000000000000000, -0.8660254037844389297, -0.4999999999999993339 ) ) ;
#2648 = LINE ( 'NONE', #3684, #4101 ) ;
#2649 = CARTESIAN_POINT ( 'NONE',  ( 3.600000000000085798, 108.0000000000000142, -30.00000000000000711 ) ) ;
#2650 = EDGE_CURVE ( 'NONE', #3433, #674, #19, .T. ) ;
#2651 = DIRECTION ( 'NONE',  ( 1.000000000000000000, 0.000000000000000000, 0.000000000000000000 ) ) ;
#2652 = FACE_OUTER_BOUND ( 'NONE', #1936, .T. ) ;
#2653 = VERTEX_POINT ( 'NONE', #1715 ) ;
#2654 = CARTESIAN_POINT ( 'NONE',  ( 49.60000000000008669, 60.00000000000000711, -35.00000000000000000 ) ) ;
#2655 = DIRECTION ( 'NONE',  ( -1.000000000000000000, 0.000000000000000000, 0.000000000000000000 ) ) ;
#2656 = VERTEX_POINT ( 'NONE', #2851 ) ;
#2657 = EDGE_CURVE ( 'NONE', #3157, #3889, #3147, .T. ) ;
#2658 = CARTESIAN_POINT ( 'NONE',  ( 150.0000000000000000, 79.27468712067998524, -28.82050807568881012 ) ) ;
#2659 = ORIENTED_EDGE ( 'NONE', *, *, #4161, .T. ) ;
#2660 = DIRECTION ( 'NONE',  ( 0.000000000000000000, -0.4999999999999973910, 0.8660254037844401509 ) ) ;
#2661 = DIRECTION ( 'NONE',  ( -0.000000000000000000, -0.000000000000000000, -1.000000000000000000 ) ) ;
#2662 = ADVANCED_FACE ( 'NONE', ( #3803, #3541, #2448, #3102, #1371, #3167, #1395, #2472, #400, #2766 ), #3870, .F. ) ;
#2663 = ADVANCED_FACE ( 'NONE', ( #2128 ), #3826, .T. ) ;
#2664 = CARTESIAN_POINT ( 'NONE',  ( 56.00000000000000000, 159.7983178519307899, 9.009577765279990658 ) ) ;
#2665 = FACE_OUTER_BOUND ( 'NONE', #172, .T. ) ;
#2666 = ORIENTED_EDGE ( 'NONE', *, *, #449, .T. ) ;
#2667 = FACE_BOUND ( 'NONE', #2536, .T. ) ;
#2668 = ORIENTED_EDGE ( 'NONE', *, *, #1031, .T. ) ;
#2669 = EDGE_LOOP ( 'NONE', ( #1481, #3227, #3163 ) ) ;
#2670 = FACE_OUTER_BOUND ( 'NONE', #41, .T. ) ;
#2671 = CARTESIAN_POINT ( 'NONE',  ( 2.000000000000001776, 66.67661090932671186, -13.00000000000000000 ) ) ;
#2672 = ORIENTED_EDGE ( 'NONE', *, *, #3615, .F. ) ;
#2673 = ORIENTED_EDGE ( 'NONE', *, *, #3166, .T. ) ;
#2674 = VECTOR ( 'NONE', #4271, 1000.000000000000000 ) ;
#2675 = VECTOR ( 'NONE', #2131, 1000.000000000000000 ) ;
#2676 = AXIS2_PLACEMENT_3D ( 'NONE', #1742, #4534, #3125 ) ;
#2677 = EDGE_CURVE ( 'NONE', #2903, #1518, #1438, .T. ) ;
#2678 = VERTEX_POINT ( 'NONE', #2831 ) ;
#2679 = ORIENTED_EDGE ( 'NONE', *, *, #565, .T. ) ;
#2680 = AXIS2_PLACEMENT_3D ( 'NONE', #390, #141, #782 ) ;
#2681 = PLANE ( 'NONE',  #1666 ) ;
#2682 = CARTESIAN_POINT ( 'NONE',  ( 56.00000000000000000, 167.2983178519306762, -3.980803291486505913 ) ) ;
#2683 = DIRECTION ( 'NONE',  ( -0.000000000000000000, -0.000000000000000000, 1.000000000000000000 ) ) ;
#2684 = DIRECTION ( 'NONE',  ( -1.000000000000000000, 0.000000000000000000, -0.000000000000000000 ) ) ;
#2685 = ORIENTED_EDGE ( 'NONE', *, *, #4138, .F. ) ;
#2686 = FACE_BOUND ( 'NONE', #300, .T. ) ;
#2687 = EDGE_LOOP ( 'NONE', ( #1242, #3223, #4451, #3556, #3389, #445 ) ) ;
#2688 = EDGE_CURVE ( 'NONE', #1351, #2191, #49, .T. ) ;
#2689 = VECTOR ( 'NONE', #4087, 999.9999999999998863 ) ;
#2690 = VERTEX_POINT ( 'NONE', #2789 ) ;
#2691 = VECTOR ( 'NONE', #1537, 1000.000000000000000 ) ;
#2692 = AXIS2_PLACEMENT_3D ( 'NONE', #3740, #3019, #4496 ) ;
#2693 = CARTESIAN_POINT ( 'NONE',  ( 47.49999999999997158, 82.49999999999998579, -1.000000000000000000 ) ) ;
#2694 = PLANE ( 'NONE',  #377 ) ;
#2695 = CARTESIAN_POINT ( 'NONE',  ( 56.00000000000000000, 91.67661090932665502, -30.32050807568879236 ) ) ;
#2696 = ORIENTED_EDGE ( 'NONE', *, *, #2749, .T. ) ;
#2697 = EDGE_CURVE ( 'NONE', #808, #4277, #4203, .T. ) ;
#2698 = CYLINDRICAL_SURFACE ( 'NONE', #3501, 2.000000000000001776 ) ;
#2699 = ORIENTED_EDGE ( 'NONE', *, *, #1157, .F. ) ;
#2700 = VERTEX_POINT ( 'NONE', #2103 ) ;
#2701 = EDGE_CURVE ( 'NONE', #3392, #3048, #1761, .T. ) ;
#2702 = EDGE_CURVE ( 'NONE', #2380, #3142, #4223, .T. ) ;
#2703 = DIRECTION ( 'NONE',  ( 1.000000000000000000, 0.000000000000000000, 0.000000000000000000 ) ) ;
#2704 = DIRECTION ( 'NONE',  ( -1.000000000000000000, -0.000000000000000000, -0.000000000000000000 ) ) ;
#2705 = LINE ( 'NONE', #3092, #1132 ) ;
#2706 = ORIENTED_EDGE ( 'NONE', *, *, #3470, .F. ) ;
#2707 = DIRECTION ( 'NONE',  ( 1.000000000000000000, -1.261617073437677752E-16, 0.000000000000000000 ) ) ;
#2708 = CARTESIAN_POINT ( 'NONE',  ( 2.000000000000001776, 51.67661090932671186, -13.00000000000000000 ) ) ;
#2709 = EDGE_LOOP ( 'NONE', ( #108, #98, #3642, #1796 ) ) ;
#2710 = VECTOR ( 'NONE', #1139, 1000.000000000000114 ) ;
#2711 = CARTESIAN_POINT ( 'NONE',  ( 2.000000000000000000, 51.87829305739585806, -65.31084795450205149 ) ) ;
#2712 = VERTEX_POINT ( 'NONE', #4311 ) ;
#2713 = VERTEX_POINT ( 'NONE', #2919 ) ;
#2714 = CIRCLE ( 'NONE', #1113, 1.649999999999998579 ) ;
#2715 = VECTOR ( 'NONE', #2285, 1000.000000000000000 ) ;
#2716 = CIRCLE ( 'NONE', #744, 1.399999999999998579 ) ;
#2717 = EDGE_CURVE ( 'NONE', #2828, #4064, #3283, .T. ) ;
#2718 = FACE_OUTER_BOUND ( 'NONE', #3209, .T. ) ;
#2719 = DIRECTION ( 'NONE',  ( -0.000000000000000000, 0.8660254037844401509, 0.4999999999999973910 ) ) ;
#2720 = FACE_OUTER_BOUND ( 'NONE', #3702, .T. ) ;
#2721 = EDGE_LOOP ( 'NONE', ( #4062, #1071, #3184, #3552 ) ) ;
#2722 = CARTESIAN_POINT ( 'NONE',  ( 0.000000000000000000, 139.2746871206799710, -28.82050807568881012 ) ) ;
#2723 = ORIENTED_EDGE ( 'NONE', *, *, #2382, .T. ) ;
#2724 = CARTESIAN_POINT ( 'NONE',  ( 56.00000000000000000, 61.67661090932666212, -30.32050807568880302 ) ) ;
#2725 = VERTEX_POINT ( 'NONE', #422 ) ;
#2726 = ORIENTED_EDGE ( 'NONE', *, *, #4076, .F. ) ;
#2727 = DIRECTION ( 'NONE',  ( 0.000000000000000000, -0.4999999999999976130, 0.8660254037844399289 ) ) ;
#2728 = EDGE_CURVE ( 'NONE', #627, #590, #3306, .T. ) ;
#2729 = DIRECTION ( 'NONE',  ( 1.000000000000000000, 0.000000000000000000, 0.000000000000000000 ) ) ;
#2730 = ORIENTED_EDGE ( 'NONE', *, *, #2856, .T. ) ;
#2731 = CARTESIAN_POINT ( 'NONE',  ( 47.49999999999996447, 41.24999999999999289, -1.000000000000000000 ) ) ;
#2732 = DIRECTION ( 'NONE',  ( 0.000000000000000000, 0.4999999999999973910, -0.8660254037844401509 ) ) ;
#2733 = VERTEX_POINT ( 'NONE', #1555 ) ;
#2734 = ORIENTED_EDGE ( 'NONE', *, *, #3517, .T. ) ;
#2735 = FACE_BOUND ( 'NONE', #583, .T. ) ;
#2736 = ORIENTED_EDGE ( 'NONE', *, *, #800, .T. ) ;
#2737 = ORIENTED_EDGE ( 'NONE', *, *, #1447, .T. ) ;
#2738 = AXIS2_PLACEMENT_3D ( 'NONE', #2915, #3538, #1137 ) ;
#2739 = CARTESIAN_POINT ( 'NONE',  ( 150.0000000000000000, 36.67661090932671186, -13.00000000000000000 ) ) ;
#2740 = LINE ( 'NONE', #3388, #969 ) ;
#2741 = LINE ( 'NONE', #3432, #4153 ) ;
#2742 = VERTEX_POINT ( 'NONE', #2198 ) ;
#2743 = CARTESIAN_POINT ( 'NONE',  ( 2.000000000000001776, 109.2746871206799852, -28.82050807568881012 ) ) ;
#2744 = EDGE_LOOP ( 'NONE', ( #538, #2437, #2486, #985 ) ) ;
#2745 = CARTESIAN_POINT ( 'NONE',  ( 40.16423126968662416, 165.0000000000000284, -0.7390149557218181897 ) ) ;
#2746 = CIRCLE ( 'NONE', #3335, 2.000000000000000000 ) ;
#2747 = VERTEX_POINT ( 'NONE', #3627 ) ;
#2748 = EDGE_CURVE ( 'NONE', #3998, #3039, #3213, .T. ) ;
#2749 = EDGE_CURVE ( 'NONE', #2488, #728, #861, .T. ) ;
#2750 = VERTEX_POINT ( 'NONE', #173 ) ;
#2751 = CIRCLE ( 'NONE', #4160, 1.650000000000000355 ) ;
#2752 = CARTESIAN_POINT ( 'NONE',  ( 7.499999999999971578, 82.49999999999998579, -1.000000000000000000 ) ) ;
#2753 = FACE_OUTER_BOUND ( 'NONE', #2, .T. ) ;
#2754 = EDGE_CURVE ( 'NONE', #2627, #3433, #2598, .T. ) ;
#2755 = EDGE_LOOP ( 'NONE', ( #2308, #4507, #4366, #3123 ) ) ;
#2756 = AXIS2_PLACEMENT_3D ( 'NONE', #2658, #4097, #3352 ) ;
#2757 = CARTESIAN_POINT ( 'NONE',  ( 2.000000000000000000, 76.67661090932665502, -30.32050807568879947 ) ) ;
#2758 = DIRECTION ( 'NONE',  ( 0.000000000000000000, 0.8660254037844390407, 0.4999999999999993894 ) ) ;
#2759 = VERTEX_POINT ( 'NONE', #2268 ) ;
#2760 = CARTESIAN_POINT ( 'NONE',  ( 5.000000000000084377, 60.00000000000000711, -30.00000000000000711 ) ) ;
#2761 = ORIENTED_EDGE ( 'NONE', *, *, #1384, .T. ) ;
#2762 = ORIENTED_EDGE ( 'NONE', *, *, #2697, .T. ) ;
#2763 = CIRCLE ( 'NONE', #3566, 1.649999999999998579 ) ;
#2764 = EDGE_CURVE ( 'NONE', #3377, #2375, #1735, .T. ) ;
#2765 = LINE ( 'NONE', #652, #3518 ) ;
#2766 = FACE_OUTER_BOUND ( 'NONE', #290, .T. ) ;
#2767 = VECTOR ( 'NONE', #3778, 1000.000000000000000 ) ;
#2768 = ORIENTED_EDGE ( 'NONE', *, *, #2624, .F. ) ;
#2769 = CARTESIAN_POINT ( 'NONE',  ( 54.00000000000000000, 159.7983178519307899, 9.009577765279990658 ) ) ;
#2770 = ORIENTED_EDGE ( 'NONE', *, *, #2777, .T. ) ;
#2771 = CARTESIAN_POINT ( 'NONE',  ( 150.0000000000000000, 94.27468712067998524, -28.82050807568881012 ) ) ;
#2772 = VERTEX_POINT ( 'NONE', #125 ) ;
#2773 = CIRCLE ( 'NONE', #870, 1.400000000000001910 ) ;
#2774 = LINE ( 'NONE', #776, #4268 ) ;
#2775 = CARTESIAN_POINT ( 'NONE',  ( 40.70302834988562068, 165.0000000000000284, 0.1308435623301646145 ) ) ;
#2776 = EDGE_LOOP ( 'NONE', ( #1192, #1871, #1056, #826, #1825 ) ) ;
#2777 = EDGE_CURVE ( 'NONE', #15, #1430, #2174, .T. ) ;
#2778 = PLANE ( 'NONE',  #3713 ) ;
#2779 = LINE ( 'NONE', #2070, #2877 ) ;
#2780 = EDGE_LOOP ( 'NONE', ( #1453, #4215, #2807, #2300 ) ) ;
#2781 = CARTESIAN_POINT ( 'NONE',  ( 15.00000000000000000, 163.0000000000000000, -2.000000000000000000 ) ) ;
#2782 = CARTESIAN_POINT ( 'NONE',  ( 17.00000000000000000, 163.0000000000000000, 0.000000000000000000 ) ) ;
#2783 = VERTEX_POINT ( 'NONE', #82 ) ;
#2784 = ORIENTED_EDGE ( 'NONE', *, *, #3319, .T. ) ;
#2785 = CARTESIAN_POINT ( 'NONE',  ( 0.000000000000000000, 111.6766109093267119, -12.99999999999999822 ) ) ;
#2786 = ORIENTED_EDGE ( 'NONE', *, *, #1134, .T. ) ;
#2787 = ORIENTED_EDGE ( 'NONE', *, *, #2688, .F. ) ;
#2788 = LINE ( 'NONE', #2739, #2767 ) ;
#2789 = CARTESIAN_POINT ( 'NONE',  ( 0.000000000000000000, 24.27468712068003853, -11.49999999999999467 ) ) ;
#2790 = DIRECTION ( 'NONE',  ( 0.000000000000000000, 0.4999999999999971134, -0.8660254037844402619 ) ) ;
#2791 = ORIENTED_EDGE ( 'NONE', *, *, #2764, .T. ) ;
#2792 = EDGE_CURVE ( 'NONE', #3961, #4195, #1898, .T. ) ;
#2793 = AXIS2_PLACEMENT_3D ( 'NONE', #1836, #3222, #1884 ) ;
#2794 = DIRECTION ( 'NONE',  ( 0.000000000000000000, -0.4999999999999985012, 0.8660254037844394848 ) ) ;
#2795 = ORIENTED_EDGE ( 'NONE', *, *, #1727, .T. ) ;
#2796 = VECTOR ( 'NONE', #1897, 999.9999999999998863 ) ;
#2797 = CARTESIAN_POINT ( 'NONE',  ( 56.00000000000000000, 164.7983178519305625, 0.3493237274359213274 ) ) ;
#2798 = LINE ( 'NONE', #4162, #3946 ) ;
#2799 = ORIENTED_EDGE ( 'NONE', *, *, #1134, .F. ) ;
#2800 = LINE ( 'NONE', #4479, #2829 ) ;
#2801 = DIRECTION ( 'NONE',  ( -1.000000000000000000, -0.000000000000000000, -0.000000000000000000 ) ) ;
#2802 = EDGE_CURVE ( 'NONE', #1061, #1954, #3259, .T. ) ;
#2803 = LINE ( 'NONE', #3095, #3339 ) ;
#2804 = EDGE_LOOP ( 'NONE', ( #3066, #2787, #4149, #989 ) ) ;
#2805 = VERTEX_POINT ( 'NONE', #1166 ) ;
#2806 = DIRECTION ( 'NONE',  ( -1.000000000000000000, -0.000000000000000000, -0.000000000000000000 ) ) ;
#2807 = ORIENTED_EDGE ( 'NONE', *, *, #1195, .T. ) ;
#2808 = ORIENTED_EDGE ( 'NONE', *, *, #2802, .T. ) ;
#2809 = EDGE_CURVE ( 'NONE', #767, #4248, #1926, .T. ) ;
#2810 = ADVANCED_FACE ( 'NONE', ( #3936 ), #1577, .F. ) ;
#2811 = DIRECTION ( 'NONE',  ( 0.000000000000000000, 0.4999999999999971134, -0.8660254037844402619 ) ) ;
#2812 = ORIENTED_EDGE ( 'NONE', *, *, #3769, .F. ) ;
#2813 = DIRECTION ( 'NONE',  ( -0.000000000000000000, -0.000000000000000000, -1.000000000000000000 ) ) ;
#2814 = EDGE_LOOP ( 'NONE', ( #1634, #1122, #312, #3828 ) ) ;
#2815 = CARTESIAN_POINT ( 'NONE',  ( 2.000000000000000000, 46.67661090932666212, -30.32050807568880302 ) ) ;
#2816 = ORIENTED_EDGE ( 'NONE', *, *, #3046, .F. ) ;
#2817 = EDGE_CURVE ( 'NONE', #2733, #751, #4300, .T. ) ;
#2818 = VECTOR ( 'NONE', #879, 1000.000000000000000 ) ;
#2819 = DIRECTION ( 'NONE',  ( 0.000000000000000000, 0.8660254037844394848, 0.4999999999999985012 ) ) ;
#2820 = CARTESIAN_POINT ( 'NONE',  ( 2.000000000000000000, 144.4763692687494654, -11.84932372743589468 ) ) ;
#2821 = EDGE_CURVE ( 'NONE', #2846, #3765, #104, .T. ) ;
#2822 = LINE ( 'NONE', #4498, #205 ) ;
#2823 = VECTOR ( 'NONE', #2873, 1000.000000000000000 ) ;
#2824 = LINE ( 'NONE', #3487, #2172 ) ;
#2825 = ORIENTED_EDGE ( 'NONE', *, *, #4412, .T. ) ;
#2826 = VECTOR ( 'NONE', #1321, 1000.000000000000000 ) ;
#2827 = PLANE ( 'NONE',  #47 ) ;
#2828 = VERTEX_POINT ( 'NONE', #1504 ) ;
#2829 = VECTOR ( 'NONE', #3507, 1000.000000000000000 ) ;
#2830 = PLANE ( 'NONE',  #2287 ) ;
#2831 = CARTESIAN_POINT ( 'NONE',  ( 3.600000000000085798, 19.00000000000000355, -40.00000000000000711 ) ) ;
#2832 = LINE ( 'NONE', #752, #4444 ) ;
#2833 = DIRECTION ( 'NONE',  ( 0.000000000000000000, 0.8660254037844390407, 0.4999999999999993894 ) ) ;
#2834 = PLANE ( 'NONE',  #3445 ) ;
#2835 = EDGE_CURVE ( 'NONE', #859, #720, #2943, .T. ) ;
#2836 = VERTEX_POINT ( 'NONE', #2220 ) ;
#2837 = DIRECTION ( 'NONE',  ( -0.000000000000000000, -0.000000000000000000, 1.000000000000000000 ) ) ;
#2838 = VECTOR ( 'NONE', #241, 1000.000000000000000 ) ;
#2839 = ORIENTED_EDGE ( 'NONE', *, *, #3198, .F. ) ;
#2840 = VECTOR ( 'NONE', #3411, 1000.000000000000000 ) ;
#2841 = CARTESIAN_POINT ( 'NONE',  ( 54.00000000000000000, 141.8782930573961210, -13.34932372743589646 ) ) ;
#2842 = EDGE_CURVE ( 'NONE', #2928, #2223, #3607, .T. ) ;
#2843 = ORIENTED_EDGE ( 'NONE', *, *, #4168, .T. ) ;
#2844 = CARTESIAN_POINT ( 'NONE',  ( 56.00000000000000000, 163.5483178519307330, 2.514387236896741928 ) ) ;
#2845 = CARTESIAN_POINT ( 'NONE',  ( 51.00000000000008527, 60.00000000000000711, -35.00000000000000000 ) ) ;
#2846 = VERTEX_POINT ( 'NONE', #1190 ) ;
#2847 = FACE_OUTER_BOUND ( 'NONE', #4027, .T. ) ;
#2848 = ORIENTED_EDGE ( 'NONE', *, *, #460, .F. ) ;
#2849 = EDGE_CURVE ( 'NONE', #1831, #597, #2576, .T. ) ;
#2850 = DIRECTION ( 'NONE',  ( 0.000000000000000000, 0.000000000000000000, -1.000000000000000000 ) ) ;
#2851 = CARTESIAN_POINT ( 'NONE',  ( 14.99999999999997868, 0.000000000000000000, 1.464101615137753054 ) ) ;
#2852 = ORIENTED_EDGE ( 'NONE', *, *, #2402, .F. ) ;
#2853 = LINE ( 'NONE', #771, #1589 ) ;
#2854 = ORIENTED_EDGE ( 'NONE', *, *, #4138, .T. ) ;
#2855 = DIRECTION ( 'NONE',  ( -0.000000000000000000, -0.000000000000000000, 1.000000000000000000 ) ) ;
#2856 = EDGE_CURVE ( 'NONE', #944, #3914, #4421, .T. ) ;
#2857 = DIRECTION ( 'NONE',  ( 1.000000000000000000, 0.000000000000000000, 0.000000000000000000 ) ) ;
#2858 = AXIS2_PLACEMENT_3D ( 'NONE', #1759, #2149, #4198 ) ;
#2859 = ORIENTED_EDGE ( 'NONE', *, *, #2970, .F. ) ;
#2860 = CIRCLE ( 'NONE', #1629, 1.399999999999998579 ) ;
#2861 = VECTOR ( 'NONE', #4359, 1000.000000000000000 ) ;
#2862 = CARTESIAN_POINT ( 'NONE',  ( 150.0000000000000000, 139.2746871206799710, -28.82050807568881012 ) ) ;
#2863 = ORIENTED_EDGE ( 'NONE', *, *, #3133, .F. ) ;
#2864 = DIRECTION ( 'NONE',  ( -1.000000000000000000, -0.000000000000000000, -0.000000000000000000 ) ) ;
#2865 = EDGE_CURVE ( 'NONE', #4151, #4455, #4374, .T. ) ;
#2866 = FACE_BOUND ( 'NONE', #3239, .T. ) ;
#2867 = ORIENTED_EDGE ( 'NONE', *, *, #592, .T. ) ;
#2868 = LINE ( 'NONE', #438, #1187 ) ;
#2869 = EDGE_LOOP ( 'NONE', ( #1596, #4042 ) ) ;
#2870 = FACE_OUTER_BOUND ( 'NONE', #4323, .T. ) ;
#2871 = CARTESIAN_POINT ( 'NONE',  ( 150.0000000000000000, 46.67661090932666212, -30.32050807568880302 ) ) ;
#2872 = VERTEX_POINT ( 'NONE', #977 ) ;
#2873 = DIRECTION ( 'NONE',  ( -1.000000000000000000, -0.000000000000000000, -0.000000000000000000 ) ) ;
#2874 = ORIENTED_EDGE ( 'NONE', *, *, #3435, .T. ) ;
#2875 = LINE ( 'NONE', #4292, #3890 ) ;
#2876 = DIRECTION ( 'NONE',  ( -1.000000000000000000, 0.000000000000000000, 0.000000000000000000 ) ) ;
#2877 = VECTOR ( 'NONE', #1385, 999.9999999999998863 ) ;
#2878 = FILL_AREA_STYLE_COLOUR ( '', #2289 ) ;
#2879 = AXIS2_PLACEMENT_3D ( 'NONE', #4078, #837, #1990 ) ;
#2880 = FACE_OUTER_BOUND ( 'NONE', #3292, .T. ) ;
#2881 = EDGE_CURVE ( 'NONE', #1737, #2627, #1689, .T. ) ;
#2882 = ORIENTED_EDGE ( 'NONE', *, *, #2303, .T. ) ;
#2883 = FACE_OUTER_BOUND ( 'NONE', #2221, .T. ) ;
#2884 = DIRECTION ( 'NONE',  ( -0.000000000000000000, 0.4999999999999971689, -0.8660254037844402619 ) ) ;
#2885 = EDGE_CURVE ( 'NONE', #3142, #3754, #3700, .T. ) ;
#2886 = ORIENTED_EDGE ( 'NONE', *, *, #500, .T. ) ;
#2887 = DIRECTION ( 'NONE',  ( 0.000000000000000000, 0.4999999999999976130, -0.8660254037844399289 ) ) ;
#2888 = LINE ( 'NONE', #1161, #1492 ) ;
#2889 = ORIENTED_EDGE ( 'NONE', *, *, #3781, .T. ) ;
#2890 = AXIS2_PLACEMENT_3D ( 'NONE', #2271, #1876, #4355 ) ;
#2891 = VECTOR ( 'NONE', #2511, 1000.000000000000000 ) ;
#2892 = CARTESIAN_POINT ( 'NONE',  ( 2.000000000000001776, 81.67661090932671186, -13.00000000000000000 ) ) ;
#2893 = CARTESIAN_POINT ( 'NONE',  ( 150.0000000000000000, 51.67661090932671186, -13.00000000000000000 ) ) ;
#2894 = ORIENTED_EDGE ( 'NONE', *, *, #3975, .T. ) ;
#2895 = DIRECTION ( 'NONE',  ( 0.000000000000000000, 0.8660254037844414832, 0.4999999999999950595 ) ) ;
#2896 = ORIENTED_EDGE ( 'NONE', *, *, #3368, .T. ) ;
#2897 = CARTESIAN_POINT ( 'NONE',  ( 150.0000000000000000, 139.2746871206799710, -28.82050807568881012 ) ) ;
#2898 = CARTESIAN_POINT ( 'NONE',  ( 0.000000000000000000, 151.6766109093266550, -30.32050807568879947 ) ) ;
#2899 = VECTOR ( 'NONE', #2619, 1000.000000000000000 ) ;
#2900 = ADVANCED_FACE ( 'NONE', ( #1260 ), #3773, .F. ) ;
#2901 = EDGE_CURVE ( 'NONE', #1542, #3337, #2622, .T. ) ;
#2902 = DIRECTION ( 'NONE',  ( 0.000000000000000000, -0.4999999999999993894, 0.8660254037844390407 ) ) ;
#2903 = VERTEX_POINT ( 'NONE', #2339 ) ;
#2904 =( LENGTH_UNIT ( ) NAMED_UNIT ( * ) SI_UNIT ( .MILLI., .METRE. ) );
#2905 = ORIENTED_EDGE ( 'NONE', *, *, #1914, .T. ) ;
#2906 = CARTESIAN_POINT ( 'NONE',  ( 0.000000000000000000, 0.000000000000000000, -35.00000000000000000 ) ) ;
#2907 = AXIS2_PLACEMENT_3D ( 'NONE', #4146, #2707, #2051 ) ;
#2908 = CARTESIAN_POINT ( 'NONE',  ( 150.0000000000000000, 64.27468712067998524, -28.82050807568881368 ) ) ;
#2909 = ORIENTED_EDGE ( 'NONE', *, *, #3509, .T. ) ;
#2910 = ADVANCED_FACE ( 'NONE', ( #3380 ), #935, .F. ) ;
#2911 = VECTOR ( 'NONE', #786, 1000.000000000000000 ) ;
#2912 = FACE_OUTER_BOUND ( 'NONE', #253, .T. ) ;
#2913 = VERTEX_POINT ( 'NONE', #1967 ) ;
#2914 = FACE_OUTER_BOUND ( 'NONE', #4435, .T. ) ;
#2915 = CARTESIAN_POINT ( 'NONE',  ( 150.0000000000000000, 154.2746871206799995, -28.82050807568880657 ) ) ;
#2916 = ORIENTED_EDGE ( 'NONE', *, *, #2114, .T. ) ;
#2917 = PRODUCT_RELATED_PRODUCT_CATEGORY ( 'part', '', ( #1721 ) ) ;
#2918 = LINE ( 'NONE', #512, #1701 ) ;
#2919 = CARTESIAN_POINT ( 'NONE',  ( 6.400000000000082956, 149.0000000000000284, -40.00000000000000711 ) ) ;
#2920 = ORIENTED_EDGE ( 'NONE', *, *, #1341, .F. ) ;
#2921 = LINE ( 'NONE', #3286, #699 ) ;
#2922 = LINE ( 'NONE', #85, #2517 ) ;
#2923 = CARTESIAN_POINT ( 'NONE',  ( 0.000000000000000000, 34.27468712067999235, -28.82050807568883144 ) ) ;
#2924 = PLANE ( 'NONE',  #210 ) ;
#2925 = DIRECTION ( 'NONE',  ( 0.000000000000000000, 0.8660254037844414832, 0.4999999999999950595 ) ) ;
#2926 = EDGE_CURVE ( 'NONE', #3643, #4064, #3557, .T. ) ;
#2927 =( NAMED_UNIT ( * ) PLANE_ANGLE_UNIT ( ) SI_UNIT ( $, .RADIAN. ) );
#2928 = VERTEX_POINT ( 'NONE', #2031 ) ;
#2929 = EDGE_LOOP ( 'NONE', ( #2341, #3572 ) ) ;
#2930 = VECTOR ( 'NONE', #4208, 1000.000000000000114 ) ;
#2931 = DIRECTION ( 'NONE',  ( -1.000000000000000000, 0.000000000000000000, 0.000000000000000000 ) ) ;
#2932 = DIRECTION ( 'NONE',  ( 0.000000000000000000, -0.4999999999999976130, 0.8660254037844399289 ) ) ;
#2933 = VERTEX_POINT ( 'NONE', #2644 ) ;
#2934 = LINE ( 'NONE', #806, #3724 ) ;
#2935 = PRODUCT_DEFINITION_FORMATION_WITH_SPECIFIED_SOURCE ( 'ANY', '', #1721, .NOT_KNOWN. ) ;
#2936 = VECTOR ( 'NONE', #3059, 1000.000000000000000 ) ;
#2937 = CARTESIAN_POINT ( 'NONE',  ( 0.000000000000000000, 79.27468712067998524, -28.82050807568881012 ) ) ;
#2938 = VERTEX_POINT ( 'NONE', #2708 ) ;
#2939 = CARTESIAN_POINT ( 'NONE',  ( 150.0000000000000000, 91.67661090932665502, -30.32050807568879947 ) ) ;
#2940 = EDGE_CURVE ( 'NONE', #1833, #4256, #3727, .T. ) ;
#2941 = ORIENTED_EDGE ( 'NONE', *, *, #2809, .F. ) ;
#2942 = CARTESIAN_POINT ( 'NONE',  ( 38.99999999999997868, 2.000000000000001776, 0.000000000000000000 ) ) ;
#2943 = LINE ( 'NONE', #2893, #4514 ) ;
#2944 = ORIENTED_EDGE ( 'NONE', *, *, #3027, .F. ) ;
#2945 = PLANE ( 'NONE',  #2890 ) ;
#2946 = ORIENTED_EDGE ( 'NONE', *, *, #1755, .T. ) ;
#2947 = EDGE_CURVE ( 'NONE', #2068, #2984, #1599, .T. ) ;
#2948 = CARTESIAN_POINT ( 'NONE',  ( 54.00000000000000000, 165.0000000000000000, -2.000000000000000000 ) ) ;
#2949 = CARTESIAN_POINT ( 'NONE',  ( 2.000000000000000000, 134.7983178519306193, 52.31084795450221492 ) ) ;
#2950 = CARTESIAN_POINT ( 'NONE',  ( 2.000000000000000000, 165.0000000000000000, -2.000000000000000000 ) ) ;
#2951 = ADVANCED_FACE ( 'NONE', ( #3333 ), #1240, .F. ) ;
#2952 = DIRECTION ( 'NONE',  ( 0.000000000000000000, 0.000000000000000000, 1.000000000000000000 ) ) ;
#2953 = ORIENTED_EDGE ( 'NONE', *, *, #1841, .F. ) ;
#2954 = DIRECTION ( 'NONE',  ( -0.000000000000000000, -0.000000000000000000, 1.000000000000000000 ) ) ;
#2955 = AXIS2_PLACEMENT_3D ( 'NONE', #841, #2514, #428 ) ;
#2956 = FACE_OUTER_BOUND ( 'NONE', #2325, .T. ) ;
#2957 = ORIENTED_EDGE ( 'NONE', *, *, #2266, .F. ) ;
#2958 = ORIENTED_EDGE ( 'NONE', *, *, #91, .F. ) ;
#2959 = EDGE_CURVE ( 'NONE', #310, #2105, #4055, .T. ) ;
#2960 = CARTESIAN_POINT ( 'NONE',  ( 55.99999999999999289, 154.2746871206799995, -28.82050807568880657 ) ) ;
#2961 = EDGE_LOOP ( 'NONE', ( #4308, #1022, #779, #2706 ) ) ;
#2962 = DIRECTION ( 'NONE',  ( 0.000000000000000000, -0.8660254037844389297, -0.4999999999999993339 ) ) ;
#2963 = EDGE_LOOP ( 'NONE', ( #1603, #764, #621, #1102 ) ) ;
#2964 = CARTESIAN_POINT ( 'NONE',  ( 9.149999999999970157, 41.24999999999999289, -1.000000000000000000 ) ) ;
#2965 = ORIENTED_EDGE ( 'NONE', *, *, #3293, .F. ) ;
#2966 = DIRECTION ( 'NONE',  ( 0.000000000000000000, 0.4999999999999976130, -0.8660254037844399289 ) ) ;
#2967 = EDGE_LOOP ( 'NONE', ( #949, #2825, #3675, #1655 ) ) ;
#2968 = CARTESIAN_POINT ( 'NONE',  ( 0.000000000000000000, 165.0000000000000000, -35.00000000000000000 ) ) ;
#2969 = DIRECTION ( 'NONE',  ( 0.000000000000000000, -0.4999999999999973910, 0.8660254037844401509 ) ) ;
#2970 = EDGE_CURVE ( 'NONE', #4064, #3643, #2751, .T. ) ;
#2971 = DIRECTION ( 'NONE',  ( 0.000000000000000000, -0.8660254037844389297, -0.4999999999999993339 ) ) ;
#2972 = DIRECTION ( 'NONE',  ( 0.000000000000000000, -0.8660254037844414832, -0.4999999999999950595 ) ) ;
#2973 = ORIENTED_EDGE ( 'NONE', *, *, #3864, .F. ) ;
#2974 = DIRECTION ( 'NONE',  ( -1.000000000000000000, -0.000000000000000000, -0.000000000000000000 ) ) ;
#2975 = AXIS2_PLACEMENT_3D ( 'NONE', #4179, #2079, #750 ) ;
#2976 = ADVANCED_FACE ( 'NONE', ( #1621 ), #1989, .T. ) ;
#2977 = VECTOR ( 'NONE', #4303, 1000.000000000000000 ) ;
#2978 = DIRECTION ( 'NONE',  ( 0.000000000000000000, 0.000000000000000000, -1.000000000000000000 ) ) ;
#2979 = CARTESIAN_POINT ( 'NONE',  ( 2.000000000000000000, 159.7983178519307899, 9.009577765279990658 ) ) ;
#2980 = ORIENTED_EDGE ( 'NONE', *, *, #3575, .F. ) ;
#2981 = B_SPLINE_CURVE_WITH_KNOTS ( 'NONE', 3,
 ( #3808, #1106, #3900, #4231, #2745, #757, #2775, #343, #659, #3199 ),
 .UNSPECIFIED., .F., .F.,
 ( 4, 2, 2, 2, 4 ),
 ( -8.944271910616826359E-06, 0.001019331502940732954, 0.002047607277792082639, 0.003075883052643432324, 0.004104158827494782009 ),
 .UNSPECIFIED. ) ;
#2982 = DIRECTION ( 'NONE',  ( 1.000000000000000000, -2.168404344971006896E-16, 0.000000000000000000 ) ) ;
#2983 = EDGE_CURVE ( 'NONE', #2750, #3481, #4104, .T. ) ;
#2984 = VERTEX_POINT ( 'NONE', #3750 ) ;
#2985 = DIRECTION ( 'NONE',  ( -0.000000000000000000, -0.000000000000000000, -1.000000000000000000 ) ) ;
#2986 = CIRCLE ( 'NONE', #2621, 1.400000000000001910 ) ;
#2987 = DIRECTION ( 'NONE',  ( 0.000000000000000000, 0.4999999999999976130, -0.8660254037844399289 ) ) ;
#2988 = LINE ( 'NONE', #1261, #3847 ) ;
#2989 = ORIENTED_EDGE ( 'NONE', *, *, #2165, .F. ) ;
#2990 = DIRECTION ( 'NONE',  ( 0.000000000000000000, 0.000000000000000000, -1.000000000000000000 ) ) ;
#2991 = VERTEX_POINT ( 'NONE', #2009 ) ;
#2992 = LINE ( 'NONE', #4014, #1167 ) ;
#2993 = DIRECTION ( 'NONE',  ( 1.000000000000000000, 0.000000000000000000, 0.000000000000000000 ) ) ;
#2994 = VECTOR ( 'NONE', #3018, 1000.000000000000114 ) ;
#2995 = FACE_OUTER_BOUND ( 'NONE', #3249, .T. ) ;
#2996 = CARTESIAN_POINT ( 'NONE',  ( 150.0000000000000000, 141.6766109093267119, -12.99999999999999822 ) ) ;
#2997 = ORIENTED_EDGE ( 'NONE', *, *, #1773, .F. ) ;
#2998 = FACE_OUTER_BOUND ( 'NONE', #1744, .T. ) ;
#2999 = EDGE_CURVE ( 'NONE', #560, #859, #3047, .T. ) ;
#3000 = CARTESIAN_POINT ( 'NONE',  ( 0.000000000000000000, 64.27468712067999945, -28.82050807568881368 ) ) ;
#3001 = ORIENTED_EDGE ( 'NONE', *, *, #2940, .F. ) ;
#3002 = EDGE_CURVE ( 'NONE', #1939, #2747, #4503, .T. ) ;
#3003 = EDGE_CURVE ( 'NONE', #3693, #4266, #3842, .T. ) ;
#3004 = ORIENTED_EDGE ( 'NONE', *, *, #1914, .F. ) ;
#3005 = CARTESIAN_POINT ( 'NONE',  ( 0.000000000000000000, 94.27468712067998524, -28.82050807568881012 ) ) ;
#3006 = CARTESIAN_POINT ( 'NONE',  ( 150.0000000000000000, 129.2746871206800279, -11.49999999999999289 ) ) ;
#3007 = DIRECTION ( 'NONE',  ( 0.000000000000000000, 0.4999999999999950595, -0.8660254037844414832 ) ) ;
#3008 = AXIS2_PLACEMENT_3D ( 'NONE', #1318, #2007, #4438 ) ;
#3009 = CARTESIAN_POINT ( 'NONE',  ( 150.0000000000000000, 94.27468712067998524, -28.82050807568881012 ) ) ;
#3010 = CARTESIAN_POINT ( 'NONE',  ( 2.000000000000000000, 156.0483178519308751, 15.50476829366323450 ) ) ;
#3011 = ORIENTED_EDGE ( 'NONE', *, *, #506, .F. ) ;
#3012 = DIRECTION ( 'NONE',  ( 0.000000000000000000, -0.4999999999999993894, 0.8660254037844390407 ) ) ;
#3013 = ORIENTED_EDGE ( 'NONE', *, *, #4167, .F. ) ;
#3014 = VERTEX_POINT ( 'NONE', #1756 ) ;
#3015 = EDGE_CURVE ( 'NONE', #15, #3945, #2824, .T. ) ;
#3016 = PLANE ( 'NONE',  #717 ) ;
#3017 = PLANE ( 'NONE',  #161 ) ;
#3018 = DIRECTION ( 'NONE',  ( 0.000000000000000000, -0.4999999999999976130, 0.8660254037844399289 ) ) ;
#3019 = DIRECTION ( 'NONE',  ( -0.000000000000000000, 1.000000000000000000, -0.000000000000000000 ) ) ;
#3020 = ORIENTED_EDGE ( 'NONE', *, *, #2821, .F. ) ;
#3021 = DIRECTION ( 'NONE',  ( 1.000000000000000000, 0.000000000000000000, 0.000000000000000000 ) ) ;
#3022 = EDGE_LOOP ( 'NONE', ( #1307, #730, #331, #3020 ) ) ;
#3023 = CARTESIAN_POINT ( 'NONE',  ( 150.0000000000000000, 39.27468712068003498, -11.49999999999999467 ) ) ;
#3024 = DIRECTION ( 'NONE',  ( 0.000000000000000000, 0.8660254037844414832, 0.4999999999999950595 ) ) ;
#3025 = DIRECTION ( 'NONE',  ( 0.000000000000000000, 0.4999999999999973910, -0.8660254037844401509 ) ) ;
#3026 = CIRCLE ( 'NONE', #3172, 1.650000000000000355 ) ;
#3027 = EDGE_CURVE ( 'NONE', #255, #1778, #3815, .T. ) ;
#3028 = CARTESIAN_POINT ( 'NONE',  ( 0.000000000000000000, 165.0000000000000000, -2.000000000000000000 ) ) ;
#3029 = ORIENTED_EDGE ( 'NONE', *, *, #1856, .T. ) ;
#3030 = CARTESIAN_POINT ( 'NONE',  ( 2.000000000000000000, 167.2983178519306762, -3.980803291486505913 ) ) ;
#3031 = ORIENTED_EDGE ( 'NONE', *, *, #2842, .T. ) ;
#3032 = ORIENTED_EDGE ( 'NONE', *, *, #419, .T. ) ;
#3033 = PLANE ( 'NONE',  #1630 ) ;
#3034 = LINE ( 'NONE', #4449, #3898 ) ;
#3035 = ORIENTED_EDGE ( 'NONE', *, *, #3357, .T. ) ;
#3036 = EDGE_CURVE ( 'NONE', #1500, #1048, #1343, .T. ) ;
#3037 = VECTOR ( 'NONE', #64, 1000.000000000000000 ) ;
#3038 = AXIS2_PLACEMENT_3D ( 'NONE', #2871, #2553, #3958 ) ;
#3039 = VERTEX_POINT ( 'NONE', #4148 ) ;
#3040 = ORIENTED_EDGE ( 'NONE', *, *, #1183, .F. ) ;
#3041 = VECTOR ( 'NONE', #97, 1000.000000000000000 ) ;
#3042 = DIRECTION ( 'NONE',  ( 0.000000000000000000, -0.8660254037844414832, -0.4999999999999950595 ) ) ;
#3043 = CARTESIAN_POINT ( 'NONE',  ( 0.000000000000000000, 0.000000000000000000, 3.000000000000000000 ) ) ;
#3044 = DIRECTION ( 'NONE',  ( 0.000000000000000000, -0.8660254037844390407, -0.4999999999999993894 ) ) ;
#3045 = DIRECTION ( 'NONE',  ( 1.000000000000000000, 0.000000000000000000, 0.000000000000000000 ) ) ;
#3046 = EDGE_CURVE ( 'NONE', #1778, #2488, #13, .T. ) ;
#3047 = LINE ( 'NONE', #719, #3257 ) ;
#3048 = VERTEX_POINT ( 'NONE', #1363 ) ;
#3049 = ORIENTED_EDGE ( 'NONE', *, *, #2603, .T. ) ;
#3050 = DIRECTION ( 'NONE',  ( -0.000000000000000000, -0.000000000000000000, -1.000000000000000000 ) ) ;
#3051 = VECTOR ( 'NONE', #2106, 1000.000000000000000 ) ;
#3052 = ORIENTED_EDGE ( 'NONE', *, *, #2628, .T. ) ;
#3053 = VECTOR ( 'NONE', #4484, 1000.000000000000000 ) ;
#3054 = EDGE_LOOP ( 'NONE', ( #2480, #3474, #903, #4320 ) ) ;
#3055 = EDGE_CURVE ( 'NONE', #1059, #1194, #3442, .T. ) ;
#3056 = VECTOR ( 'NONE', #203, 1000.000000000000000 ) ;
#3057 = VECTOR ( 'NONE', #2188, 1000.000000000000000 ) ;
#3058 = DIRECTION ( 'NONE',  ( 1.000000000000000000, 0.000000000000000000, 0.000000000000000000 ) ) ;
#3059 = DIRECTION ( 'NONE',  ( -1.000000000000000000, -0.000000000000000000, -0.000000000000000000 ) ) ;
#3060 = PLANE ( 'NONE',  #1375 ) ;
#3061 = DIRECTION ( 'NONE',  ( -0.000000000000000000, 0.4999999999999972800, -0.8660254037844401509 ) ) ;
#3062 = ORIENTED_EDGE ( 'NONE', *, *, #1543, .T. ) ;
#3063 = ADVANCED_FACE ( 'NONE', ( #4485 ), #3463, .F. ) ;
#3064 = DIRECTION ( 'NONE',  ( 0.000000000000000000, 0.000000000000000000, 1.000000000000000000 ) ) ;
#3065 = ORIENTED_EDGE ( 'NONE', *, *, #3823, .T. ) ;
#3066 = ORIENTED_EDGE ( 'NONE', *, *, #863, .T. ) ;
#3067 = DIRECTION ( 'NONE',  ( -0.000000000000000000, -0.000000000000000000, -1.000000000000000000 ) ) ;
#3068 = LINE ( 'NONE', #1597, #2366 ) ;
#3069 = DIRECTION ( 'NONE',  ( -0.000000000000000000, -0.000000000000000000, -1.000000000000000000 ) ) ;
#3070 = PLANE ( 'NONE',  #4025 ) ;
#3071 = PLANE ( 'NONE',  #4165 ) ;
#3072 = ORIENTED_EDGE ( 'NONE', *, *, #3629, .F. ) ;
#3073 = VECTOR ( 'NONE', #1812, 1000.000000000000000 ) ;
#3074 = CARTESIAN_POINT ( 'NONE',  ( 54.00000000000000000, 134.7983178519306193, 52.31084795450221492 ) ) ;
#3075 = VERTEX_POINT ( 'NONE', #2421 ) ;
#3076 = ORIENTED_EDGE ( 'NONE', *, *, #598, .F. ) ;
#3077 = AXIS2_PLACEMENT_3D ( 'NONE', #801, #1485, #2876 ) ;
#3078 = CYLINDRICAL_SURFACE ( 'NONE', #1333, 1.649999999999998579 ) ;
#3079 = EDGE_CURVE ( 'NONE', #2938, #2928, #3865, .T. ) ;
#3080 = DIRECTION ( 'NONE',  ( -1.000000000000000000, 0.000000000000000000, 0.000000000000000000 ) ) ;
#3081 = EDGE_CURVE ( 'NONE', #3955, #4136, #3795, .T. ) ;
#3082 = CARTESIAN_POINT ( 'NONE',  ( 54.00000000000000000, 157.2983178519305625, 13.33970478420251204 ) ) ;
#3083 = ORIENTED_EDGE ( 'NONE', *, *, #43, .F. ) ;
#3084 = DIRECTION ( 'NONE',  ( 0.000000000000000000, -0.4999999999999976130, 0.8660254037844399289 ) ) ;
#3085 = ORIENTED_EDGE ( 'NONE', *, *, #478, .T. ) ;
#3086 = EDGE_CURVE ( 'NONE', #4333, #2425, #3625, .T. ) ;
#3087 = LINE ( 'NONE', #902, #2840 ) ;
#3088 = ORIENTED_EDGE ( 'NONE', *, *, #3368, .F. ) ;
#3089 = EDGE_LOOP ( 'NONE', ( #4456, #430, #4083, #3013 ) ) ;
#3090 = CARTESIAN_POINT ( 'NONE',  ( 55.99999999999999289, 24.27468712068003853, -11.49999999999999467 ) ) ;
#3091 = APPLICATION_PROTOCOL_DEFINITION ( 'draft international standard', 'automotive_design', 1998, #4243 ) ;
#3092 = CARTESIAN_POINT ( 'NONE',  ( 2.000000000000000000, 146.0483178519305909, 32.82527636935236615 ) ) ;
#3093 = FACE_OUTER_BOUND ( 'NONE', #1624, .T. ) ;
#3094 = EDGE_CURVE ( 'NONE', #2430, #4228, #309, .T. ) ;
#3095 = CARTESIAN_POINT ( 'NONE',  ( 150.0000000000000000, 79.27468712067998524, -28.82050807568881012 ) ) ;
#3096 = ORIENTED_EDGE ( 'NONE', *, *, #2999, .T. ) ;
#3097 = DIRECTION ( 'NONE',  ( 1.000000000000000000, 0.000000000000000000, 0.000000000000000000 ) ) ;
#3098 = EDGE_LOOP ( 'NONE', ( #2573, #225 ) ) ;
#3099 = VECTOR ( 'NONE', #1808, 1000.000000000000000 ) ;
#3100 = VERTEX_POINT ( 'NONE', #3886 ) ;
#3101 = DIRECTION ( 'NONE',  ( 0.000000000000000000, 0.000000000000000000, 1.000000000000000000 ) ) ;
#3102 = FACE_BOUND ( 'NONE', #1814, .T. ) ;
#3103 = ORIENTED_EDGE ( 'NONE', *, *, #500, .F. ) ;
#3104 = DIRECTION ( 'NONE',  ( -0.000000000000000000, -0.000000000000000000, -1.000000000000000000 ) ) ;
#3105 = ORIENTED_EDGE ( 'NONE', *, *, #3391, .F. ) ;
#3106 = DIRECTION ( 'NONE',  ( 0.000000000000000000, 0.000000000000000000, 1.000000000000000000 ) ) ;
#3107 = EDGE_LOOP ( 'NONE', ( #20, #2053, #3774, #3105 ) ) ;
#3108 = LINE ( 'NONE', #2108, #2434 ) ;
#3109 = FACE_OUTER_BOUND ( 'NONE', #2804, .T. ) ;
#3110 = VECTOR ( 'NONE', #2104, 1000.000000000000000 ) ;
#3111 = ORIENTED_EDGE ( 'NONE', *, *, #1615, .T. ) ;
#3112 = AXIS2_PLACEMENT_3D ( 'NONE', #3897, #1352, #3525 ) ;
#3113 = AXIS2_PLACEMENT_3D ( 'NONE', #1804, #39, #676 ) ;
#3114 = CARTESIAN_POINT ( 'NONE',  ( 16.99999999999997868, 0.000000000000000000, -2.000000000000000000 ) ) ;
#3115 = LINE ( 'NONE', #1754, #918 ) ;
#3116 = VECTOR ( 'NONE', #2505, 1000.000000000000000 ) ;
#3117 = DIRECTION ( 'NONE',  ( -0.000000000000000000, 0.8660254037844394848, 0.4999999999999985012 ) ) ;
#3118 = EDGE_CURVE ( 'NONE', #3506, #310, #4526, .T. ) ;
#3119 = VECTOR ( 'NONE', #3757, 1000.000000000000227 ) ;
#3120 = DIRECTION ( 'NONE',  ( 1.261617073437677752E-16, 1.000000000000000000, -0.000000000000000000 ) ) ;
#3121 = ORIENTED_EDGE ( 'NONE', *, *, #4365, .F. ) ;
#3122 = DIRECTION ( 'NONE',  ( -0.000000000000000000, -0.000000000000000000, -1.000000000000000000 ) ) ;
#3123 = ORIENTED_EDGE ( 'NONE', *, *, #2194, .T. ) ;
#3124 = CARTESIAN_POINT ( 'NONE',  ( 54.00000000000000000, 165.0000000000000000, 0.000000000000000000 ) ) ;
#3125 = DIRECTION ( 'NONE',  ( 0.000000000000000000, -1.000000000000000000, 0.000000000000000000 ) ) ;
#3126 = CIRCLE ( 'NONE', #2907, 2.000000000000000000 ) ;
#3127 = DIRECTION ( 'NONE',  ( 0.000000000000000000, 0.4999999999999950595, -0.8660254037844414832 ) ) ;
#3128 = EDGE_LOOP ( 'NONE', ( #2762, #313, #3729, #2439 ) ) ;
#3129 = LINE ( 'NONE', #1398, #4085 ) ;
#3130 = ORIENTED_EDGE ( 'NONE', *, *, #3517, .F. ) ;
#3131 = CIRCLE ( 'NONE', #1976, 2.000000000000001776 ) ;
#3132 = CARTESIAN_POINT ( 'NONE',  ( 150.0000000000000000, 64.27468712067998524, -28.82050807568881368 ) ) ;
#3133 = EDGE_CURVE ( 'NONE', #1518, #1337, #2803, .T. ) ;
#3134 = DIRECTION ( 'NONE',  ( 0.000000000000000000, -0.8660254037844414832, -0.4999999999999950595 ) ) ;
#3135 = EDGE_LOOP ( 'NONE', ( #1367, #3423, #1253, #147 ) ) ;
#3136 = CARTESIAN_POINT ( 'NONE',  ( 54.00000000000000000, 94.27468712067999945, -28.82050807568879591 ) ) ;
#3137 = EDGE_CURVE ( 'NONE', #603, #2759, #669, .T. ) ;
#3138 =( NAMED_UNIT ( * ) SI_UNIT ( $, .STERADIAN. ) SOLID_ANGLE_UNIT ( ) );
#3139 = DIRECTION ( 'NONE',  ( -1.000000000000000000, 0.000000000000000000, 0.000000000000000000 ) ) ;
#3140 = CARTESIAN_POINT ( 'NONE',  ( 0.000000000000000000, 91.67661090932665502, -30.32050807568879947 ) ) ;
#3141 = CARTESIAN_POINT ( 'NONE',  ( 2.000000000000000000, 163.5483178519307330, 2.514387236896741928 ) ) ;
#3142 = VERTEX_POINT ( 'NONE', #4214 ) ;
#3143 = ORIENTED_EDGE ( 'NONE', *, *, #3307, .F. ) ;
#3144 = CARTESIAN_POINT ( 'NONE',  ( 0.000000000000000000, 91.67661090932665502, -30.32050807568879947 ) ) ;
#3145 = ORIENTED_EDGE ( 'NONE', *, *, #3848, .T. ) ;
#3146 = AXIS2_PLACEMENT_3D ( 'NONE', #1147, #133, #2331 ) ;
#3147 = LINE ( 'NONE', #4269, #3482 ) ;
#3148 = LINE ( 'NONE', #3565, #3921 ) ;
#3149 = ORIENTED_EDGE ( 'NONE', *, *, #1981, .F. ) ;
#3150 = CARTESIAN_POINT ( 'NONE',  ( 54.00000000000000000, 2.000000000000000000, -2.000000000000000000 ) ) ;
#3151 = ORIENTED_EDGE ( 'NONE', *, *, #2885, .T. ) ;
#3152 = VECTOR ( 'NONE', #2251, 1000.000000000000000 ) ;
#3153 = ADVANCED_FACE ( 'NONE', ( #2441 ), #3071, .F. ) ;
#3154 = CARTESIAN_POINT ( 'NONE',  ( 40.99999999999997868, 0.000000000000000000, 3.000000000000000000 ) ) ;
#3155 = CARTESIAN_POINT ( 'NONE',  ( 38.99999999999997868, 2.000000000000001776, -2.000000000000000000 ) ) ;
#3156 = VERTEX_POINT ( 'NONE', #1387 ) ;
#3157 = VERTEX_POINT ( 'NONE', #2782 ) ;
#3158 = CARTESIAN_POINT ( 'NONE',  ( 150.0000000000000000, 34.27468712067999235, -28.82050807568881368 ) ) ;
#3159 = APPLICATION_PROTOCOL_DEFINITION ( 'draft international standard', 'automotive_design', 1998, #3287 ) ;
#3160 = ORIENTED_EDGE ( 'NONE', *, *, #1208, .F. ) ;
#3161 = EDGE_CURVE ( 'NONE', #4175, #2933, #4194, .T. ) ;
#3162 = DIRECTION ( 'NONE',  ( 0.000000000000000000, -0.8660254037844400399, -0.4999999999999976685 ) ) ;
#3163 = ORIENTED_EDGE ( 'NONE', *, *, #1773, .T. ) ;
#3164 = CARTESIAN_POINT ( 'NONE',  ( 0.000000000000000000, 109.2746871206799852, -28.82050807568881012 ) ) ;
#3165 = ORIENTED_EDGE ( 'NONE', *, *, #1810, .T. ) ;
#3166 = EDGE_CURVE ( 'NONE', #3318, #3590, #416, .T. ) ;
#3167 = FACE_BOUND ( 'NONE', #838, .T. ) ;
#3168 = CARTESIAN_POINT ( 'NONE',  ( 49.14999999999997016, 123.7500000000000000, -1.000000000000000000 ) ) ;
#3169 = EDGE_LOOP ( 'NONE', ( #1751, #1286, #1079, #3753 ) ) ;
#3170 = AXIS2_PLACEMENT_3D ( 'NONE', #535, #2311, #1211 ) ;
#3171 = LINE ( 'NONE', #3454, #3580 ) ;
#3172 = AXIS2_PLACEMENT_3D ( 'NONE', #3982, #2269, #862 ) ;
#3173 = FACE_BOUND ( 'NONE', #4504, .T. ) ;
#3174 = ADVANCED_FACE ( 'NONE', ( #3208, #3555, #1546, #856, #55, #2166, #2866, #4324, #2912 ), #3279, .F. ) ;
#3175 = EDGE_LOOP ( 'NONE', ( #4472, #1344, #3031, #661 ) ) ;
#3176 = EDGE_CURVE ( 'NONE', #517, #4211, #3561, .T. ) ;
#3177 = ORIENTED_EDGE ( 'NONE', *, *, #3079, .F. ) ;
#3178 = DIRECTION ( 'NONE',  ( -1.000000000000000000, -0.000000000000000000, -0.000000000000000000 ) ) ;
#3179 = ADVANCED_FACE ( 'NONE', ( #1209 ), #1867, .F. ) ;
#3180 = EDGE_LOOP ( 'NONE', ( #2279, #3488, #1100, #3812 ) ) ;
#3181 = LINE ( 'NONE', #2844, #3940 ) ;
#3182 = VECTOR ( 'NONE', #4528, 1000.000000000000000 ) ;
#3183 = CARTESIAN_POINT ( 'NONE',  ( 45.84999999999997300, 123.7500000000000000, -1.000000000000000000 ) ) ;
#3184 = ORIENTED_EDGE ( 'NONE', *, *, #2240, .F. ) ;
#3185 = AXIS2_PLACEMENT_3D ( 'NONE', #889, #602, #536 ) ;
#3186 = FACE_BOUND ( 'NONE', #3578, .T. ) ;
#3187 = ADVANCED_FACE ( 'NONE', ( #1452 ), #4280, .F. ) ;
#3188 = ORIENTED_EDGE ( 'NONE', *, *, #272, .F. ) ;
#3189 = VECTOR ( 'NONE', #1088, 1000.000000000000000 ) ;
#3190 = CARTESIAN_POINT ( 'NONE',  ( 150.0000000000000000, 99.27468712068004209, -11.49999999999999467 ) ) ;
#3191 = DIRECTION ( 'NONE',  ( 0.000000000000000000, 0.4999999999999973910, -0.8660254037844401509 ) ) ;
#3192 = EDGE_LOOP ( 'NONE', ( #2812, #1124, #780, #2169 ) ) ;
#3193 = CARTESIAN_POINT ( 'NONE',  ( 39.00000000000000000, 165.0000000000000000, -2.000000000000000000 ) ) ;
#3194 = ORIENTED_EDGE ( 'NONE', *, *, #3094, .T. ) ;
#3195 = LINE ( 'NONE', #3964, #415 ) ;
#3196 = VECTOR ( 'NONE', #1582, 1000.000000000000114 ) ;
#3197 = DIRECTION ( 'NONE',  ( -1.000000000000000000, 0.000000000000000000, 0.000000000000000000 ) ) ;
#3198 = EDGE_CURVE ( 'NONE', #852, #3361, #2030, .T. ) ;
#3199 = CARTESIAN_POINT ( 'NONE',  ( 41.00000000000000000, 165.0000000000000000, 1.464101615137753498 ) ) ;
#3200 = VECTOR ( 'NONE', #1221, 1000.000000000000000 ) ;
#3201 = ORIENTED_EDGE ( 'NONE', *, *, #1362, .T. ) ;
#3202 = EDGE_CURVE ( 'NONE', #674, #2350, #1892, .T. ) ;
#3203 = VECTOR ( 'NONE', #2613, 1000.000000000000000 ) ;
#3204 = FACE_BOUND ( 'NONE', #883, .T. ) ;
#3205 = VERTEX_POINT ( 'NONE', #2190 ) ;
#3206 = CARTESIAN_POINT ( 'NONE',  ( 15.00000000000000000, 165.0000000000000000, 2.000000000000000000 ) ) ;
#3207 = VECTOR ( 'NONE', #2324, 999.9999999999998863 ) ;
#3208 = FACE_BOUND ( 'NONE', #2546, .T. ) ;
#3209 = EDGE_LOOP ( 'NONE', ( #1930, #3072, #3160, #1276 ) ) ;
#3210 = LINE ( 'NONE', #1182, #4043 ) ;
#3211 = DIRECTION ( 'NONE',  ( 0.000000000000000000, -0.4999999999999976130, 0.8660254037844399289 ) ) ;
#3212 = ORIENTED_EDGE ( 'NONE', *, *, #1889, .F. ) ;
#3213 = LINE ( 'NONE', #1873, #4086 ) ;
#3214 = VERTEX_POINT ( 'NONE', #1133 ) ;
#3215 = DIRECTION ( 'NONE',  ( 0.000000000000000000, 0.000000000000000000, -1.000000000000000000 ) ) ;
#3216 = DIRECTION ( 'NONE',  ( 0.000000000000000000, 0.000000000000000000, -1.000000000000000000 ) ) ;
#3217 = EDGE_CURVE ( 'NONE', #2087, #2646, #2593, .T. ) ;
#3218 = DIRECTION ( 'NONE',  ( 0.000000000000000000, 0.8660254037844390407, 0.4999999999999993894 ) ) ;
#3219 = CARTESIAN_POINT ( 'NONE',  ( 39.00000000000000000, 165.0000000000000000, 0.000000000000000000 ) ) ;
#3220 = VECTOR ( 'NONE', #3745, 1000.000000000000000 ) ;
#3221 = VECTOR ( 'NONE', #2819, 1000.000000000000000 ) ;
#3222 = DIRECTION ( 'NONE',  ( 0.000000000000000000, -0.8660254037844400399, -0.4999999999999976685 ) ) ;
#3223 = ORIENTED_EDGE ( 'NONE', *, *, #987, .F. ) ;
#3224 = EDGE_CURVE ( 'NONE', #3514, #1497, #1795, .T. ) ;
#3225 = CARTESIAN_POINT ( 'NONE',  ( 51.00000000000008527, 149.0000000000000284, -30.00000000000000711 ) ) ;
#3226 = DIRECTION ( 'NONE',  ( -0.000000000000000000, 0.8660254037844403729, 0.4999999999999971689 ) ) ;
#3227 = ORIENTED_EDGE ( 'NONE', *, *, #2203, .T. ) ;
#3228 = CARTESIAN_POINT ( 'NONE',  ( 0.000000000000000000, 49.27468712067999235, -28.82050807568881368 ) ) ;
#3229 = ORIENTED_EDGE ( 'NONE', *, *, #2148, .F. ) ;
#3230 = DIRECTION ( 'NONE',  ( 0.000000000000000000, -0.8660254037844389297, -0.4999999999999993339 ) ) ;
#3231 = CYLINDRICAL_SURFACE ( 'NONE', #3841, 1.399999999999998579 ) ;
#3232 = EDGE_CURVE ( 'NONE', #3632, #2375, #1114, .T. ) ;
#3233 = ORIENTED_EDGE ( 'NONE', *, *, #1393, .F. ) ;
#3234 = CARTESIAN_POINT ( 'NONE',  ( 2.000000000000000000, 106.6766109093266408, -30.32050807568881012 ) ) ;
#3235 = LINE ( 'NONE', #124, #2796 ) ;
#3236 = DIRECTION ( 'NONE',  ( 0.000000000000000000, -1.000000000000000000, 0.000000000000000000 ) ) ;
#3237 = ORIENTED_EDGE ( 'NONE', *, *, #2029, .T. ) ;
#3238 = CARTESIAN_POINT ( 'NONE',  ( 56.00000000000000000, 133.2263692687494085, -18.34451425581916340 ) ) ;
#3239 = EDGE_LOOP ( 'NONE', ( #3149, #1567 ) ) ;
#3240 = DIRECTION ( 'NONE',  ( 1.000000000000000000, 0.000000000000000000, 0.000000000000000000 ) ) ;
#3241 = CARTESIAN_POINT ( 'NONE',  ( 51.00000000000008527, 19.00000000000000355, -35.00000000000000000 ) ) ;
#3242 = AXIS2_PLACEMENT_3D ( 'NONE', #3768, #1359, #1688 ) ;
#3243 = SURFACE_SIDE_STYLE ('',( #1907 ) ) ;
#3244 = EDGE_CURVE ( 'NONE', #1119, #3638, #1496, .T. ) ;
#3245 = EDGE_LOOP ( 'NONE', ( #2200, #465, #2578, #3829 ) ) ;
#3246 = VECTOR ( 'NONE', #477, 1000.000000000000114 ) ;
#3247 = DIRECTION ( 'NONE',  ( 0.000000000000000000, 0.000000000000000000, -1.000000000000000000 ) ) ;
#3248 = ADVANCED_FACE ( 'NONE', ( #3905 ), #2525, .F. ) ;
#3249 = EDGE_LOOP ( 'NONE', ( #791, #4188, #4131, #467 ) ) ;
#3250 = DIRECTION ( 'NONE',  ( 1.000000000000000000, 0.000000000000000000, 0.000000000000000000 ) ) ;
#3251 = ORIENTED_EDGE ( 'NONE', *, *, #2392, .F. ) ;
#3252 = DIRECTION ( 'NONE',  ( 0.000000000000000000, -0.4999999999999993894, 0.8660254037844390407 ) ) ;
#3253 = VERTEX_POINT ( 'NONE', #3581 ) ;
#3254 = VECTOR ( 'NONE', #318, 1000.000000000000000 ) ;
#3255 = CARTESIAN_POINT ( 'NONE',  ( 150.0000000000000000, 61.67661090932666212, -30.32050807568880302 ) ) ;
#3256 = EDGE_CURVE ( 'NONE', #1500, #2087, #436, .T. ) ;
#3257 = VECTOR ( 'NONE', #1069, 1000.000000000000114 ) ;
#3258 = DIRECTION ( 'NONE',  ( -1.000000000000000000, -0.000000000000000000, -0.000000000000000000 ) ) ;
#3259 = LINE ( 'NONE', #4329, #341 ) ;
#3260 = EDGE_LOOP ( 'NONE', ( #509, #3299, #3670, #772 ) ) ;
#3261 = CARTESIAN_POINT ( 'NONE',  ( 54.00000000000000000, 63.12829305739587937, -58.81565742611878989 ) ) ;
#3262 = EDGE_LOOP ( 'NONE', ( #2726, #3858, #2556, #1995 ) ) ;
#3263 = DIRECTION ( 'NONE',  ( 0.000000000000000000, 0.8660254037844390407, 0.4999999999999993894 ) ) ;
#3264 = VECTOR ( 'NONE', #2884, 1000.000000000000114 ) ;
#3265 = LINE ( 'NONE', #4039, #1016 ) ;
#3266 = LINE ( 'NONE', #4293, #1703 ) ;
#3267 = CARTESIAN_POINT ( 'NONE',  ( 54.00000000000000000, 146.0483178519305909, 32.82527636935236615 ) ) ;
#3268 = VERTEX_POINT ( 'NONE', #1158 ) ;
#3269 = ORIENTED_EDGE ( 'NONE', *, *, #547, .T. ) ;
#3270 = ADVANCED_FACE ( 'NONE', ( #2549 ), #3951, .F. ) ;
#3271 = DIRECTION ( 'NONE',  ( 1.000000000000000000, 0.000000000000000000, 0.000000000000000000 ) ) ;
#3272 = VECTOR ( 'NONE', #564, 1000.000000000000000 ) ;
#3273 = CARTESIAN_POINT ( 'NONE',  ( 2.000000000000000000, 76.97636926874922381, -50.82046689773547143 ) ) ;
#3274 = DIRECTION ( 'NONE',  ( 0.000000000000000000, 0.4999999999999973910, -0.8660254037844401509 ) ) ;
#3275 = AXIS2_PLACEMENT_3D ( 'NONE', #181, #1605, #495 ) ;
#3276 = CIRCLE ( 'NONE', #2415, 1.399999999999998579 ) ;
#3277 = EDGE_CURVE ( 'NONE', #4530, #3889, #2538, .T. ) ;
#3278 = EDGE_CURVE ( 'NONE', #1430, #1568, #4393, .T. ) ;
#3279 = PLANE ( 'NONE',  #3862 ) ;
#3280 = DIRECTION ( 'NONE',  ( 0.000000000000000000, 0.4999999999999972800, -0.8660254037844401509 ) ) ;
#3281 = ORIENTED_EDGE ( 'NONE', *, *, #1104, .F. ) ;
#3282 = DIRECTION ( 'NONE',  ( -1.261617073437677752E-16, -1.000000000000000000, 0.000000000000000000 ) ) ;
#3283 = LINE ( 'NONE', #444, #1441 ) ;
#3284 = CYLINDRICAL_SURFACE ( 'NONE', #840, 1.399999999999998579 ) ;
#3285 = ORIENTED_EDGE ( 'NONE', *, *, #2999, .F. ) ;
#3286 = CARTESIAN_POINT ( 'NONE',  ( 5.849999999999971223, 82.49999999999998579, -1.000000000000000000 ) ) ;
#3287 = APPLICATION_CONTEXT ( 'automotive_design' ) ;
#3288 = LINE ( 'NONE', #2178, #737 ) ;
#3289 = DIRECTION ( 'NONE',  ( -0.000000000000000000, 0.000000000000000000, 1.000000000000000000 ) ) ;
#3290 = CARTESIAN_POINT ( 'NONE',  ( 2.000000000000000000, 142.2983178519305909, 39.32046689773564907 ) ) ;
#3291 = CARTESIAN_POINT ( 'NONE',  ( 2.000000000000001776, 129.2746871206800279, -11.49999999999999289 ) ) ;
#3292 = EDGE_LOOP ( 'NONE', ( #324, #2163, #2465, #2848 ) ) ;
#3293 = EDGE_CURVE ( 'NONE', #4390, #1541, #4416, .T. ) ;
#3294 = ADVANCED_FACE ( 'NONE', ( #2334 ), #1296, .F. ) ;
#3295 = VECTOR ( 'NONE', #3282, 1000.000000000000000 ) ;
#3296 = DIRECTION ( 'NONE',  ( -1.000000000000000000, 0.000000000000000000, 0.000000000000000000 ) ) ;
#3297 = PLANE ( 'NONE',  #3772 ) ;
#3298 = ORIENTED_EDGE ( 'NONE', *, *, #3217, .F. ) ;
#3299 = ORIENTED_EDGE ( 'NONE', *, *, #905, .T. ) ;
#3300 = VECTOR ( 'NONE', #553, 1000.000000000000000 ) ;
#3301 = AXIS2_PLACEMENT_3D ( 'NONE', #3241, #4040, #2205 ) ;
#3302 = CARTESIAN_POINT ( 'NONE',  ( 54.00000000000000000, 108.1282930573960499, -32.83489531258570082 ) ) ;
#3303 = DIRECTION ( 'NONE',  ( 0.000000000000000000, -0.8660254037844400399, -0.4999999999999976685 ) ) ;
#3304 = ORIENTED_EDGE ( 'NONE', *, *, #867, .T. ) ;
#3305 = EDGE_CURVE ( 'NONE', #1601, #3836, #556, .T. ) ;
#3306 = LINE ( 'NONE', #3587, #554 ) ;
#3307 = EDGE_CURVE ( 'NONE', #3597, #728, #4458, .T. ) ;
#3308 = DIRECTION ( 'NONE',  ( 0.000000000000000000, 0.000000000000000000, 1.000000000000000000 ) ) ;
#3309 = ORIENTED_EDGE ( 'NONE', *, *, #662, .F. ) ;
#3310 = CARTESIAN_POINT ( 'NONE',  ( 53.99999999999999289, 81.67661090932671186, -13.00000000000000000 ) ) ;
#3311 = ORIENTED_EDGE ( 'NONE', *, *, #1477, .T. ) ;
#3312 = CARTESIAN_POINT ( 'NONE',  ( 0.000000000000000000, 163.0000000000000000, -40.00000000000000000 ) ) ;
#3313 = EDGE_CURVE ( 'NONE', #728, #255, #532, .T. ) ;
#3314 = DIRECTION ( 'NONE',  ( 0.000000000000000000, 1.000000000000000000, 1.734723475976805517E-15 ) ) ;
#3315 = LINE ( 'NONE', #2632, #4274 ) ;
#3316 = EDGE_LOOP ( 'NONE', ( #2953, #978, #1592, #3788 ) ) ;
#3317 = CARTESIAN_POINT ( 'NONE',  ( 41.00000000000000000, 165.0000000000000000, 3.000000000000000000 ) ) ;
#3318 = VERTEX_POINT ( 'NONE', #1569 ) ;
#3319 = EDGE_CURVE ( 'NONE', #1194, #4256, #1275, .T. ) ;
#3320 = CARTESIAN_POINT ( 'NONE',  ( 0.000000000000000000, 163.0000000000000000, -2.000000000000000000 ) ) ;
#3321 = DIRECTION ( 'NONE',  ( 0.000000000000000000, -0.4999999999999993894, 0.8660254037844390407 ) ) ;
#3322 = VERTEX_POINT ( 'NONE', #3743 ) ;
#3323 = CIRCLE ( 'NONE', #3170, 1.649999999999991696 ) ;
#3324 = ORIENTED_EDGE ( 'NONE', *, *, #4335, .F. ) ;
#3325 = DIRECTION ( 'NONE',  ( 0.000000000000000000, 0.000000000000000000, 1.000000000000000000 ) ) ;
#3326 = CYLINDRICAL_SURFACE ( 'NONE', #1887, 1.399999999999998579 ) ;
#3327 = ORIENTED_EDGE ( 'NONE', *, *, #1801, .F. ) ;
#3328 = FACE_OUTER_BOUND ( 'NONE', #3175, .T. ) ;
#3329 = CARTESIAN_POINT ( 'NONE',  ( 45.84999999999997300, 41.24999999999999289, 3.000000000000000000 ) ) ;
#3330 = ORIENTED_EDGE ( 'NONE', *, *, #2347, .T. ) ;
#3331 = DIRECTION ( 'NONE',  ( -1.000000000000000000, -0.000000000000000000, -0.000000000000000000 ) ) ;
#3332 = EDGE_CURVE ( 'NONE', #1391, #3876, #2255, .T. ) ;
#3333 = FACE_OUTER_BOUND ( 'NONE', #1339, .T. ) ;
#3334 = VERTEX_POINT ( 'NONE', #2960 ) ;
#3335 = AXIS2_PLACEMENT_3D ( 'NONE', #3844, #1454, #2423 ) ;
#3336 = DIRECTION ( 'NONE',  ( 0.000000000000000000, -0.8660254037844389297, -0.4999999999999993339 ) ) ;
#3337 = VERTEX_POINT ( 'NONE', #4119 ) ;
#3338 = DIRECTION ( 'NONE',  ( 0.000000000000000000, 0.8660254037844394848, 0.4999999999999985012 ) ) ;
#3339 = VECTOR ( 'NONE', #3535, 1000.000000000000000 ) ;
#3340 = FACE_OUTER_BOUND ( 'NONE', #1062, .T. ) ;
#3341 = ADVANCED_FACE ( 'NONE', ( #4368 ), #3326, .F. ) ;
#3342 = CARTESIAN_POINT ( 'NONE',  ( 54.00000000000000000, 163.0000000000000000, -40.00000000000000000 ) ) ;
#3343 = EDGE_CURVE ( 'NONE', #3638, #1376, #257, .T. ) ;
#3344 = CARTESIAN_POINT ( 'NONE',  ( 55.99999999999999289, 49.27468712067999235, -28.82050807568881368 ) ) ;
#3345 = AXIS2_PLACEMENT_3D ( 'NONE', #2261, #1822, #3646 ) ;
#3346 = EDGE_LOOP ( 'NONE', ( #2500, #3088, #1507, #1159 ) ) ;
#3347 = AXIS2_PLACEMENT_3D ( 'NONE', #2862, #3617, #4278 ) ;
#3348 = ADVANCED_FACE ( 'NONE', ( #4072 ), #2681, .T. ) ;
#3349 = CARTESIAN_POINT ( 'NONE',  ( 7.499999999999969802, 41.24999999999999289, -1.000000000000000000 ) ) ;
#3350 = EDGE_LOOP ( 'NONE', ( #1231, #3465, #3717, #3032 ) ) ;
#3351 = VERTEX_POINT ( 'NONE', #1616 ) ;
#3352 = DIRECTION ( 'NONE',  ( 0.000000000000000000, -0.4999999999999973910, 0.8660254037844401509 ) ) ;
#3353 = ORIENTED_EDGE ( 'NONE', *, *, #4400, .F. ) ;
#3354 = CYLINDRICAL_SURFACE ( 'NONE', #3008, 1.649999999999999467 ) ;
#3355 = CARTESIAN_POINT ( 'NONE',  ( 5.000000000000084377, 149.0000000000000284, -30.00000000000000711 ) ) ;
#3356 = VECTOR ( 'NONE', #3338, 1000.000000000000000 ) ;
#3357 = EDGE_CURVE ( 'NONE', #3334, #100, #4049, .T. ) ;
#3358 = VECTOR ( 'NONE', #3134, 1000.000000000000000 ) ;
#3359 = CARTESIAN_POINT ( 'NONE',  ( 7.499999999999971578, 82.49999999999998579, 3.000000000000000000 ) ) ;
#3360 = CARTESIAN_POINT ( 'NONE',  ( 47.49999999999996447, 41.24999999999999289, 3.000000000000000000 ) ) ;
#3361 = VERTEX_POINT ( 'NONE', #951 ) ;
#3362 = CARTESIAN_POINT ( 'NONE',  ( 9.149999999999971934, 82.49999999999998579, 3.000000000000000000 ) ) ;
#3363 = ORIENTED_EDGE ( 'NONE', *, *, #4139, .F. ) ;
#3364 = PLANE ( 'NONE',  #2187 ) ;
#3365 = DIRECTION ( 'NONE',  ( -1.000000000000000000, -0.000000000000000000, -0.000000000000000000 ) ) ;
#3366 = ORIENTED_EDGE ( 'NONE', *, *, #4385, .F. ) ;
#3367 = LINE ( 'NONE', #1635, #2994 ) ;
#3368 = EDGE_CURVE ( 'NONE', #3924, #89, #2006, .T. ) ;
#3369 = CARTESIAN_POINT ( 'NONE',  ( 54.00000000000000000, 165.0000000000000000, -35.00000000000000000 ) ) ;
#3370 = VERTEX_POINT ( 'NONE', #2377 ) ;
#3371 = ORIENTED_EDGE ( 'NONE', *, *, #3569, .F. ) ;
#3372 = EDGE_CURVE ( 'NONE', #2627, #2350, #3394, .T. ) ;
#3373 = VECTOR ( 'NONE', #2833, 999.9999999999998863 ) ;
#3374 = CARTESIAN_POINT ( 'NONE',  ( 7.499999999999969802, 41.24999999999999289, -1.000000000000000000 ) ) ;
#3375 = DIRECTION ( 'NONE',  ( 0.000000000000000000, -0.4999999999999993894, 0.8660254037844390407 ) ) ;
#3376 = DIRECTION ( 'NONE',  ( -0.000000000000000000, -0.000000000000000000, -1.000000000000000000 ) ) ;
#3377 = VERTEX_POINT ( 'NONE', #3674 ) ;
#3378 = AXIS2_PLACEMENT_3D ( 'NONE', #4245, #3892, #749 ) ;
#3379 = FACE_OUTER_BOUND ( 'NONE', #948, .T. ) ;
#3380 = FACE_OUTER_BOUND ( 'NONE', #992, .T. ) ;
#3381 = LINE ( 'NONE', #537, #1219 ) ;
#3382 = EDGE_CURVE ( 'NONE', #1805, #540, #193, .T. ) ;
#3383 = ORIENTED_EDGE ( 'NONE', *, *, #1585, .F. ) ;
#3384 = DIRECTION ( 'NONE',  ( 0.000000000000000000, 0.4999999999999950595, -0.8660254037844414832 ) ) ;
#3385 = ORIENTED_EDGE ( 'NONE', *, *, #1329, .T. ) ;
#3386 = ORIENTED_EDGE ( 'NONE', *, *, #2471, .F. ) ;
#3387 = DIRECTION ( 'NONE',  ( 1.000000000000000000, 0.000000000000000000, 0.000000000000000000 ) ) ;
#3388 = CARTESIAN_POINT ( 'NONE',  ( 0.000000000000000000, 69.27468712068004209, -11.49999999999999467 ) ) ;
#3389 = ORIENTED_EDGE ( 'NONE', *, *, #2476, .T. ) ;
#3390 = DIRECTION ( 'NONE',  ( 1.000000000000000000, 0.000000000000000000, 0.000000000000000000 ) ) ;
#3391 = EDGE_CURVE ( 'NONE', #2189, #4228, #2307, .T. ) ;
#3392 = VERTEX_POINT ( 'NONE', #3090 ) ;
#3393 = ORIENTED_EDGE ( 'NONE', *, *, #2004, .F. ) ;
#3394 = LINE ( 'NONE', #507, #1152 ) ;
#3395 = DIRECTION ( 'NONE',  ( -0.000000000000000000, -0.000000000000000000, 1.000000000000000000 ) ) ;
#3396 = DIRECTION ( 'NONE',  ( -0.000000000000000000, 0.000000000000000000, 1.000000000000000000 ) ) ;
#3397 = DIRECTION ( 'NONE',  ( 0.000000000000000000, -0.8660254037844400399, -0.4999999999999976685 ) ) ;
#3398 = VECTOR ( 'NONE', #4388, 1000.000000000000000 ) ;
#3399 = DIRECTION ( 'NONE',  ( 0.000000000000000000, -0.8660254037844414832, -0.4999999999999950595 ) ) ;
#3400 = ORIENTED_EDGE ( 'NONE', *, *, #4276, .F. ) ;
#3401 = DIRECTION ( 'NONE',  ( -0.000000000000000000, 0.8660254037844389297, 0.4999999999999993339 ) ) ;
#3402 = ORIENTED_EDGE ( 'NONE', *, *, #2004, .T. ) ;
#3403 = ORIENTED_EDGE ( 'NONE', *, *, #974, .T. ) ;
#3404 = EDGE_CURVE ( 'NONE', #3817, #3539, #2822, .T. ) ;
#3405 = DIRECTION ( 'NONE',  ( 0.000000000000000000, 0.000000000000000000, 1.000000000000000000 ) ) ;
#3406 = DIRECTION ( 'NONE',  ( 1.000000000000000000, 0.000000000000000000, 0.000000000000000000 ) ) ;
#3407 = CARTESIAN_POINT ( 'NONE',  ( 0.000000000000000000, 99.27468712068004209, -11.49999999999999467 ) ) ;
#3408 = CARTESIAN_POINT ( 'NONE',  ( 38.99999999999997868, 2.000000000000001776, 2.000000000000000000 ) ) ;
#3409 = VECTOR ( 'NONE', #2587, 1000.000000000000114 ) ;
#3410 = VECTOR ( 'NONE', #3911, 1000.000000000000000 ) ;
#3411 = DIRECTION ( 'NONE',  ( 0.000000000000000000, 0.8660254037844414832, 0.4999999999999950595 ) ) ;
#3412 = ORIENTED_EDGE ( 'NONE', *, *, #3435, .F. ) ;
#3413 = EDGE_LOOP ( 'NONE', ( #1969, #1406, #2673, #3251 ) ) ;
#3414 = AXIS2_PLACEMENT_3D ( 'NONE', #2752, #4166, #1338 ) ;
#3415 = CARTESIAN_POINT ( 'NONE',  ( 150.0000000000000000, 54.27468712068003498, -11.49999999999999467 ) ) ;
#3416 = CARTESIAN_POINT ( 'NONE',  ( 49.14999999999997016, 123.7500000000000000, -1.000000000000000000 ) ) ;
#3417 = DIRECTION ( 'NONE',  ( 0.000000000000000000, -0.4999999999999976130, 0.8660254037844399289 ) ) ;
#3418 = CARTESIAN_POINT ( 'NONE',  ( 54.00000000000000000, 144.4763692687494654, -11.84932372743589468 ) ) ;
#3419 = ADVANCED_FACE ( 'NONE', ( #665 ), #2778, .F. ) ;
#3420 = DIRECTION ( 'NONE',  ( 1.000000000000000000, 0.000000000000000000, 0.000000000000000000 ) ) ;
#3421 = VERTEX_POINT ( 'NONE', #3136 ) ;
#3422 = CARTESIAN_POINT ( 'NONE',  ( 0.000000000000000000, 94.27468712067998524, -28.82050807568881012 ) ) ;
#3423 = ORIENTED_EDGE ( 'NONE', *, *, #3806, .T. ) ;
#3424 = VECTOR ( 'NONE', #1574, 1000.000000000000000 ) ;
#3425 = ORIENTED_EDGE ( 'NONE', *, *, #2229, .F. ) ;
#3426 = TOROIDAL_SURFACE ( 'NONE', #4531, 4.000000000000000000, 2.000000000000000000 ) ;
#3427 = ADVANCED_FACE ( 'NONE', ( #1774 ), #1408, .F. ) ;
#3428 = AXIS2_PLACEMENT_3D ( 'NONE', #4068, #3064, #1982 ) ;
#3429 = DIRECTION ( 'NONE',  ( 0.000000000000000000, 0.000000000000000000, 1.000000000000000000 ) ) ;
#3430 = CARTESIAN_POINT ( 'NONE',  ( 16.75870227636436383, 165.0000000000000284, -1.758701673390684839 ) ) ;
#3431 = EDGE_LOOP ( 'NONE', ( #4082, #2723 ) ) ;
#3432 = CARTESIAN_POINT ( 'NONE',  ( 45.84999999999997300, 82.49999999999998579, -1.000000000000000000 ) ) ;
#3433 = VERTEX_POINT ( 'NONE', #3810 ) ;
#3434 = CARTESIAN_POINT ( 'NONE',  ( 56.00000000000000000, 63.12829305739587937, -58.81565742611878989 ) ) ;
#3435 = EDGE_CURVE ( 'NONE', #1601, #3351, #641, .T. ) ;
#3436 = DIRECTION ( 'NONE',  ( -1.000000000000000000, -0.000000000000000000, -0.000000000000000000 ) ) ;
#3437 = ORIENTED_EDGE ( 'NONE', *, *, #3560, .T. ) ;
#3438 = CARTESIAN_POINT ( 'NONE',  ( 33.85857157145713359, 2.000000000000000000, -38.00000000000000000 ) ) ;
#3439 = DIRECTION ( 'NONE',  ( 0.000000000000000000, 0.4999999999999950595, -0.8660254037844414832 ) ) ;
#3440 = ORIENTED_EDGE ( 'NONE', *, *, #1800, .F. ) ;
#3441 = CYLINDRICAL_SURFACE ( 'NONE', #1750, 1.649999999999991696 ) ;
#3442 = LINE ( 'NONE', #1411, #3859 ) ;
#3443 = VERTEX_POINT ( 'NONE', #2395 ) ;
#3444 = AXIS2_PLACEMENT_3D ( 'NONE', #2939, #2551, #3977 ) ;
#3445 = AXIS2_PLACEMENT_3D ( 'NONE', #68, #405, #4254 ) ;
#3446 = DIRECTION ( 'NONE',  ( 0.000000000000000000, -0.8660254037844400399, -0.4999999999999976685 ) ) ;
#3447 = ORIENTED_EDGE ( 'NONE', *, *, #1727, .F. ) ;
#3448 = VECTOR ( 'NONE', #293, 999.9999999999998863 ) ;
#3449 = DIRECTION ( 'NONE',  ( 1.000000000000000000, 0.000000000000000000, 0.000000000000000000 ) ) ;
#3450 = CARTESIAN_POINT ( 'NONE',  ( 2.000000000000001776, 79.27468712067998524, -28.82050807568881012 ) ) ;
#3451 = PLANE ( 'NONE',  #4520 ) ;
#3452 = EDGE_LOOP ( 'NONE', ( #3447, #3776, #1181, #3425 ) ) ;
#3453 = EDGE_CURVE ( 'NONE', #1711, #637, #28, .T. ) ;
#3454 = CARTESIAN_POINT ( 'NONE',  ( 0.000000000000000000, 165.0000000000000000, 3.000000000000000000 ) ) ;
#3455 = ORIENTED_EDGE ( 'NONE', *, *, #2303, .F. ) ;
#3456 = PLANE ( 'NONE',  #1528 ) ;
#3457 = ORIENTED_EDGE ( 'NONE', *, *, #6, .T. ) ;
#3458 = ORIENTED_EDGE ( 'NONE', *, *, #996, .F. ) ;
#3459 = EDGE_CURVE ( 'NONE', #2375, #3377, #4380, .T. ) ;
#3460 = CARTESIAN_POINT ( 'NONE',  ( 53.99999999999999289, 111.6766109093267119, -12.99999999999999822 ) ) ;
#3461 = LINE ( 'NONE', #327, #2309 ) ;
#3462 = DIRECTION ( 'NONE',  ( 0.000000000000000000, 1.000000000000000000, 0.000000000000000000 ) ) ;
#3463 = PLANE ( 'NONE',  #629 ) ;
#3464 = EDGE_LOOP ( 'NONE', ( #319, #306, #344, #3513 ) ) ;
#3465 = ORIENTED_EDGE ( 'NONE', *, *, #4532, .F. ) ;
#3466 = CARTESIAN_POINT ( 'NONE',  ( 0.000000000000000000, 124.2746871206799852, -28.82050807568881012 ) ) ;
#3467 = EDGE_LOOP ( 'NONE', ( #3229, #2666, #4046, #1690 ) ) ;
#3468 = ORIENTED_EDGE ( 'NONE', *, *, #186, .F. ) ;
#3469 = VECTOR ( 'NONE', #1252, 1000.000000000000000 ) ;
#3470 = EDGE_CURVE ( 'NONE', #1432, #1311, #4144, .T. ) ;
#3471 = CARTESIAN_POINT ( 'NONE',  ( 5.000000000000084377, 19.00000000000000355, -40.00000000000000711 ) ) ;
#3472 = DIRECTION ( 'NONE',  ( -0.000000000000000000, -0.000000000000000000, -1.000000000000000000 ) ) ;
#3473 = PLANE ( 'NONE',  #550 ) ;
#3474 = ORIENTED_EDGE ( 'NONE', *, *, #4436, .T. ) ;
#3475 = CARTESIAN_POINT ( 'NONE',  ( 150.0000000000000000, 99.27468712068004209, -11.49999999999999467 ) ) ;
#3476 = ORIENTED_EDGE ( 'NONE', *, *, #3224, .T. ) ;
#3477 = EDGE_CURVE ( 'NONE', #3836, #1601, #274, .T. ) ;
#3478 = LINE ( 'NONE', #1724, #664 ) ;
#3479 = ORIENTED_EDGE ( 'NONE', *, *, #2559, .T. ) ;
#3480 = VECTOR ( 'NONE', #1170, 1000.000000000000114 ) ;
#3481 = VERTEX_POINT ( 'NONE', #1706 ) ;
#3482 = VECTOR ( 'NONE', #2408, 1000.000000000000000 ) ;
#3483 = CARTESIAN_POINT ( 'NONE',  ( 0.000000000000000000, 163.0000000000000000, -2.000000000000000000 ) ) ;
#3484 = DIRECTION ( 'NONE',  ( 0.000000000000000000, -0.8660254037844400399, -0.4999999999999976685 ) ) ;
#3485 = VECTOR ( 'NONE', #3696, 1000.000000000000114 ) ;
#3486 = DIRECTION ( 'NONE',  ( 0.000000000000000000, -0.8660254037844414832, -0.4999999999999950595 ) ) ;
#3487 = CARTESIAN_POINT ( 'NONE',  ( 2.000000000000000000, 174.7983178519305056, -16.97118434825297228 ) ) ;
#3488 = ORIENTED_EDGE ( 'NONE', *, *, #762, .F. ) ;
#3489 = VERTEX_POINT ( 'NONE', #4236 ) ;
#3490 = CYLINDRICAL_SURFACE ( 'NONE', #3747, 10.00000000000000178 ) ;
#3491 = CARTESIAN_POINT ( 'NONE',  ( 150.0000000000000000, 34.27468712067999235, -28.82050807568881368 ) ) ;
#3492 = EDGE_CURVE ( 'NONE', #2496, #1568, #2800, .T. ) ;
#3493 = EDGE_LOOP ( 'NONE', ( #4170, #33, #2596, #2296, #1127, #1212 ) ) ;
#3494 = DIRECTION ( 'NONE',  ( 0.000000000000000000, 0.000000000000000000, -1.000000000000000000 ) ) ;
#3495 = VECTOR ( 'NONE', #3117, 1000.000000000000114 ) ;
#3496 = CARTESIAN_POINT ( 'NONE',  ( 49.14999999999995595, 41.24999999999999289, -1.000000000000000000 ) ) ;
#3497 = ORIENTED_EDGE ( 'NONE', *, *, #1084, .T. ) ;
#3498 = CARTESIAN_POINT ( 'NONE',  ( 2.000000000000001776, 94.27468712067998524, -28.82050807568881012 ) ) ;
#3499 = EDGE_LOOP ( 'NONE', ( #230, #4200, #2493, #4005 ) ) ;
#3500 = TOROIDAL_SURFACE ( 'NONE', #357, 4.000000000000000000, 2.000000000000000000 ) ;
#3501 = AXIS2_PLACEMENT_3D ( 'NONE', #1959, #2329, #2655 ) ;
#3502 = CARTESIAN_POINT ( 'NONE',  ( 53.99999999999999289, 36.67661090932671186, -13.00000000000000000 ) ) ;
#3503 = ORIENTED_EDGE ( 'NONE', *, *, #547, .F. ) ;
#3504 = CARTESIAN_POINT ( 'NONE',  ( 56.00000000000000000, 144.7983178519311309, 34.99033987881296781 ) ) ;
#3505 = VERTEX_POINT ( 'NONE', #2049 ) ;
#3506 = VERTEX_POINT ( 'NONE', #3438 ) ;
#3507 = DIRECTION ( 'NONE',  ( -1.000000000000000000, -0.000000000000000000, -0.000000000000000000 ) ) ;
#3508 = CARTESIAN_POINT ( 'NONE',  ( 150.0000000000000000, 46.67661090932666212, -30.32050807568880302 ) ) ;
#3509 = EDGE_CURVE ( 'NONE', #2828, #1169, #1514, .T. ) ;
#3510 = ORIENTED_EDGE ( 'NONE', *, *, #1722, .F. ) ;
#3511 = CARTESIAN_POINT ( 'NONE',  ( 150.0000000000000000, 96.67661090932671186, -13.00000000000000000 ) ) ;
#3512 = DIRECTION ( 'NONE',  ( 0.000000000000000000, 0.4999999999999971134, -0.8660254037844402619 ) ) ;
#3513 = ORIENTED_EDGE ( 'NONE', *, *, #3055, .F. ) ;
#3514 = VERTEX_POINT ( 'NONE', #993 ) ;
#3515 = FACE_OUTER_BOUND ( 'NONE', #1171, .T. ) ;
#3516 = ORIENTED_EDGE ( 'NONE', *, *, #707, .F. ) ;
#3517 = EDGE_CURVE ( 'NONE', #3961, #1497, #4521, .T. ) ;
#3518 = VECTOR ( 'NONE', #1027, 1000.000000000000000 ) ;
#3519 = CYLINDRICAL_SURFACE ( 'NONE', #3378, 1.649999999999998579 ) ;
#3520 = CARTESIAN_POINT ( 'NONE',  ( 0.000000000000000000, 165.0000000000000000, -40.00000000000000000 ) ) ;
#3521 = EDGE_CURVE ( 'NONE', #4455, #123, #1382, .T. ) ;
#3522 = CARTESIAN_POINT ( 'NONE',  ( 150.0000000000000000, 111.6766109093267119, -12.99999999999999822 ) ) ;
#3523 = VERTEX_POINT ( 'NONE', #3483 ) ;
#3524 = AXIS2_PLACEMENT_3D ( 'NONE', #3991, #874, #526 ) ;
#3525 = DIRECTION ( 'NONE',  ( 0.000000000000000000, -0.4999999999999971134, 0.8660254037844402619 ) ) ;
#3526 = CIRCLE ( 'NONE', #1116, 1.400000000000001910 ) ;
#3527 = FACE_BOUND ( 'NONE', #1176, .T. ) ;
#3528 = CARTESIAN_POINT ( 'NONE',  ( 53.99999999999999289, 106.6766109093266550, -30.32050807568879947 ) ) ;
#3529 = EDGE_LOOP ( 'NONE', ( #1533, #3400, #4117, #1131 ) ) ;
#3530 = ORIENTED_EDGE ( 'NONE', *, *, #4385, .T. ) ;
#3531 = DIRECTION ( 'NONE',  ( -0.000000000000000000, -0.000000000000000000, -1.000000000000000000 ) ) ;
#3532 = PRODUCT_CONTEXT ( 'NONE', #3287, 'mechanical' ) ;
#3533 = LINE ( 'NONE', #1821, #3799 ) ;
#3534 = PRODUCT_DEFINITION ( 'UNKNOWN', '', #2935, #2267 ) ;
#3535 = DIRECTION ( 'NONE',  ( -1.000000000000000000, -0.000000000000000000, -0.000000000000000000 ) ) ;
#3536 = EDGE_LOOP ( 'NONE', ( #2859, #2132 ) ) ;
#3537 = FACE_BOUND ( 'NONE', #4414, .T. ) ;
#3538 = DIRECTION ( 'NONE',  ( -0.000000000000000000, 0.8660254037844401509, 0.4999999999999973910 ) ) ;
#3539 = VERTEX_POINT ( 'NONE', #3460 ) ;
#3540 = DIRECTION ( 'NONE',  ( -1.000000000000000000, -0.000000000000000000, -0.000000000000000000 ) ) ;
#3541 = FACE_BOUND ( 'NONE', #3762, .T. ) ;
#3542 = EDGE_LOOP ( 'NONE', ( #128, #4196 ) ) ;
#3543 = LINE ( 'NONE', #677, #2462 ) ;
#3544 = ORIENTED_EDGE ( 'NONE', *, *, #1962, .T. ) ;
#3545 = CIRCLE ( 'NONE', #1575, 1.399999999999998579 ) ;
#3546 = DIRECTION ( 'NONE',  ( 0.000000000000000000, -0.4999999999999976130, 0.8660254037844399289 ) ) ;
#3547 = CARTESIAN_POINT ( 'NONE',  ( 41.00000000000000000, 165.0000000000000000, 3.000000000000000000 ) ) ;
#3548 = DIRECTION ( 'NONE',  ( 0.000000000000000000, -0.4999999999999976130, 0.8660254037844399289 ) ) ;
#3549 = ORIENTED_EDGE ( 'NONE', *, *, #1801, .T. ) ;
#3550 = VECTOR ( 'NONE', #3050, 1000.000000000000000 ) ;
#3551 = PLANE ( 'NONE',  #785 ) ;
#3552 = ORIENTED_EDGE ( 'NONE', *, *, #1378, .T. ) ;
#3553 = LINE ( 'NONE', #1090, #4176 ) ;
#3554 = VECTOR ( 'NONE', #1142, 1000.000000000000114 ) ;
#3555 = FACE_BOUND ( 'NONE', #2384, .T. ) ;
#3556 = ORIENTED_EDGE ( 'NONE', *, *, #567, .T. ) ;
#3557 = CIRCLE ( 'NONE', #855, 1.650000000000000355 ) ;
#3558 = LINE ( 'NONE', #1524, #160 ) ;
#3559 = VERTEX_POINT ( 'NONE', #325 ) ;
#3560 = EDGE_CURVE ( 'NONE', #58, #3421, #4212, .T. ) ;
#3561 = CIRCLE ( 'NONE', #3345, 1.399999999999998579 ) ;
#3562 = FACE_OUTER_BOUND ( 'NONE', #971, .T. ) ;
#3563 = CARTESIAN_POINT ( 'NONE',  ( 2.000000000000000000, 65.72636926874918117, -57.31565742611873304 ) ) ;
#3564 = VERTEX_POINT ( 'NONE', #713 ) ;
#3565 = CARTESIAN_POINT ( 'NONE',  ( 52.40000000000008384, 149.0000000000000284, -30.00000000000000711 ) ) ;
#3566 = AXIS2_PLACEMENT_3D ( 'NONE', #66, #4334, #1462 ) ;
#3567 = EDGE_LOOP ( 'NONE', ( #1676, #1626 ) ) ;
#3568 = CARTESIAN_POINT ( 'NONE',  ( 0.000000000000000000, 0.000000000000000000, -40.00000000000000000 ) ) ;
#3569 = EDGE_CURVE ( 'NONE', #5, #2656, #3917, .T. ) ;
#3570 = DIRECTION ( 'NONE',  ( 0.000000000000000000, 0.8660254037844390407, 0.4999999999999993894 ) ) ;
#3571 = FACE_OUTER_BOUND ( 'NONE', #4464, .T. ) ;
#3572 = ORIENTED_EDGE ( 'NONE', *, *, #1738, .F. ) ;
#3573 = AXIS2_PLACEMENT_3D ( 'NONE', #4406, #1268, #2651 ) ;
#3574 = ORIENTED_EDGE ( 'NONE', *, *, #2520, .T. ) ;
#3575 = EDGE_CURVE ( 'NONE', #562, #808, #3902, .T. ) ;
#3576 = FACE_BOUND ( 'NONE', #1074, .T. ) ;
#3577 = DIRECTION ( 'NONE',  ( -1.000000000000000000, 0.000000000000000000, 0.000000000000000000 ) ) ;
#3578 = EDGE_LOOP ( 'NONE', ( #3971, #4056, #1758, #805 ) ) ;
#3579 = LINE ( 'NONE', #4347, #794 ) ;
#3580 = VECTOR ( 'NONE', #2083, 1000.000000000000000 ) ;
#3581 = CARTESIAN_POINT ( 'NONE',  ( 6.400000000000086509, 60.00000000000000711, -40.00000000000000711 ) ) ;
#3582 = ORIENTED_EDGE ( 'NONE', *, *, #2456, .T. ) ;
#3583 = DIRECTION ( 'NONE',  ( 0.000000000000000000, -0.4999999999999993894, 0.8660254037844390407 ) ) ;
#3584 = CARTESIAN_POINT ( 'NONE',  ( 51.00000000000008527, 60.00000000000000711, -30.00000000000000711 ) ) ;
#3585 = EDGE_LOOP ( 'NONE', ( #2614, #2397, #770, #1073 ) ) ;
#3586 = LINE ( 'NONE', #1598, #1246 ) ;
#3587 = CARTESIAN_POINT ( 'NONE',  ( 54.00000000000000000, 165.0000000000000000, -35.00000000000000000 ) ) ;
#3588 = ORIENTED_EDGE ( 'NONE', *, *, #2005, .T. ) ;
#3589 = CARTESIAN_POINT ( 'NONE',  ( 2.000000000000001776, 154.2746871206799995, -28.82050807568880657 ) ) ;
#3590 = VERTEX_POINT ( 'NONE', #1108 ) ;
#3591 = LINE ( 'NONE', #3986, #2412 ) ;
#3592 = DIRECTION ( 'NONE',  ( 0.000000000000000000, 0.8660254037844414832, 0.4999999999999950595 ) ) ;
#3593 = VECTOR ( 'NONE', #2974, 1000.000000000000000 ) ;
#3594 = VECTOR ( 'NONE', #4395, 1000.000000000000000 ) ;
#3595 = AXIS2_PLACEMENT_3D ( 'NONE', #3755, #335, #3449 ) ;
#3596 = DIRECTION ( 'NONE',  ( 0.000000000000000000, 0.4999999999999950595, -0.8660254037844414832 ) ) ;
#3597 = VERTEX_POINT ( 'NONE', #476 ) ;
#3598 = PLANE ( 'NONE',  #1964 ) ;
#3599 = CARTESIAN_POINT ( 'NONE',  ( 41.00000000000000000, 165.0000000000000000, 3.000000000000000000 ) ) ;
#3600 = ADVANCED_FACE ( 'NONE', ( #92 ), #1448, .F. ) ;
#3601 = EDGE_LOOP ( 'NONE', ( #1956, #1734, #3869, #3281 ) ) ;
#3602 = DIRECTION ( 'NONE',  ( -0.000000000000000000, 0.4999999999999973355, -0.8660254037844402619 ) ) ;
#3603 = VERTEX_POINT ( 'NONE', #1489 ) ;
#3604 = CARTESIAN_POINT ( 'NONE',  ( 52.40000000000008384, 60.00000000000000711, -40.00000000000000711 ) ) ;
#3605 = VERTEX_POINT ( 'NONE', #2564 ) ;
#3606 = DIRECTION ( 'NONE',  ( -0.000000000000000000, -0.000000000000000000, -1.000000000000000000 ) ) ;
#3607 = LINE ( 'NONE', #464, #1082 ) ;
#3608 = ORIENTED_EDGE ( 'NONE', *, *, #73, .F. ) ;
#3609 = LINE ( 'NONE', #3238, #3480 ) ;
#3610 = CARTESIAN_POINT ( 'NONE',  ( 56.00000000000000000, 76.97636926874922381, -50.82046689773547143 ) ) ;
#3611 = EDGE_CURVE ( 'NONE', #175, #3805, #2101, .T. ) ;
#3612 = PLANE ( 'NONE',  #16 ) ;
#3613 = CLOSED_SHELL ( 'NONE', ( #1515, #4476, #4473, #4497, #1560, #2001, #1623, #4115, #4302, #3341, #645, #31, #658, #2146, #4244, #2208, #2662, #3903, #2338, #3174, #1948, #4127, #2976, #2499, #3995, #1860, #3660, #4253, #1859, #329, #1692, #1434, #3600, #3777, #4209, #1817, #3718, #580, #1893, #3790, #1005, #843, #1865, #351, #298, #2063, #829, #1050, #36, #4111, #3942, #2389, #817, #1520, #291, #2041, #235, #2910, #4295, #4066, #3830, #3270, #2951, #1809, #2562, #2290, #1440, #4499, #1008, #3837, #2810, #487, #427, #90, #995, #3616, #3427, #3673, #4065, #4147, #1200, #346, #3419, #131, #3248, #3963, #3759, #3063, #2349, #919, #4301, #4360, #712, #990, #4265, #3187, #1640, #3294, #2900, #12, #2426, #1975, #1234, #4002, #453, #105, #3153, #396, #3712, #23, #4234, #1521, #229, #2575, #2643, #4048, #261, #2254, #922, #3689, #2663, #2259, #1904, #1301, #1353, #679, #747, #2086, #614, #1175, #3733, #1129, #1828, #1417, #2142, #3179, #321, #60, #3348 ) ) ;
#3614 = ORIENTED_EDGE ( 'NONE', *, *, #3232, .T. ) ;
#3615 = EDGE_CURVE ( 'NONE', #3901, #3156, #1153, .T. ) ;
#3616 = ADVANCED_FACE ( 'NONE', ( #2880 ), #3922, .F. ) ;
#3617 = DIRECTION ( 'NONE',  ( -0.000000000000000000, 0.8660254037844402619, 0.4999999999999973355 ) ) ;
#3618 = DIRECTION ( 'NONE',  ( 0.000000000000000000, 0.4999999999999976130, -0.8660254037844399289 ) ) ;
#3619 = ORIENTED_EDGE ( 'NONE', *, *, #1784, .F. ) ;
#3620 = CARTESIAN_POINT ( 'NONE',  ( 150.0000000000000000, 154.2746871206799995, -28.82050807568880657 ) ) ;
#3621 = LINE ( 'NONE', #4306, #1472 ) ;
#3622 = CARTESIAN_POINT ( 'NONE',  ( 0.000000000000000000, 163.0000000000000000, 0.000000000000000000 ) ) ;
#3623 = EDGE_LOOP ( 'NONE', ( #2973, #4218, #830, #2032 ) ) ;
#3624 = AXIS2_PLACEMENT_3D ( 'NONE', #839, #4377, #3631 ) ;
#3625 = CIRCLE ( 'NONE', #4235, 1.399999999999998579 ) ;
#3626 = CARTESIAN_POINT ( 'NONE',  ( 150.0000000000000000, 61.67661090932666212, -30.32050807568880302 ) ) ;
#3627 = CARTESIAN_POINT ( 'NONE',  ( 54.00000000000000000, 34.27468712067999235, -28.82050807568883144 ) ) ;
#3628 = DIRECTION ( 'NONE',  ( 0.000000000000000000, -0.8660254037844410391, -0.4999999999999958922 ) ) ;
#3629 = EDGE_CURVE ( 'NONE', #3100, #1061, #760, .T. ) ;
#3630 = EDGE_LOOP ( 'NONE', ( #2816, #2944, #4283, #278 ) ) ;
#3631 = DIRECTION ( 'NONE',  ( 0.000000000000000000, -0.4999999999999972800, 0.8660254037844401509 ) ) ;
#3632 = VERTEX_POINT ( 'NONE', #736 ) ;
#3633 = DIRECTION ( 'NONE',  ( 1.000000000000000000, 0.000000000000000000, 0.000000000000000000 ) ) ;
#3634 = DIRECTION ( 'NONE',  ( 0.000000000000000000, -0.8660254037844414832, -0.4999999999999950595 ) ) ;
#3635 = AXIS2_PLACEMENT_3D ( 'NONE', #3720, #575, #3021 ) ;
#3636 = CARTESIAN_POINT ( 'NONE',  ( 150.0000000000000000, 136.6766109093266550, -30.32050807568879947 ) ) ;
#3637 = CARTESIAN_POINT ( 'NONE',  ( 2.000000000000000000, 138.5483178519306193, 45.81565742611893910 ) ) ;
#3638 = VERTEX_POINT ( 'NONE', #411 ) ;
#3639 = CARTESIAN_POINT ( 'NONE',  ( 150.0000000000000000, 49.27468712067999235, -28.82050807568881368 ) ) ;
#3640 = CIRCLE ( 'NONE', #1972, 1.400000000000001910 ) ;
#3641 = DIRECTION ( 'NONE',  ( 1.000000000000000000, 0.000000000000000000, 0.000000000000000000 ) ) ;
#3642 = ORIENTED_EDGE ( 'NONE', *, *, #3885, .T. ) ;
#3643 = VERTEX_POINT ( 'NONE', #1792 ) ;
#3644 = LINE ( 'NONE', #75, #1381 ) ;
#3645 = AXIS2_PLACEMENT_3D ( 'NONE', #3255, #486, #3678 ) ;
#3646 = DIRECTION ( 'NONE',  ( -1.000000000000000000, 0.000000000000000000, 0.000000000000000000 ) ) ;
#3647 = EDGE_CURVE ( 'NONE', #1351, #5, #2230, .T. ) ;
#3648 = ORIENTED_EDGE ( 'NONE', *, *, #96, .F. ) ;
#3649 = CARTESIAN_POINT ( 'NONE',  ( 0.000000000000000000, 126.6766109093266977, -12.99999999999999822 ) ) ;
#3650 = FACE_OUTER_BOUND ( 'NONE', #4207, .T. ) ;
#3651 = ORIENTED_EDGE ( 'NONE', *, *, #1384, .F. ) ;
#3652 = CARTESIAN_POINT ( 'NONE',  ( 54.00000000000000000, 161.0483178519305625, 6.844514255819234450 ) ) ;
#3653 = DIRECTION ( 'NONE',  ( 1.000000000000000000, 0.000000000000000000, 0.000000000000000000 ) ) ;
#3654 = DIRECTION ( 'NONE',  ( 0.000000000000000000, -0.8660254037844400399, -0.4999999999999976685 ) ) ;
#3655 = ORIENTED_EDGE ( 'NONE', *, *, #2135, .T. ) ;
#3656 = CARTESIAN_POINT ( 'NONE',  ( 2.000000000000000000, 136.6766109093266550, -30.32050807568879947 ) ) ;
#3657 = EDGE_LOOP ( 'NONE', ( #4058, #3833, #2685, #4 ) ) ;
#3658 = CARTESIAN_POINT ( 'NONE',  ( 56.00000000000000000, 136.6766109093266550, -30.32050807568879947 ) ) ;
#3659 = CARTESIAN_POINT ( 'NONE',  ( 54.00000000000000000, 171.0483178519305909, -10.47599381986974620 ) ) ;
#3660 = ADVANCED_FACE ( 'NONE', ( #51, #2503, #2162, #3204, #1544 ), #3551, .F. ) ;
#3661 = EDGE_CURVE ( 'NONE', #3959, #3337, #3972, .T. ) ;
#3662 = CYLINDRICAL_SURFACE ( 'NONE', #132, 1.399999999999998579 ) ;
#3663 = LINE ( 'NONE', #2274, #3152 ) ;
#3664 = ORIENTED_EDGE ( 'NONE', *, *, #3277, .T. ) ;
#3665 = ORIENTED_EDGE ( 'NONE', *, *, #1487, .F. ) ;
#3666 = VECTOR ( 'NONE', #2310, 1000.000000000000000 ) ;
#3667 = TOROIDAL_SURFACE ( 'NONE', #1473, 4.000000000000000000, 2.000000000000000000 ) ;
#3668 = CARTESIAN_POINT ( 'NONE',  ( 39.94529881718180775, 0.000000000000000000, -1.006608145018675682 ) ) ;
#3669 = CARTESIAN_POINT ( 'NONE',  ( 5.000000000000084377, 149.0000000000000284, -35.00000000000000000 ) ) ;
#3670 = ORIENTED_EDGE ( 'NONE', *, *, #3391, .T. ) ;
#3671 = EDGE_LOOP ( 'NONE', ( #1637, #1217, #795, #3330 ) ) ;
#3672 = CIRCLE ( 'NONE', #2466, 1.649999999999998579 ) ;
#3673 = ADVANCED_FACE ( 'NONE', ( #3883 ), #827, .F. ) ;
#3674 = CARTESIAN_POINT ( 'NONE',  ( 49.14999999999997016, 123.7500000000000000, 3.000000000000000000 ) ) ;
#3675 = ORIENTED_EDGE ( 'NONE', *, *, #3086, .T. ) ;
#3676 = LINE ( 'NONE', #952, #1919 ) ;
#3677 = CARTESIAN_POINT ( 'NONE',  ( 54.00000000000000000, 139.2746871206799710, -28.82050807568881012 ) ) ;
#3678 = DIRECTION ( 'NONE',  ( 0.000000000000000000, 0.4999999999999976130, -0.8660254037844399289 ) ) ;
#3679 = CARTESIAN_POINT ( 'NONE',  ( 14.99999999999997868, 0.000000000000000000, 3.000000000000000000 ) ) ;
#3680 = DIRECTION ( 'NONE',  ( -0.000000000000000000, 0.8660254037844401509, 0.4999999999999973910 ) ) ;
#3681 = EDGE_LOOP ( 'NONE', ( #1877, #2067, #853, #2195 ) ) ;
#3682 = FACE_BOUND ( 'NONE', #1203, .T. ) ;
#3683 = ORIENTED_EDGE ( 'NONE', *, *, #1468, .T. ) ;
#3684 = CARTESIAN_POINT ( 'NONE',  ( 150.0000000000000000, 109.2746871206799852, -28.82050807568881012 ) ) ;
#3685 = LINE ( 'NONE', #1855, #2481 ) ;
#3686 = EDGE_CURVE ( 'NONE', #1179, #2074, #1746, .T. ) ;
#3687 = LINE ( 'NONE', #542, #3871 ) ;
#3688 = CARTESIAN_POINT ( 'NONE',  ( 2.000000000000001776, 141.6766109093267119, -12.99999999999999822 ) ) ;
#3689 = ADVANCED_FACE ( 'NONE', ( #3576, #804, #431, #2209 ), #3598, .F. ) ;
#3690 = EDGE_LOOP ( 'NONE', ( #2550, #2343, #1364, #1991 ) ) ;
#3691 = CARTESIAN_POINT ( 'NONE',  ( 150.0000000000000000, 121.6766109093266550, -30.32050807568879947 ) ) ;
#3692 = DIRECTION ( 'NONE',  ( -0.000000000000000000, 1.000000000000000000, -0.000000000000000000 ) ) ;
#3693 = VERTEX_POINT ( 'NONE', #3407 ) ;
#3694 = CIRCLE ( 'NONE', #1723, 1.399999999999998579 ) ;
#3695 = ORIENTED_EDGE ( 'NONE', *, *, #1874, .F. ) ;
#3696 = DIRECTION ( 'NONE',  ( 0.000000000000000000, -0.4999999999999976130, 0.8660254037844399289 ) ) ;
#3697 = ORIENTED_EDGE ( 'NONE', *, *, #50, .F. ) ;
#3698 = CARTESIAN_POINT ( 'NONE',  ( 22.14142842854282378, 2.000000000000001776, -38.00000000000000000 ) ) ;
#3699 = DIRECTION ( 'NONE',  ( -0.000000000000000000, -0.000000000000000000, -1.000000000000000000 ) ) ;
#3700 = LINE ( 'NONE', #2664, #196 ) ;
#3701 = FACE_OUTER_BOUND ( 'NONE', #1455, .T. ) ;
#3702 = EDGE_LOOP ( 'NONE', ( #397, #4314, #3783, #169 ) ) ;
#3703 = AXIS2_PLACEMENT_3D ( 'NONE', #2626, #3984, #2966 ) ;
#3704 = LINE ( 'NONE', #2711, #1588 ) ;
#3705 = ORIENTED_EDGE ( 'NONE', *, *, #370, .F. ) ;
#3706 = EDGE_CURVE ( 'NONE', #2646, #3693, #4362, .T. ) ;
#3707 = ORIENTED_EDGE ( 'NONE', *, *, #2376, .F. ) ;
#3708 = VECTOR ( 'NONE', #1781, 1000.000000000000000 ) ;
#3709 = LINE ( 'NONE', #920, #2544 ) ;
#3710 = LINE ( 'NONE', #2996, #2936 ) ;
#3711 = ORIENTED_EDGE ( 'NONE', *, *, #1464, .T. ) ;
#3712 = ADVANCED_FACE ( 'NONE', ( #4112 ), #3451, .F. ) ;
#3713 = AXIS2_PLACEMENT_3D ( 'NONE', #4190, #2457, #2025 ) ;
#3714 = AXIS2_PLACEMENT_3D ( 'NONE', #1128, #2521, #2186 ) ;
#3715 = DIRECTION ( 'NONE',  ( 0.000000000000000000, 0.8660254037844390407, 0.4999999999999993894 ) ) ;
#3716 = EDGE_LOOP ( 'NONE', ( #4141, #1668, #821, #1783 ) ) ;
#3717 = ORIENTED_EDGE ( 'NONE', *, *, #3137, .F. ) ;
#3718 = ADVANCED_FACE ( 'NONE', ( #4471 ), #1716, .F. ) ;
#3719 = VECTOR ( 'NONE', #2440, 1000.000000000000114 ) ;
#3720 = CARTESIAN_POINT ( 'NONE',  ( 5.000000000000084377, 19.00000000000000355, -35.00000000000000000 ) ) ;
#3721 = CARTESIAN_POINT ( 'NONE',  ( 150.0000000000000000, 54.27468712068003498, -11.49999999999999467 ) ) ;
#3722 = DIRECTION ( 'NONE',  ( 1.000000000000000000, 0.000000000000000000, 0.000000000000000000 ) ) ;
#3723 = FACE_OUTER_BOUND ( 'NONE', #1470, .T. ) ;
#3724 = VECTOR ( 'NONE', #2864, 1000.000000000000000 ) ;
#3725 = VECTOR ( 'NONE', #2837, 1000.000000000000000 ) ;
#3726 = ADVANCED_BREP_SHAPE_REPRESENTATION ( 'Socket', ( #774, #593 ), #2569 ) ;
#3727 = LINE ( 'NONE', #4034, #3926 ) ;
#3728 = DIRECTION ( 'NONE',  ( 0.000000000000000000, -0.4999999999999993894, 0.8660254037844390407 ) ) ;
#3729 = ORIENTED_EDGE ( 'NONE', *, *, #1664, .F. ) ;
#3730 = DIRECTION ( 'NONE',  ( 0.000000000000000000, 0.000000000000000000, -1.000000000000000000 ) ) ;
#3731 = ORIENTED_EDGE ( 'NONE', *, *, #366, .F. ) ;
#3732 = ORIENTED_EDGE ( 'NONE', *, *, #1468, .F. ) ;
#3733 = ADVANCED_FACE ( 'NONE', ( #2277 ), #3060, .T. ) ;
#3734 = DIRECTION ( 'NONE',  ( 0.000000000000000000, -0.000000000000000000, -1.000000000000000000 ) ) ;
#3735 = DIRECTION ( 'NONE',  ( -0.000000000000000000, -0.000000000000000000, -1.000000000000000000 ) ) ;
#3736 = ORIENTED_EDGE ( 'NONE', *, *, #4092, .F. ) ;
#3737 = PLANE ( 'NONE',  #1251 ) ;
#3738 = ORIENTED_EDGE ( 'NONE', *, *, #4053, .T. ) ;
#3739 = EDGE_CURVE ( 'NONE', #2636, #1024, #1590, .T. ) ;
#3740 = CARTESIAN_POINT ( 'NONE',  ( 33.85857157145713359, 2.000000000000001776, -27.99999999999999645 ) ) ;
#3741 = ORIENTED_EDGE ( 'NONE', *, *, #4427, .T. ) ;
#3742 = AXIS2_PLACEMENT_3D ( 'NONE', #3471, #982, #4154 ) ;
#3743 = CARTESIAN_POINT ( 'NONE',  ( 56.00000000000000000, 165.0000000000000000, -2.000000000000000000 ) ) ;
#3744 = EDGE_CURVE ( 'NONE', #3539, #2872, #2612, .T. ) ;
#3745 = DIRECTION ( 'NONE',  ( -1.000000000000000000, -0.000000000000000000, -0.000000000000000000 ) ) ;
#3746 = CARTESIAN_POINT ( 'NONE',  ( 2.000000000000000000, 164.7983178519305625, 0.3493237274359213274 ) ) ;
#3747 = AXIS2_PLACEMENT_3D ( 'NONE', #355, #1710, #3097 ) ;
#3748 = CIRCLE ( 'NONE', #3077, 1.399999999999998579 ) ;
#3749 = LINE ( 'NONE', #1279, #3053 ) ;
#3750 = CARTESIAN_POINT ( 'NONE',  ( 0.000000000000000000, 84.27468712068004209, -11.49999999999999467 ) ) ;
#3751 = ORIENTED_EDGE ( 'NONE', *, *, #4143, .F. ) ;
#3752 = LINE ( 'NONE', #4106, #625 ) ;
#3753 = ORIENTED_EDGE ( 'NONE', *, *, #3161, .F. ) ;
#3754 = VERTEX_POINT ( 'NONE', #2695 ) ;
#3755 = CARTESIAN_POINT ( 'NONE',  ( 7.499999999999974243, 123.7500000000000000, 3.000000000000000000 ) ) ;
#3756 = DIRECTION ( 'NONE',  ( 1.000000000000000000, 0.000000000000000000, 0.000000000000000000 ) ) ;
#3757 = DIRECTION ( 'NONE',  ( -0.000000000000000000, 0.8660254037844389297, 0.4999999999999993339 ) ) ;
#3758 = CARTESIAN_POINT ( 'NONE',  ( 150.0000000000000000, 61.67661090932666212, -30.32050807568880302 ) ) ;
#3759 = ADVANCED_FACE ( 'NONE', ( #2720 ), #2256, .F. ) ;
#3760 = EDGE_LOOP ( 'NONE', ( #1747, #56, #1244, #2332 ) ) ;
#3761 = DIRECTION ( 'NONE',  ( -1.000000000000000000, 0.000000000000000000, 0.000000000000000000 ) ) ;
#3762 = EDGE_LOOP ( 'NONE', ( #647, #3780, #1646, #503 ) ) ;
#3763 = EDGE_CURVE ( 'NONE', #2126, #2836, #3804, .T. ) ;
#3764 = EDGE_CURVE ( 'NONE', #751, #1351, #799, .T. ) ;
#3765 = VERTEX_POINT ( 'NONE', #2039 ) ;
#3766 = DIRECTION ( 'NONE',  ( 0.000000000000000000, 0.000000000000000000, 1.000000000000000000 ) ) ;
#3767 = DIRECTION ( 'NONE',  ( 1.000000000000000000, 0.000000000000000000, 0.000000000000000000 ) ) ;
#3768 = CARTESIAN_POINT ( 'NONE',  ( 51.00000000000008527, 149.0000000000000284, -40.00000000000000711 ) ) ;
#3769 = EDGE_CURVE ( 'NONE', #4035, #3605, #2741, .T. ) ;
#3770 = PLANE ( 'NONE',  #4319 ) ;
#3771 = EDGE_CURVE ( 'NONE', #959, #255, #4156, .T. ) ;
#3772 = AXIS2_PLACEMENT_3D ( 'NONE', #2908, #1154, #4322 ) ;
#3773 = PLANE ( 'NONE',  #4159 ) ;
#3774 = ORIENTED_EDGE ( 'NONE', *, *, #3848, .F. ) ;
#3775 = FACE_BOUND ( 'NONE', #433, .T. ) ;
#3776 = ORIENTED_EDGE ( 'NONE', *, *, #191, .F. ) ;
#3777 = ADVANCED_FACE ( 'NONE', ( #1204 ), #3996, .F. ) ;
#3778 = DIRECTION ( 'NONE',  ( -1.000000000000000000, -0.000000000000000000, -0.000000000000000000 ) ) ;
#3779 = CARTESIAN_POINT ( 'NONE',  ( 16.05470118281818870, 165.0000000000000284, -1.006608145018675460 ) ) ;
#3780 = ORIENTED_EDGE ( 'NONE', *, *, #3224, .F. ) ;
#3781 = EDGE_CURVE ( 'NONE', #3876, #1780, #163, .T. ) ;
#3782 = CARTESIAN_POINT ( 'NONE',  ( 38.99999999999997868, 0.000000000000000000, -2.000000000000000000 ) ) ;
#3783 = ORIENTED_EDGE ( 'NONE', *, *, #2748, .F. ) ;
#3784 = VECTOR ( 'NONE', #2895, 1000.000000000000000 ) ;
#3785 = VECTOR ( 'NONE', #3512, 1000.000000000000114 ) ;
#3786 = CARTESIAN_POINT ( 'NONE',  ( 56.00000000000000000, 76.67661090932665502, -30.32050807568879947 ) ) ;
#3787 = EDGE_LOOP ( 'NONE', ( #710, #424, #113, #3393 ) ) ;
#3788 = ORIENTED_EDGE ( 'NONE', *, *, #1329, .F. ) ;
#3789 = VECTOR ( 'NONE', #4321, 1000.000000000000114 ) ;
#3790 = ADVANCED_FACE ( 'NONE', ( #528 ), #1937, .T. ) ;
#3791 = DIRECTION ( 'NONE',  ( -1.000000000000000000, -0.000000000000000000, -0.000000000000000000 ) ) ;
#3792 = CARTESIAN_POINT ( 'NONE',  ( 51.00000000000008527, 19.00000000000000355, -35.00000000000000000 ) ) ;
#3793 = ORIENTED_EDGE ( 'NONE', *, *, #2157, .F. ) ;
#3794 = EDGE_CURVE ( 'NONE', #2759, #914, #1396, .T. ) ;
#3795 = LINE ( 'NONE', #374, #4447 ) ;
#3796 = ORIENTED_EDGE ( 'NONE', *, *, #1856, .F. ) ;
#3797 = PLANE ( 'NONE',  #1659 ) ;
#3798 = LINE ( 'NONE', #1002, #2082 ) ;
#3799 = VECTOR ( 'NONE', #4238, 1000.000000000000000 ) ;
#3800 = ORIENTED_EDGE ( 'NONE', *, *, #942, .F. ) ;
#3801 = CIRCLE ( 'NONE', #2046, 1.650000000000000355 ) ;
#3802 = DIRECTION ( 'NONE',  ( -1.000000000000000000, -0.000000000000000000, -0.000000000000000000 ) ) ;
#3803 = FACE_BOUND ( 'NONE', #1935, .T. ) ;
#3804 = LINE ( 'NONE', #850, #3409 ) ;
#3805 = VERTEX_POINT ( 'NONE', #1419 ) ;
#3806 = EDGE_CURVE ( 'NONE', #3805, #941, #3148, .T. ) ;
#3807 = DIRECTION ( 'NONE',  ( 0.000000000000000000, -0.4999999999999976130, 0.8660254037844399289 ) ) ;
#3808 = CARTESIAN_POINT ( 'NONE',  ( 39.00000000000000000, 165.0000000000000000, -2.000000000000000000 ) ) ;
#3809 = ORIENTED_EDGE ( 'NONE', *, *, #4417, .T. ) ;
#3810 = CARTESIAN_POINT ( 'NONE',  ( 2.000000000000001776, 69.27468712068004209, -11.49999999999999467 ) ) ;
#3811 = LINE ( 'NONE', #4191, #2084 ) ;
#3812 = ORIENTED_EDGE ( 'NONE', *, *, #1057, .F. ) ;
#3813 = DIRECTION ( 'NONE',  ( -1.000000000000000000, -0.000000000000000000, -0.000000000000000000 ) ) ;
#3814 = EDGE_CURVE ( 'NONE', #4211, #2155, #2832, .T. ) ;
#3815 = LINE ( 'NONE', #2122, #1299 ) ;
#3816 = ORIENTED_EDGE ( 'NONE', *, *, #1477, .F. ) ;
#3817 = VERTEX_POINT ( 'NONE', #425 ) ;
#3818 = VECTOR ( 'NONE', #3395, 1000.000000000000000 ) ;
#3819 = VECTOR ( 'NONE', #2241, 1000.000000000000000 ) ;
#3820 = CARTESIAN_POINT ( 'NONE',  ( 49.60000000000008669, 108.0000000000000142, -35.00000000000000000 ) ) ;
#3821 = PLANE ( 'NONE',  #4500 ) ;
#3822 = EDGE_LOOP ( 'NONE', ( #389, #3269, #2737, #4270, #2134, #1698, #2110, #726 ) ) ;
#3823 = EDGE_CURVE ( 'NONE', #401, #74, #475, .T. ) ;
#3824 = EDGE_CURVE ( 'NONE', #3805, #175, #1957, .T. ) ;
#3825 = LINE ( 'NONE', #3124, #302 ) ;
#3826 = PLANE ( 'NONE',  #3113 ) ;
#3827 = CARTESIAN_POINT ( 'NONE',  ( 55.99999999999999289, 139.2746871206799710, -28.82050807568881012 ) ) ;
#3828 = ORIENTED_EDGE ( 'NONE', *, *, #4184, .F. ) ;
#3829 = ORIENTED_EDGE ( 'NONE', *, *, #2240, .T. ) ;
#3830 = ADVANCED_FACE ( 'NONE', ( #3850 ), #3473, .F. ) ;
#3831 = LINE ( 'NONE', #1465, #1185 ) ;
#3832 = CIRCLE ( 'NONE', #4054, 1.649999999999999467 ) ;
#3833 = ORIENTED_EDGE ( 'NONE', *, *, #1342, .F. ) ;
#3834 = FACE_OUTER_BOUND ( 'NONE', #4281, .T. ) ;
#3835 = ORIENTED_EDGE ( 'NONE', *, *, #759, .T. ) ;
#3836 = VERTEX_POINT ( 'NONE', #1782 ) ;
#3837 = ADVANCED_FACE ( 'NONE', ( #4535 ), #1080, .F. ) ;
#3838 = DIRECTION ( 'NONE',  ( -0.000000000000000000, 0.000000000000000000, 1.000000000000000000 ) ) ;
#3839 = CARTESIAN_POINT ( 'NONE',  ( 0.000000000000000000, 165.0000000000000000, 3.000000000000000000 ) ) ;
#3840 = CARTESIAN_POINT ( 'NONE',  ( 2.000000000000001776, 24.27468712068003853, -11.49999999999999467 ) ) ;
#3841 = AXIS2_PLACEMENT_3D ( 'NONE', #3584, #766, #1798 ) ;
#3842 = LINE ( 'NONE', #1044, #2179 ) ;
#3843 = EDGE_LOOP ( 'NONE', ( #3437, #1570, #4394, #2391 ) ) ;
#3844 = CARTESIAN_POINT ( 'NONE',  ( 2.000000000000000000, 163.0000000000000000, -40.00000000000000000 ) ) ;
#3845 = FACE_OUTER_BOUND ( 'NONE', #3671, .T. ) ;
#3846 = EDGE_LOOP ( 'NONE', ( #2358, #891, #3816, #142 ) ) ;
#3847 = VECTOR ( 'NONE', #1968, 1000.000000000000114 ) ;
#3848 = EDGE_CURVE ( 'NONE', #4228, #2512, #4180, .T. ) ;
#3849 = CARTESIAN_POINT ( 'NONE',  ( 54.00000000000000000, 85.62829305739596464, -45.82527636935223825 ) ) ;
#3850 = FACE_OUTER_BOUND ( 'NONE', #3464, .T. ) ;
#3851 = ORIENTED_EDGE ( 'NONE', *, *, #3459, .F. ) ;
#3852 = CARTESIAN_POINT ( 'NONE',  ( 54.00000000000000000, 156.0483178519308751, 15.50476829366323450 ) ) ;
#3853 = VERTEX_POINT ( 'NONE', #3168 ) ;
#3854 = DIRECTION ( 'NONE',  ( -1.000000000000000000, 0.000000000000000000, 0.000000000000000000 ) ) ;
#3855 = EDGE_CURVE ( 'NONE', #4248, #4019, #729, .T. ) ;
#3856 = CARTESIAN_POINT ( 'NONE',  ( 2.000000000000000000, 171.0483178519305909, -10.47599381986974620 ) ) ;
#3857 = AXIS2_PLACEMENT_3D ( 'NONE', #820, #3215, #84 ) ;
#3858 = ORIENTED_EDGE ( 'NONE', *, *, #179, .F. ) ;
#3859 = VECTOR ( 'NONE', #998, 1000.000000000000000 ) ;
#3860 = CARTESIAN_POINT ( 'NONE',  ( 6.400000000000082956, 19.00000000000000355, -30.00000000000000711 ) ) ;
#3861 = LINE ( 'NONE', #1066, #2452 ) ;
#3862 = AXIS2_PLACEMENT_3D ( 'NONE', #481, #2236, #4348 ) ;
#3863 = DIRECTION ( 'NONE',  ( -0.000000000000000000, 0.000000000000000000, 1.000000000000000000 ) ) ;
#3864 = EDGE_CURVE ( 'NONE', #3889, #2191, #1806, .T. ) ;
#3865 = LINE ( 'NONE', #2401, #1885 ) ;
#3866 = ORIENTED_EDGE ( 'NONE', *, *, #2657, .T. ) ;
#3867 = ORIENTED_EDGE ( 'NONE', *, *, #1208, .T. ) ;
#3868 = PLANE ( 'NONE',  #2858 ) ;
#3869 = ORIENTED_EDGE ( 'NONE', *, *, #315, .F. ) ;
#3870 = PLANE ( 'NONE',  #2531 ) ;
#3871 = VECTOR ( 'NONE', #1952, 1000.000000000000000 ) ;
#3872 = AXIS2_PLACEMENT_3D ( 'NONE', #2088, #1379, #1445 ) ;
#3873 = DIRECTION ( 'NONE',  ( 0.000000000000000000, 0.4999999999999976130, -0.8660254037844399289 ) ) ;
#3874 = ORIENTED_EDGE ( 'NONE', *, *, #2281, .T. ) ;
#3875 = DIRECTION ( 'NONE',  ( -0.000000000000000000, -0.000000000000000000, -1.000000000000000000 ) ) ;
#3876 = VERTEX_POINT ( 'NONE', #3496 ) ;
#3877 = EDGE_CURVE ( 'NONE', #3421, #4346, #2492, .T. ) ;
#3878 = AXIS2_PLACEMENT_3D ( 'NONE', #1864, #117, #1519 ) ;
#3879 = FACE_OUTER_BOUND ( 'NONE', #4011, .T. ) ;
#3880 = FACE_OUTER_BOUND ( 'NONE', #1392, .T. ) ;
#3881 = ORIENTED_EDGE ( 'NONE', *, *, #909, .T. ) ;
#3882 = EDGE_CURVE ( 'NONE', #517, #3014, #3543, .T. ) ;
#3883 = FACE_OUTER_BOUND ( 'NONE', #3346, .T. ) ;
#3884 = EDGE_LOOP ( 'NONE', ( #1657, #2260, #696, #3237 ) ) ;
#3885 = EDGE_CURVE ( 'NONE', #175, #2615, #1123, .T. ) ;
#3886 = CARTESIAN_POINT ( 'NONE',  ( 55.99999999999999289, 64.27468712067998524, -28.82050807568881368 ) ) ;
#3887 = CARTESIAN_POINT ( 'NONE',  ( 49.60000000000008669, 19.00000000000000355, -35.00000000000000000 ) ) ;
#3888 = PLANE ( 'NONE',  #2738 ) ;
#3889 = VERTEX_POINT ( 'NONE', #4249 ) ;
#3890 = VECTOR ( 'NONE', #1508, 1000.000000000000114 ) ;
#3891 = CIRCLE ( 'NONE', #2497, 1.649999999999998579 ) ;
#3892 = DIRECTION ( 'NONE',  ( -0.000000000000000000, -0.000000000000000000, 1.000000000000000000 ) ) ;
#3893 = PLANE ( 'NONE',  #2975 ) ;
#3894 = ORIENTED_EDGE ( 'NONE', *, *, #69, .T. ) ;
#3895 = DIRECTION ( 'NONE',  ( -1.000000000000000000, 0.000000000000000000, 0.000000000000000000 ) ) ;
#3896 = AXIS2_PLACEMENT_3D ( 'NONE', #136, #3596, #451 ) ;
#3897 = CARTESIAN_POINT ( 'NONE',  ( 150.0000000000000000, 64.27468712067998524, -28.82050807568881368 ) ) ;
#3898 = VECTOR ( 'NONE', #4110, 1000.000000000000000 ) ;
#3899 = CARTESIAN_POINT ( 'NONE',  ( 0.000000000000000000, 54.27468712068003498, -11.49999999999999467 ) ) ;
#3900 = CARTESIAN_POINT ( 'NONE',  ( 39.48521270711600550, 165.0000000000000000, -1.514769118830551431 ) ) ;
#3901 = VERTEX_POINT ( 'NONE', #3913 ) ;
#3902 = LINE ( 'NONE', #1177, #1236 ) ;
#3903 = ADVANCED_FACE ( 'NONE', ( #2513 ), #337, .F. ) ;
#3904 = ORIENTED_EDGE ( 'NONE', *, *, #2194, .F. ) ;
#3905 = FACE_OUTER_BOUND ( 'NONE', #2469, .T. ) ;
#3906 = EDGE_CURVE ( 'NONE', #3998, #3539, #1763, .T. ) ;
#3907 = ORIENTED_EDGE ( 'NONE', *, *, #598, .T. ) ;
#3908 = DIRECTION ( 'NONE',  ( 0.000000000000000000, -0.4999999999999971134, 0.8660254037844402619 ) ) ;
#3909 = VERTEX_POINT ( 'NONE', #402 ) ;
#3910 = CARTESIAN_POINT ( 'NONE',  ( 2.000000000000000000, 108.1282930573960499, -32.83489531258570082 ) ) ;
#3911 = DIRECTION ( 'NONE',  ( 0.000000000000000000, 0.4999999999999973910, -0.8660254037844401509 ) ) ;
#3912 = ORIENTED_EDGE ( 'NONE', *, *, #1043, .T. ) ;
#3913 = CARTESIAN_POINT ( 'NONE',  ( 53.99999999999999289, 151.6766109093266550, -30.32050807568879947 ) ) ;
#3914 = VERTEX_POINT ( 'NONE', #3193 ) ;
#3915 = CIRCLE ( 'NONE', #4361, 1.399999999999998579 ) ;
#3916 = CYLINDRICAL_SURFACE ( 'NONE', #2955, 1.649999999999998579 ) ;
#3917 = B_SPLINE_CURVE_WITH_KNOTS ( 'NONE', 3,
 ( #3114, #2117, #1040, #347, #1064, #369, #4343, #1839, #114, #1888 ),
 .UNSPECIFIED., .F., .F.,
 ( 4, 2, 2, 2, 4 ),
 ( -8.944271910619585992E-06, 0.001019331502940731653, 0.002047607277792082639, 0.003075883052643430590, 0.004104158827494779407 ),
 .UNSPECIFIED. ) ;
#3918 = EDGE_CURVE ( 'NONE', #2380, #58, #2853, .T. ) ;
#3919 = DIRECTION ( 'NONE',  ( 1.000000000000000000, -1.261617073437677752E-16, 0.000000000000000000 ) ) ;
#3920 = ORIENTED_EDGE ( 'NONE', *, *, #2327, .T. ) ;
#3921 = VECTOR ( 'NONE', #1743, 1000.000000000000000 ) ;
#3922 = PLANE ( 'NONE',  #2400 ) ;
#3923 = DIRECTION ( 'NONE',  ( 0.000000000000000000, -0.4999999999999971134, 0.8660254037844402619 ) ) ;
#3924 = VERTEX_POINT ( 'NONE', #3827 ) ;
#3925 = CARTESIAN_POINT ( 'NONE',  ( 3.600000000000085798, 149.0000000000000284, -40.00000000000000711 ) ) ;
#3926 = VECTOR ( 'NONE', #199, 1000.000000000000000 ) ;
#3927 = DIRECTION ( 'NONE',  ( 0.000000000000000000, 0.8660254037844410391, 0.4999999999999958922 ) ) ;
#3928 = ORIENTED_EDGE ( 'NONE', *, *, #4400, .T. ) ;
#3929 = AXIS2_PLACEMENT_3D ( 'NONE', #807, #2214, #551 ) ;
#3930 = CARTESIAN_POINT ( 'NONE',  ( 2.000000000000000000, 110.7263692687493517, -31.33489531258568661 ) ) ;
#3931 = DIRECTION ( 'NONE',  ( 0.000000000000000000, 0.4999999999999973910, -0.8660254037844401509 ) ) ;
#3932 = VERTEX_POINT ( 'NONE', #3310 ) ;
#3933 = DIRECTION ( 'NONE',  ( -1.000000000000000000, 0.000000000000000000, 0.000000000000000000 ) ) ;
#3934 = AXIS2_PLACEMENT_3D ( 'NONE', #1228, #3104, #609 ) ;
#3935 = DIRECTION ( 'NONE',  ( 0.000000000000000000, 0.000000000000000000, 1.000000000000000000 ) ) ;
#3936 = FACE_OUTER_BOUND ( 'NONE', #1015, .T. ) ;
#3937 = VERTEX_POINT ( 'NONE', #1482 ) ;
#3938 = PLANE ( 'NONE',  #3624 ) ;
#3939 = CARTESIAN_POINT ( 'NONE',  ( 2.000000000000000000, 31.67661090932666212, -30.32050807568880657 ) ) ;
#3940 = VECTOR ( 'NONE', #716, 1000.000000000000000 ) ;
#3941 = DIRECTION ( 'NONE',  ( 0.000000000000000000, 0.000000000000000000, 1.000000000000000000 ) ) ;
#3942 = ADVANCED_FACE ( 'NONE', ( #107 ), #127, .F. ) ;
#3943 = PLANE ( 'NONE',  #3524 ) ;
#3944 = VECTOR ( 'NONE', #3274, 1000.000000000000227 ) ;
#3945 = VERTEX_POINT ( 'NONE', #3589 ) ;
#3946 = VECTOR ( 'NONE', #1060, 999.9999999999998863 ) ;
#3947 = DIRECTION ( 'NONE',  ( -1.000000000000000000, -0.000000000000000000, 0.000000000000000000 ) ) ;
#3948 = CARTESIAN_POINT ( 'NONE',  ( 52.40000000000008384, 108.0000000000000142, -35.00000000000000000 ) ) ;
#3949 = EDGE_LOOP ( 'NONE', ( #1109, #1405, #784, #447 ) ) ;
#3950 = DIRECTION ( 'NONE',  ( 0.000000000000000000, -0.4999999999999976130, 0.8660254037844399289 ) ) ;
#3951 = PLANE ( 'NONE',  #3929 ) ;
#3952 = EDGE_LOOP ( 'NONE', ( #761, #2215, #1143, #3588, #4129, #2761 ) ) ;
#3953 = CARTESIAN_POINT ( 'NONE',  ( 0.000000000000000000, 109.2746871206799995, -28.82050807568880657 ) ) ;
#3954 = EDGE_CURVE ( 'NONE', #2350, #632, #176, .T. ) ;
#3955 = VERTEX_POINT ( 'NONE', #796 ) ;
#3956 = CARTESIAN_POINT ( 'NONE',  ( 56.00000000000000000, 108.1282930573960499, -32.83489531258570082 ) ) ;
#3957 = CARTESIAN_POINT ( 'NONE',  ( 51.00000000000008527, 108.0000000000000142, -30.00000000000000711 ) ) ;
#3958 = DIRECTION ( 'NONE',  ( 0.000000000000000000, 0.4999999999999976130, -0.8660254037844399289 ) ) ;
#3959 = VERTEX_POINT ( 'NONE', #4313 ) ;
#3960 = FACE_OUTER_BOUND ( 'NONE', #297, .T. ) ;
#3961 = VERTEX_POINT ( 'NONE', #1534 ) ;
#3962 = EDGE_CURVE ( 'NONE', #4248, #4390, #492, .T. ) ;
#3963 = ADVANCED_FACE ( 'NONE', ( #3960 ), #3938, .F. ) ;
#3964 = CARTESIAN_POINT ( 'NONE',  ( 56.00000000000000000, 149.7983178519305909, 26.33008584096907967 ) ) ;
#3965 = DIRECTION ( 'NONE',  ( -0.000000000000000000, -0.000000000000000000, -1.000000000000000000 ) ) ;
#3966 = CIRCLE ( 'NONE', #3146, 2.000000000000000000 ) ;
#3967 = CARTESIAN_POINT ( 'NONE',  ( 55.99999999999999289, 84.27468712068004209, -11.49999999999999467 ) ) ;
#3968 = EDGE_CURVE ( 'NONE', #1169, #3643, #2921, .T. ) ;
#3969 = AXIS2_PLACEMENT_3D ( 'NONE', #1661, #1965, #930 ) ;
#3970 = VECTOR ( 'NONE', #3258, 1000.000000000000000 ) ;
#3971 = ORIENTED_EDGE ( 'NONE', *, *, #4386, .F. ) ;
#3972 = LINE ( 'NONE', #1469, #1156 ) ;
#3973 = DIRECTION ( 'NONE',  ( -1.000000000000000000, -0.000000000000000000, -0.000000000000000000 ) ) ;
#3974 = ORIENTED_EDGE ( 'NONE', *, *, #894, .F. ) ;
#3975 = EDGE_CURVE ( 'NONE', #1895, #2223, #153, .T. ) ;
#3976 = DIRECTION ( 'NONE',  ( 0.000000000000000000, 0.4999999999999976130, -0.8660254037844399289 ) ) ;
#3977 = DIRECTION ( 'NONE',  ( 0.000000000000000000, 0.4999999999999976130, -0.8660254037844399289 ) ) ;
#3978 = EDGE_LOOP ( 'NONE', ( #1733, #4272, #3741, #1863 ) ) ;
#3979 = CARTESIAN_POINT ( 'NONE',  ( 0.000000000000000000, 31.67661090932666212, -30.32050807568880302 ) ) ;
#3980 = DIRECTION ( 'NONE',  ( 0.000000000000000000, -0.8660254037844410391, -0.4999999999999958922 ) ) ;
#3981 = DIRECTION ( 'NONE',  ( 0.000000000000000000, -1.000000000000000000, 0.000000000000000000 ) ) ;
#3982 = CARTESIAN_POINT ( 'NONE',  ( 7.499999999999969802, 41.24999999999999289, 3.000000000000000000 ) ) ;
#3983 = ORIENTED_EDGE ( 'NONE', *, *, #143, .T. ) ;
#3984 = DIRECTION ( 'NONE',  ( 0.000000000000000000, -0.8660254037844400399, -0.4999999999999976685 ) ) ;
#3985 = ORIENTED_EDGE ( 'NONE', *, *, #4436, .F. ) ;
#3986 = CARTESIAN_POINT ( 'NONE',  ( 15.00000000000000000, 165.0000000000000000, -35.00000000000000000 ) ) ;
#3987 = EDGE_CURVE ( 'NONE', #3481, #2335, #2295, .T. ) ;
#3988 = CYLINDRICAL_SURFACE ( 'NONE', #3573, 10.00000000000000178 ) ;
#3989 = CARTESIAN_POINT ( 'NONE',  ( 2.000000000000001776, 111.6766109093267119, -12.99999999999999822 ) ) ;
#3990 = VECTOR ( 'NONE', #1642, 1000.000000000000000 ) ;
#3991 = CARTESIAN_POINT ( 'NONE',  ( 150.0000000000000000, 124.2746871206799852, -28.82050807568881012 ) ) ;
#3992 = ORIENTED_EDGE ( 'NONE', *, *, #91, .T. ) ;
#3993 = VERTEX_POINT ( 'NONE', #1558 ) ;
#3994 = AXIS2_PLACEMENT_3D ( 'NONE', #3669, #1229, #3641 ) ;
#3995 = ADVANCED_FACE ( 'NONE', ( #1243 ), #2945, .F. ) ;
#3996 = CYLINDRICAL_SURFACE ( 'NONE', #1146, 1.399999999999998579 ) ;
#3997 = LINE ( 'NONE', #189, #3203 ) ;
#3998 = VERTEX_POINT ( 'NONE', #1218 ) ;
#3999 = ORIENTED_EDGE ( 'NONE', *, *, #2849, .T. ) ;
#4000 = DIRECTION ( 'NONE',  ( 1.000000000000000000, 0.000000000000000000, 0.000000000000000000 ) ) ;
#4001 = CARTESIAN_POINT ( 'NONE',  ( 0.000000000000000000, 106.6766109093266550, -30.32050807568879947 ) ) ;
#4002 = ADVANCED_FACE ( 'NONE', ( #2201 ), #4332, .F. ) ;
#4003 = DIRECTION ( 'NONE',  ( -1.000000000000000000, -0.000000000000000000, -0.000000000000000000 ) ) ;
#4004 = EDGE_CURVE ( 'NONE', #2805, #375, #4012, .T. ) ;
#4005 = ORIENTED_EDGE ( 'NONE', *, *, #3278, .F. ) ;
#4006 = AXIS2_PLACEMENT_3D ( 'NONE', #2404, #2385, #561 ) ;
#4007 = AXIS2_PLACEMENT_3D ( 'NONE', #4287, #793, #3236 ) ;
#4008 = CARTESIAN_POINT ( 'NONE',  ( 41.00000000000000000, 165.0000000000000000, -2.000000000000000000 ) ) ;
#4009 = DIRECTION ( 'NONE',  ( 0.000000000000000000, 0.000000000000000000, 1.000000000000000000 ) ) ;
#4010 = FACE_OUTER_BOUND ( 'NONE', #2961, .T. ) ;
#4011 = EDGE_LOOP ( 'NONE', ( #3371, #1324, #2417, #3651 ) ) ;
#4012 = LINE ( 'NONE', #865, #775 ) ;
#4013 = EDGE_LOOP ( 'NONE', ( #1617, #4410 ) ) ;
#4014 = CARTESIAN_POINT ( 'NONE',  ( 56.00000000000000000, 161.0483178519305625, 6.844514255819234450 ) ) ;
#4015 = LINE ( 'NONE', #541, #1752 ) ;
#4016 = VECTOR ( 'NONE', #906, 1000.000000000000000 ) ;
#4017 = LINE ( 'NONE', #1607, #4247 ) ;
#4018 = CARTESIAN_POINT ( 'NONE',  ( 0.000000000000000000, 79.27468712067999945, -28.82050807568880302 ) ) ;
#4019 = VERTEX_POINT ( 'NONE', #3656 ) ;
#4020 = CARTESIAN_POINT ( 'NONE',  ( 53.99999999999999289, 76.67661090932665502, -30.32050807568879947 ) ) ;
#4021 = EDGE_CURVE ( 'NONE', #1047, #3961, #446, .T. ) ;
#4022 = ORIENTED_EDGE ( 'NONE', *, *, #2477, .T. ) ;
#4023 = VECTOR ( 'NONE', #3875, 1000.000000000000000 ) ;
#4024 = DIRECTION ( 'NONE',  ( 0.000000000000000000, -0.8660254037844389297, -0.4999999999999993339 ) ) ;
#4025 = AXIS2_PLACEMENT_3D ( 'NONE', #1966, #3397, #1340 ) ;
#4026 = PLANE ( 'NONE',  #1429 ) ;
#4027 = EDGE_LOOP ( 'NONE', ( #4331, #2177, #4183, #1162 ) ) ;
#4028 = AXIS2_PLACEMENT_3D ( 'NONE', #233, #3692, #988 ) ;
#4029 = DIRECTION ( 'NONE',  ( -0.000000000000000000, -0.000000000000000000, -1.000000000000000000 ) ) ;
#4030 = EDGE_LOOP ( 'NONE', ( #4370, #4290, #63, #2081 ) ) ;
#4031 = CARTESIAN_POINT ( 'NONE',  ( 150.0000000000000000, 39.27468712068003498, -11.49999999999999467 ) ) ;
#4032 = LINE ( 'NONE', #3956, #423 ) ;
#4033 = EDGE_CURVE ( 'NONE', #247, #3924, #3609, .T. ) ;
#4034 = CARTESIAN_POINT ( 'NONE',  ( 150.0000000000000000, 91.67661090932665502, -30.32050807568879947 ) ) ;
#4035 = VERTEX_POINT ( 'NONE', #539 ) ;
#4036 = FACE_OUTER_BOUND ( 'NONE', #3681, .T. ) ;
#4037 = EDGE_LOOP ( 'NONE', ( #735, #2035, #2965, #972 ) ) ;
#4038 = CARTESIAN_POINT ( 'NONE',  ( 17.00000000000000000, 163.0000000000000000, -2.000000000000000000 ) ) ;
#4039 = CARTESIAN_POINT ( 'NONE',  ( 0.000000000000000000, 64.27468712067998524, -28.82050807568881368 ) ) ;
#4040 = DIRECTION ( 'NONE',  ( -0.000000000000000000, -0.000000000000000000, -1.000000000000000000 ) ) ;
#4041 = DIRECTION ( 'NONE',  ( 0.000000000000000000, 0.000000000000000000, 1.000000000000000000 ) ) ;
#4042 = ORIENTED_EDGE ( 'NONE', *, *, #3332, .T. ) ;
#4043 = VECTOR ( 'NONE', #1237, 1000.000000000000000 ) ;
#4044 = CIRCLE ( 'NONE', #2065, 1.399999999999998579 ) ;
#4045 = CARTESIAN_POINT ( 'NONE',  ( 15.00000000000000000, 165.0000000000000000, 3.000000000000000000 ) ) ;
#4046 = ORIENTED_EDGE ( 'NONE', *, *, #1576, .T. ) ;
#4047 = ORIENTED_EDGE ( 'NONE', *, *, #3176, .T. ) ;
#4048 = ADVANCED_FACE ( 'NONE', ( #3682, #516, #1506, #4036 ), #892, .F. ) ;
#4049 = LINE ( 'NONE', #881, #4453 ) ;
#4050 = LINE ( 'NONE', #4031, #3300 ) ;
#4051 = DIRECTION ( 'NONE',  ( -0.000000000000000000, -1.000000000000000000, -0.000000000000000000 ) ) ;
#4052 = DIRECTION ( 'NONE',  ( 1.000000000000000000, 0.000000000000000000, 0.000000000000000000 ) ) ;
#4053 = EDGE_CURVE ( 'NONE', #2496, #15, #2222, .T. ) ;
#4054 = AXIS2_PLACEMENT_3D ( 'NONE', #1144, #1172, #754 ) ;
#4055 = LINE ( 'NONE', #1644, #118 ) ;
#4056 = ORIENTED_EDGE ( 'NONE', *, *, #2202, .F. ) ;
#4057 = CARTESIAN_POINT ( 'NONE',  ( 150.0000000000000000, 84.27468712068004209, -11.49999999999999467 ) ) ;
#4058 = ORIENTED_EDGE ( 'NONE', *, *, #3560, .F. ) ;
#4059 = DIRECTION ( 'NONE',  ( -1.000000000000000000, -0.000000000000000000, -0.000000000000000000 ) ) ;
#4060 = FACE_BOUND ( 'NONE', #2022, .T. ) ;
#4061 = DIRECTION ( 'NONE',  ( 0.000000000000000000, -0.4999999999999973910, 0.8660254037844401509 ) ) ;
#4062 = ORIENTED_EDGE ( 'NONE', *, *, #3615, .T. ) ;
#4063 = LINE ( 'NONE', #3691, #809 ) ;
#4064 = VERTEX_POINT ( 'NONE', #3362 ) ;
#4065 = ADVANCED_FACE ( 'NONE', ( #224 ), #1691, .F. ) ;
#4066 = ADVANCED_FACE ( 'NONE', ( #4150 ), #3797, .F. ) ;
#4067 = AXIS2_PLACEMENT_3D ( 'NONE', #2050, #3439, #305 ) ;
#4068 = CARTESIAN_POINT ( 'NONE',  ( 47.49999999999997158, 82.49999999999998579, -1.000000000000000000 ) ) ;
#4069 = ORIENTED_EDGE ( 'NONE', *, *, #2450, .T. ) ;
#4070 = VECTOR ( 'NONE', #2119, 1000.000000000000000 ) ;
#4071 = ORIENTED_EDGE ( 'NONE', *, *, #1388, .T. ) ;
#4072 = FACE_OUTER_BOUND ( 'NONE', #4013, .T. ) ;
#4073 = FACE_OUTER_BOUND ( 'NONE', #2432, .T. ) ;
#4074 = CARTESIAN_POINT ( 'NONE',  ( 5.000000000000084377, 19.00000000000000355, -40.00000000000000711 ) ) ;
#4075 = DIRECTION ( 'NONE',  ( -0.000000000000000000, 0.4999999999999971689, -0.8660254037844402619 ) ) ;
#4076 = EDGE_CURVE ( 'NONE', #4389, #2184, #202, .T. ) ;
#4077 = DIRECTION ( 'NONE',  ( 0.000000000000000000, 0.000000000000000000, 1.000000000000000000 ) ) ;
#4078 = CARTESIAN_POINT ( 'NONE',  ( 150.0000000000000000, 139.2746871206799710, -28.82050807568881012 ) ) ;
#4079 = ORIENTED_EDGE ( 'NONE', *, *, #878, .F. ) ;
#4080 = VECTOR ( 'NONE', #4492, 1000.000000000000000 ) ;
#4081 = FACE_BOUND ( 'NONE', #732, .T. ) ;
#4082 = ORIENTED_EDGE ( 'NONE', *, *, #179, .T. ) ;
#4083 = ORIENTED_EDGE ( 'NONE', *, *, #1672, .T. ) ;
#4084 = EDGE_CURVE ( 'NONE', #3505, #751, #1602, .T. ) ;
#4085 = VECTOR ( 'NONE', #4494, 1000.000000000000000 ) ;
#4086 = VECTOR ( 'NONE', #1829, 999.9999999999998863 ) ;
#4087 = DIRECTION ( 'NONE',  ( 0.000000000000000000, -0.8660254037844390407, -0.4999999999999993894 ) ) ;
#4088 = CARTESIAN_POINT ( 'NONE',  ( 15.45722587303880147, 165.0000000000000284, -0.1699397736853759389 ) ) ;
#4089 = ORIENTED_EDGE ( 'NONE', *, *, #3293, .T. ) ;
#4090 = CARTESIAN_POINT ( 'NONE',  ( 150.0000000000000000, 109.2746871206799852, -28.82050807568881012 ) ) ;
#4091 = VECTOR ( 'NONE', #2069, 1000.000000000000000 ) ;
#4092 = EDGE_CURVE ( 'NONE', #3603, #1119, #3704, .T. ) ;
#4093 = DIRECTION ( 'NONE',  ( 1.000000000000000000, 0.000000000000000000, 0.000000000000000000 ) ) ;
#4094 = ORIENTED_EDGE ( 'NONE', *, *, #2229, .T. ) ;
#4095 = EDGE_LOOP ( 'NONE', ( #4536, #1086, #4069, #3011 ) ) ;
#4096 = AXIS2_PLACEMENT_3D ( 'NONE', #2381, #4461, #4052 ) ;
#4097 = DIRECTION ( 'NONE',  ( -0.000000000000000000, 0.8660254037844401509, 0.4999999999999973910 ) ) ;
#4098 = CARTESIAN_POINT ( 'NONE',  ( 2.000000000000000000, 74.37829305739593622, -52.32046689773551407 ) ) ;
#4099 = CARTESIAN_POINT ( 'NONE',  ( 5.000000000000084377, 108.0000000000000142, -35.00000000000000000 ) ) ;
#4100 = LINE ( 'NONE', #954, #1092 ) ;
#4101 = VECTOR ( 'NONE', #4059, 1000.000000000000000 ) ;
#4102 = VECTOR ( 'NONE', #925, 1000.000000000000000 ) ;
#4103 = EDGE_CURVE ( 'NONE', #2836, #1939, #1993, .T. ) ;
#4104 = LINE ( 'NONE', #956, #706 ) ;
#4105 = ORIENTED_EDGE ( 'NONE', *, *, #4441, .T. ) ;
#4106 = CARTESIAN_POINT ( 'NONE',  ( 0.000000000000000000, 39.27468712068003498, -11.49999999999999467 ) ) ;
#4107 = EDGE_LOOP ( 'NONE', ( #3992, #251, #568, #3619 ) ) ;
#4108 = FACE_OUTER_BOUND ( 'NONE', #574, .T. ) ;
#4109 = EDGE_CURVE ( 'NONE', #4136, #3514, #3752, .T. ) ;
#4110 = DIRECTION ( 'NONE',  ( 0.000000000000000000, 0.000000000000000000, -1.000000000000000000 ) ) ;
#4111 = ADVANCED_FACE ( 'NONE', ( #1263 ), #913, .F. ) ;
#4112 = FACE_OUTER_BOUND ( 'NONE', #1360, .T. ) ;
#4113 = LINE ( 'NONE', #187, #3593 ) ;
#4114 = ORIENTED_EDGE ( 'NONE', *, *, #4475, .T. ) ;
#4115 = ADVANCED_FACE ( 'NONE', ( #4466 ), #1345, .F. ) ;
#4116 = LINE ( 'NONE', #276, #876 ) ;
#4117 = ORIENTED_EDGE ( 'NONE', *, *, #2327, .F. ) ;
#4118 = VECTOR ( 'NONE', #4533, 1000.000000000000114 ) ;
#4119 = CARTESIAN_POINT ( 'NONE',  ( 2.000000000000000000, 165.0000000000000000, -2.000000000000000000 ) ) ;
#4120 = VECTOR ( 'NONE', #112, 1000.000000000000000 ) ;
#4121 = CYLINDRICAL_SURFACE ( 'NONE', #4339, 1.649999999999998579 ) ;
#4122 = FACE_OUTER_BOUND ( 'NONE', #2721, .T. ) ;
#4123 = VECTOR ( 'NONE', #3280, 1000.000000000000114 ) ;
#4124 = CIRCLE ( 'NONE', #2502, 2.000000000000001776 ) ;
#4125 = CARTESIAN_POINT ( 'NONE',  ( 55.99999999999999289, 79.27468712067998524, -28.82050807568881012 ) ) ;
#4126 = EDGE_CURVE ( 'NONE', #4384, #1184, #4424, .T. ) ;
#4127 = ADVANCED_FACE ( 'NONE', ( #1305, #4130, #2686, #3775, #2735, #958, #2667, #1970, #4081, #938 ), #2342, .T. ) ;
#4128 = CARTESIAN_POINT ( 'NONE',  ( 0.000000000000000000, 165.0000000000000000, -2.000000000000000000 ) ) ;
#4129 = ORIENTED_EDGE ( 'NONE', *, *, #1112, .T. ) ;
#4130 = FACE_BOUND ( 'NONE', #2963, .T. ) ;
#4131 = ORIENTED_EDGE ( 'NONE', *, *, #1084, .F. ) ;
#4132 = ORIENTED_EDGE ( 'NONE', *, *, #2677, .T. ) ;
#4133 = CARTESIAN_POINT ( 'NONE',  ( 53.99999999999999289, 61.67661090932666212, -30.32050807568880302 ) ) ;
#4134 = CARTESIAN_POINT ( 'NONE',  ( 17.00000000000000000, 165.0000000000000000, -2.000000000000000000 ) ) ;
#4135 = DIRECTION ( 'NONE',  ( 0.000000000000000000, -0.4999999999999993894, 0.8660254037844390407 ) ) ;
#4136 = VERTEX_POINT ( 'NONE', #245 ) ;
#4137 = DIRECTION ( 'NONE',  ( -0.000000000000000000, -0.000000000000000000, -1.000000000000000000 ) ) ;
#4138 = EDGE_CURVE ( 'NONE', #4346, #3932, #626, .T. ) ;
#4139 = EDGE_CURVE ( 'NONE', #2984, #1194, #584, .T. ) ;
#4140 = CARTESIAN_POINT ( 'NONE',  ( 0.000000000000000000, 66.67661090932671186, -13.00000000000000000 ) ) ;
#4141 = ORIENTED_EDGE ( 'NONE', *, *, #3404, .T. ) ;
#4142 = EDGE_LOOP ( 'NONE', ( #323, #4177, #3479, #1138 ) ) ;
#4143 = EDGE_CURVE ( 'NONE', #2725, #4384, #1647, .T. ) ;
#4144 = LINE ( 'NONE', #1428, #4237 ) ;
#4145 = DIRECTION ( 'NONE',  ( 0.000000000000000000, 0.4999999999999976130, -0.8660254037844399289 ) ) ;
#4146 = CARTESIAN_POINT ( 'NONE',  ( 16.99999999999997868, 2.000000000000001776, -2.000000000000000000 ) ) ;
#4147 = ADVANCED_FACE ( 'NONE', ( #1117 ), #2827, .F. ) ;
#4148 = CARTESIAN_POINT ( 'NONE',  ( 55.99999999999999289, 114.2746871206800421, -11.49999999999999289 ) ) ;
#4149 = ORIENTED_EDGE ( 'NONE', *, *, #3764, .F. ) ;
#4150 = FACE_OUTER_BOUND ( 'NONE', #345, .T. ) ;
#4151 = VERTEX_POINT ( 'NONE', #17 ) ;
#4152 = ORIENTED_EDGE ( 'NONE', *, *, #2983, .F. ) ;
#4153 = VECTOR ( 'NONE', #2059, 1000.000000000000000 ) ;
#4154 = DIRECTION ( 'NONE',  ( -1.000000000000000000, 0.000000000000000000, 0.000000000000000000 ) ) ;
#4155 = DIRECTION ( 'NONE',  ( 0.000000000000000000, 0.000000000000000000, -1.000000000000000000 ) ) ;
#4156 = LINE ( 'NONE', #1009, #3254 ) ;
#4157 = ORIENTED_EDGE ( 'NONE', *, *, #1755, .F. ) ;
#4158 = FACE_OUTER_BOUND ( 'NONE', #2460, .T. ) ;
#4159 = AXIS2_PLACEMENT_3D ( 'NONE', #581, #2383, #623 ) ;
#4160 = AXIS2_PLACEMENT_3D ( 'NONE', #910, #2315, #1667 ) ;
#4161 = EDGE_CURVE ( 'NONE', #1048, #4266, #4241, .T. ) ;
#4162 = CARTESIAN_POINT ( 'NONE',  ( 56.00000000000000000, 146.0483178519305909, 32.82527636935236615 ) ) ;
#4163 = ORIENTED_EDGE ( 'NONE', *, *, #1314, .F. ) ;
#4164 = ORIENTED_EDGE ( 'NONE', *, *, #1949, .F. ) ;
#4165 = AXIS2_PLACEMENT_3D ( 'NONE', #2095, #4172, #330 ) ;
#4166 = DIRECTION ( 'NONE',  ( 0.000000000000000000, 0.000000000000000000, 1.000000000000000000 ) ) ;
#4167 = EDGE_CURVE ( 'NONE', #2056, #1760, #2487, .T. ) ;
#4168 = EDGE_CURVE ( 'NONE', #1270, #3205, #2746, .T. ) ;
#4169 = PLANE ( 'NONE',  #4434 ) ;
#4170 = ORIENTED_EDGE ( 'NONE', *, *, #4004, .T. ) ;
#4171 = DIRECTION ( 'NONE',  ( -0.000000000000000000, -0.000000000000000000, -1.000000000000000000 ) ) ;
#4172 = DIRECTION ( 'NONE',  ( 0.000000000000000000, -0.4999999999999993894, 0.8660254037844390407 ) ) ;
#4173 = ORIENTED_EDGE ( 'NONE', *, *, #863, .F. ) ;
#4174 = FACE_OUTER_BOUND ( 'NONE', #409, .T. ) ;
#4175 = VERTEX_POINT ( 'NONE', #3887 ) ;
#4176 = VECTOR ( 'NONE', #3486, 1000.000000000000000 ) ;
#4177 = ORIENTED_EDGE ( 'NONE', *, *, #2590, .T. ) ;
#4178 = DIRECTION ( 'NONE',  ( -0.000000000000000000, 0.8660254037844403729, 0.4999999999999971689 ) ) ;
#4179 = CARTESIAN_POINT ( 'NONE',  ( 0.000000000000000000, 165.0000000000000000, 3.000000000000000000 ) ) ;
#4180 = LINE ( 'NONE', #382, #2604 ) ;
#4181 = ORIENTED_EDGE ( 'NONE', *, *, #1502, .T. ) ;
#4182 = DIRECTION ( 'NONE',  ( 0.000000000000000000, -0.8660254037844400399, -0.4999999999999976685 ) ) ;
#4183 = ORIENTED_EDGE ( 'NONE', *, *, #1063, .T. ) ;
#4184 = EDGE_CURVE ( 'NONE', #2320, #3559, #395, .T. ) ;
#4185 = AXIS2_PLACEMENT_3D ( 'NONE', #2771, #4537, #42 ) ;
#4186 = DIRECTION ( 'NONE',  ( 0.000000000000000000, 0.000000000000000000, 1.000000000000000000 ) ) ;
#4187 = CARTESIAN_POINT ( 'NONE',  ( 0.000000000000000000, 69.27468712068004209, -11.49999999999999467 ) ) ;
#4188 = ORIENTED_EDGE ( 'NONE', *, *, #2181, .F. ) ;
#4189 = VERTEX_POINT ( 'NONE', #2467 ) ;
#4190 = CARTESIAN_POINT ( 'NONE',  ( 150.0000000000000000, 144.2746871206800279, -11.49999999999999645 ) ) ;
#4191 = CARTESIAN_POINT ( 'NONE',  ( 2.000000000000000000, 133.2263692687494085, -18.34451425581916340 ) ) ;
#4192 = CARTESIAN_POINT ( 'NONE',  ( 5.000000000000084377, 60.00000000000000711, -40.00000000000000711 ) ) ;
#4193 = VECTOR ( 'NONE', #2608, 1000.000000000000000 ) ;
#4194 = LINE ( 'NONE', #352, #482 ) ;
#4195 = VERTEX_POINT ( 'NONE', #2075 ) ;
#4196 = ORIENTED_EDGE ( 'NONE', *, *, #2225, .T. ) ;
#4197 = CIRCLE ( 'NONE', #967, 1.650000000000000355 ) ;
#4198 = DIRECTION ( 'NONE',  ( 0.000000000000000000, -0.8660254037844389297, -0.4999999999999993339 ) ) ;
#4199 = DIRECTION ( 'NONE',  ( 0.000000000000000000, 0.4999999999999976130, -0.8660254037844399289 ) ) ;
#4200 = ORIENTED_EDGE ( 'NONE', *, *, #3166, .F. ) ;
#4201 = EDGE_CURVE ( 'NONE', #2512, #912, #722, .T. ) ;
#4202 = CYLINDRICAL_SURFACE ( 'NONE', #1920, 2.000000000000000000 ) ;
#4203 = LINE ( 'NONE', #3849, #1150 ) ;
#4204 = DIRECTION ( 'NONE',  ( -0.000000000000000000, -0.000000000000000000, -1.000000000000000000 ) ) ;
#4205 = ORIENTED_EDGE ( 'NONE', *, *, #4441, .F. ) ;
#4206 = DIRECTION ( 'NONE',  ( 0.000000000000000000, -0.8660254037844394848, -0.4999999999999985012 ) ) ;
#4207 = EDGE_LOOP ( 'NONE', ( #2795, #3121, #1902, #2113 ) ) ;
#4208 = DIRECTION ( 'NONE',  ( 0.000000000000000000, -0.4999999999999976130, 0.8660254037844399289 ) ) ;
#4209 = ADVANCED_FACE ( 'NONE', ( #2847 ), #2507, .F. ) ;
#4210 = DIRECTION ( 'NONE',  ( -1.000000000000000000, 0.000000000000000000, 0.000000000000000000 ) ) ;
#4211 = VERTEX_POINT ( 'NONE', #3820 ) ;
#4212 = LINE ( 'NONE', #1726, #3189 ) ;
#4213 = DIRECTION ( 'NONE',  ( -1.000000000000000000, 0.000000000000000000, -0.000000000000000000 ) ) ;
#4214 = CARTESIAN_POINT ( 'NONE',  ( 55.99999999999999289, 94.27468712067998524, -28.82050807568881012 ) ) ;
#4215 = ORIENTED_EDGE ( 'NONE', *, *, #460, .T. ) ;
#4216 = ORIENTED_EDGE ( 'NONE', *, *, #824, .F. ) ;
#4217 = FACE_BOUND ( 'NONE', #3452, .T. ) ;
#4218 = ORIENTED_EDGE ( 'NONE', *, *, #1611, .T. ) ;
#4219 = EDGE_CURVE ( 'NONE', #4266, #2087, #311, .T. ) ;
#4220 = ORIENTED_EDGE ( 'NONE', *, *, #3954, .T. ) ;
#4221 = AXIS2_PLACEMENT_3D ( 'NONE', #936, #3728, #2599 ) ;
#4222 = DIRECTION ( 'NONE',  ( 0.000000000000000000, -0.4999999999999993894, 0.8660254037844390407 ) ) ;
#4223 = LINE ( 'NONE', #4352, #3410 ) ;
#4224 = DIRECTION ( 'NONE',  ( -0.000000000000000000, 0.8660254037844401509, 0.4999999999999973910 ) ) ;
#4225 = ORIENTED_EDGE ( 'NONE', *, *, #2717, .F. ) ;
#4226 = EDGE_CURVE ( 'NONE', #2615, #941, #4267, .T. ) ;
#4227 = LINE ( 'NONE', #1699, #1731 ) ;
#4228 = VERTEX_POINT ( 'NONE', #2785 ) ;
#4229 = FACE_BOUND ( 'NONE', #980, .T. ) ;
#4230 = ORIENTED_EDGE ( 'NONE', *, *, #1031, .F. ) ;
#4231 = CARTESIAN_POINT ( 'NONE',  ( 39.94531585775862226, 164.9999999999999432, -1.006587857113758311 ) ) ;
#4232 = AXIS2_PLACEMENT_3D ( 'NONE', #2318, #3384, #604 ) ;
#4233 = ORIENTED_EDGE ( 'NONE', *, *, #800, .F. ) ;
#4234 = ADVANCED_FACE ( 'NONE', ( #4174 ), #3868, .F. ) ;
#4235 = AXIS2_PLACEMENT_3D ( 'NONE', #2072, #646, #2485 ) ;
#4236 = CARTESIAN_POINT ( 'NONE',  ( 49.14999999999997016, 82.49999999999998579, 3.000000000000000000 ) ) ;
#4237 = VECTOR ( 'NONE', #1686, 1000.000000000000000 ) ;
#4238 = DIRECTION ( 'NONE',  ( -1.000000000000000000, 0.000000000000000000, 0.000000000000000000 ) ) ;
#4239 = DIRECTION ( 'NONE',  ( -1.000000000000000000, -0.000000000000000000, -0.000000000000000000 ) ) ;
#4240 = ORIENTED_EDGE ( 'NONE', *, *, #50, .T. ) ;
#4241 = LINE ( 'NONE', #1095, #3182 ) ;
#4242 = EDGE_LOOP ( 'NONE', ( #1488, #2073, #1475, #4181 ) ) ;
#4243 = APPLICATION_CONTEXT ( 'automotive_design' ) ;
#4244 = ADVANCED_FACE ( 'NONE', ( #1433, #4217, #3537, #4505, #1072, #2444, #1797, #1023, #3186, #332 ), #2125, .T. ) ;
#4245 = CARTESIAN_POINT ( 'NONE',  ( 47.49999999999997158, 82.49999999999998579, -1.000000000000000000 ) ) ;
#4246 = DIRECTION ( 'NONE',  ( 1.000000000000000000, -0.000000000000000000, 0.000000000000000000 ) ) ;
#4247 = VECTOR ( 'NONE', #226, 1000.000000000000000 ) ;
#4248 = VERTEX_POINT ( 'NONE', #57 ) ;
#4249 = CARTESIAN_POINT ( 'NONE',  ( 16.99999999999997868, 2.000000000000001776, 0.000000000000000000 ) ) ;
#4250 = VERTEX_POINT ( 'NONE', #2055 ) ;
#4251 = VECTOR ( 'NONE', #3933, 1000.000000000000000 ) ;
#4252 = CIRCLE ( 'NONE', #2692, 10.00000000000000178 ) ;
#4253 = ADVANCED_FACE ( 'NONE', ( #3515 ), #3490, .F. ) ;
#4254 = DIRECTION ( 'NONE',  ( 0.000000000000000000, -0.000000000000000000, -1.000000000000000000 ) ) ;
#4255 = DIRECTION ( 'NONE',  ( 0.000000000000000000, -0.8660254037844414832, -0.4999999999999950595 ) ) ;
#4256 = VERTEX_POINT ( 'NONE', #3144 ) ;
#4257 = EDGE_CURVE ( 'NONE', #632, #615, #3558, .T. ) ;
#4258 = DIRECTION ( 'NONE',  ( 0.000000000000000000, -0.8660254037844389297, -0.4999999999999993339 ) ) ;
#4259 = ORIENTED_EDGE ( 'NONE', *, *, #3244, .T. ) ;
#4260 = CARTESIAN_POINT ( 'NONE',  ( 51.00000000000008527, 19.00000000000000355, -30.00000000000000711 ) ) ;
#4261 = DIRECTION ( 'NONE',  ( -0.000000000000000000, -0.000000000000000000, -1.000000000000000000 ) ) ;
#4262 = ORIENTED_EDGE ( 'NONE', *, *, #2157, .T. ) ;
#4263 = DIRECTION ( 'NONE',  ( 0.000000000000000000, -0.8660254037844414832, -0.4999999999999950595 ) ) ;
#4264 = CARTESIAN_POINT ( 'NONE',  ( 5.849999999999969447, 41.24999999999999289, -1.000000000000000000 ) ) ;
#4265 = ADVANCED_FACE ( 'NONE', ( #2914 ), #4369, .F. ) ;
#4266 = VERTEX_POINT ( 'NONE', #3953 ) ;
#4267 = CIRCLE ( 'NONE', #301, 1.399999999999998579 ) ;
#4268 = VECTOR ( 'NONE', #25, 1000.000000000000000 ) ;
#4269 = CARTESIAN_POINT ( 'NONE',  ( 17.00000000000000000, 165.0000000000000000, 0.000000000000000000 ) ) ;
#4270 = ORIENTED_EDGE ( 'NONE', *, *, #628, .T. ) ;
#4271 = DIRECTION ( 'NONE',  ( 0.000000000000000000, -0.8660254037844414832, -0.4999999999999950595 ) ) ;
#4272 = ORIENTED_EDGE ( 'NONE', *, *, #2392, .T. ) ;
#4273 = CARTESIAN_POINT ( 'NONE',  ( 3.600000000000085798, 149.0000000000000284, -35.00000000000000000 ) ) ;
#4274 = VECTOR ( 'NONE', #1584, 1000.000000000000000 ) ;
#4275 = CARTESIAN_POINT ( 'NONE',  ( 5.000000000000084377, 108.0000000000000142, -40.00000000000000711 ) ) ;
#4276 = EDGE_CURVE ( 'NONE', #2700, #627, #3210, .T. ) ;
#4277 = VERTEX_POINT ( 'NONE', #1136 ) ;
#4278 = DIRECTION ( 'NONE',  ( 0.000000000000000000, -0.4999999999999972800, 0.8660254037844401509 ) ) ;
#4279 = ORIENTED_EDGE ( 'NONE', *, *, #3459, .T. ) ;
#4280 = PLANE ( 'NONE',  #1443 ) ;
#4281 = EDGE_LOOP ( 'NONE', ( #2736, #1789, #4173, #3732 ) ) ;
#4282 = DIRECTION ( 'NONE',  ( 0.000000000000000000, 0.000000000000000000, 1.000000000000000000 ) ) ;
#4283 = ORIENTED_EDGE ( 'NONE', *, *, #3313, .F. ) ;
#4284 = EDGE_CURVE ( 'NONE', #3638, #1728, #2868, .T. ) ;
#4285 = AXIS2_PLACEMENT_3D ( 'NONE', #3792, #3069, #3139 ) ;
#4286 = CARTESIAN_POINT ( 'NONE',  ( 150.0000000000000000, 136.6766109093266550, -30.32050807568879947 ) ) ;
#4287 = CARTESIAN_POINT ( 'NONE',  ( 40.99999999999997868, 2.000000000000001332, -2.000000000000000000 ) ) ;
#4288 = ORIENTED_EDGE ( 'NONE', *, *, #2165, .T. ) ;
#4289 = DIRECTION ( 'NONE',  ( 0.000000000000000000, -0.4999999999999976130, 0.8660254037844399289 ) ) ;
#4290 = ORIENTED_EDGE ( 'NONE', *, *, #1889, .T. ) ;
#4291 = CIRCLE ( 'NONE', #3242, 1.399999999999998579 ) ;
#4292 = CARTESIAN_POINT ( 'NONE',  ( 0.000000000000000000, 34.27468712067999235, -28.82050807568881368 ) ) ;
#4293 = CARTESIAN_POINT ( 'NONE',  ( 150.0000000000000000, 121.6766109093266550, -30.32050807568879947 ) ) ;
#4294 = VERTEX_POINT ( 'NONE', #2572 ) ;
#4295 = ADVANCED_FACE ( 'NONE', ( #858 ), #4325, .F. ) ;
#4296 = VECTOR ( 'NONE', #2790, 1000.000000000000114 ) ;
#4297 = DIRECTION ( 'NONE',  ( 0.000000000000000000, -0.4999999999999993894, 0.8660254037844390407 ) ) ;
#4298 = CARTESIAN_POINT ( 'NONE',  ( 150.0000000000000000, 49.27468712067999235, -28.82050807568881368 ) ) ;
#4299 = ORIENTED_EDGE ( 'NONE', *, *, #4168, .F. ) ;
#4300 = CIRCLE ( 'NONE', #4007, 4.000000000000000000 ) ;
#4301 = ADVANCED_FACE ( 'NONE', ( #418 ), #1846, .F. ) ;
#4302 = ADVANCED_FACE ( 'NONE', ( #2527 ), #765, .F. ) ;
#4303 = DIRECTION ( 'NONE',  ( -1.000000000000000000, -0.000000000000000000, -0.000000000000000000 ) ) ;
#4304 = EDGE_LOOP ( 'NONE', ( #549, #670 ) ) ;
#4305 = VECTOR ( 'NONE', #1639, 1000.000000000000114 ) ;
#4306 = CARTESIAN_POINT ( 'NONE',  ( 0.000000000000000000, 165.0000000000000000, 3.000000000000000000 ) ) ;
#4307 = CARTESIAN_POINT ( 'NONE',  ( 0.000000000000000000, 31.67661090932666212, -30.32050807568880302 ) ) ;
#4308 = ORIENTED_EDGE ( 'NONE', *, *, #240, .T. ) ;
#4309 = LINE ( 'NONE', #101, #4525 ) ;
#4310 = CARTESIAN_POINT ( 'NONE',  ( 22.14142842854284510, 165.0000000000000000, -38.00000000000000000 ) ) ;
#4311 = CARTESIAN_POINT ( 'NONE',  ( 55.99999999999999289, 141.6766109093267119, -12.99999999999999822 ) ) ;
#4312 = VERTEX_POINT ( 'NONE', #2216 ) ;
#4313 = CARTESIAN_POINT ( 'NONE',  ( 0.000000000000000000, 165.0000000000000000, -2.000000000000000000 ) ) ;
#4314 = ORIENTED_EDGE ( 'NONE', *, *, #2018, .F. ) ;
#4315 = CARTESIAN_POINT ( 'NONE',  ( 2.000000000000001776, 36.67661090932671186, -13.00000000000000000 ) ) ;
#4316 = CARTESIAN_POINT ( 'NONE',  ( 2.000000000000001776, 139.2746871206799710, -28.82050807568881012 ) ) ;
#4317 = CARTESIAN_POINT ( 'NONE',  ( 54.00000000000000000, 144.7983178519311309, 34.99033987881296781 ) ) ;
#4318 =( NAMED_UNIT ( * ) SI_UNIT ( $, .STERADIAN. ) SOLID_ANGLE_UNIT ( ) );
#4319 = AXIS2_PLACEMENT_3D ( 'NONE', #518, #620, #4404 ) ;
#4320 = ORIENTED_EDGE ( 'NONE', *, *, #905, .F. ) ;
#4321 = DIRECTION ( 'NONE',  ( 0.000000000000000000, -0.4999999999999976130, 0.8660254037844399289 ) ) ;
#4322 = DIRECTION ( 'NONE',  ( 0.000000000000000000, 0.8660254037844414832, 0.4999999999999950595 ) ) ;
#4323 = EDGE_LOOP ( 'NONE', ( #683, #2946, #1042, #2920 ) ) ;
#4324 = FACE_BOUND ( 'NONE', #4518, .T. ) ;
#4325 = PLANE ( 'NONE',  #3444 ) ;
#4326 = FACE_OUTER_BOUND ( 'NONE', #2755, .T. ) ;
#4327 = ORIENTED_EDGE ( 'NONE', *, *, #1378, .F. ) ;
#4328 = LINE ( 'NONE', #816, #739 ) ;
#4329 = CARTESIAN_POINT ( 'NONE',  ( 54.00000000000000000, 152.2983178519309604, 21.99995882204647657 ) ) ;
#4330 = LINE ( 'NONE', #1191, #2017 ) ;
#4331 = ORIENTED_EDGE ( 'NONE', *, *, #1077, .F. ) ;
#4332 = PLANE ( 'NONE',  #927 ) ;
#4333 = VERTEX_POINT ( 'NONE', #3604 ) ;
#4334 = DIRECTION ( 'NONE',  ( 0.000000000000000000, 0.000000000000000000, 1.000000000000000000 ) ) ;
#4335 = EDGE_CURVE ( 'NONE', #2430, #2725, #2237, .T. ) ;
#4336 = VECTOR ( 'NONE', #768, 1000.000000000000000 ) ;
#4337 = CARTESIAN_POINT ( 'NONE',  ( 0.000000000000000000, 0.000000000000000000, -35.00000000000000000 ) ) ;
#4338 = PLANE ( 'NONE',  #2140 ) ;
#4339 = AXIS2_PLACEMENT_3D ( 'NONE', #282, #4418, #3767 ) ;
#4340 = VECTOR ( 'NONE', #157, 1000.000000000000000 ) ;
#4341 = ORIENTED_EDGE ( 'NONE', *, *, #2523, .F. ) ;
#4342 = ORIENTED_EDGE ( 'NONE', *, *, #398, .T. ) ;
#4343 = CARTESIAN_POINT ( 'NONE',  ( 15.29697165011436510, 0.000000000000000000, 0.1308435623301635597 ) ) ;
#4344 = EDGE_CURVE ( 'NONE', #123, #2365, #3621, .T. ) ;
#4345 = CARTESIAN_POINT ( 'NONE',  ( 0.000000000000000000, 165.0000000000000000, -2.000000000000000000 ) ) ;
#4346 = VERTEX_POINT ( 'NONE', #78 ) ;
#4347 = CARTESIAN_POINT ( 'NONE',  ( 54.00000000000000000, 149.7983178519305909, 26.33008584096907967 ) ) ;
#4348 = DIRECTION ( 'NONE',  ( 1.000000000000000000, 0.000000000000000000, -0.000000000000000000 ) ) ;
#4349 = CARTESIAN_POINT ( 'NONE',  ( 150.0000000000000000, 49.27468712067999235, -28.82050807568881368 ) ) ;
#4350 = ORIENTED_EDGE ( 'NONE', *, *, #3118, .F. ) ;
#4351 = CARTESIAN_POINT ( 'NONE',  ( 7.499999999999969802, 41.24999999999999289, 3.000000000000000000 ) ) ;
#4352 = CARTESIAN_POINT ( 'NONE',  ( 56.00000000000000000, 99.47636926874930907, -37.83008584096896953 ) ) ;
#4353 = DIRECTION ( 'NONE',  ( 0.000000000000000000, -0.8660254037844414832, -0.4999999999999950595 ) ) ;
#4354 = ORIENTED_EDGE ( 'NONE', *, *, #4257, .T. ) ;
#4355 = DIRECTION ( 'NONE',  ( 0.000000000000000000, -0.000000000000000000, -1.000000000000000000 ) ) ;
#4356 = ORIENTED_EDGE ( 'NONE', *, *, #419, .F. ) ;
#4357 = LINE ( 'NONE', #1220, #3099 ) ;
#4358 = DIRECTION ( 'NONE',  ( -1.000000000000000000, 1.261617073437677752E-16, -0.000000000000000000 ) ) ;
#4359 = DIRECTION ( 'NONE',  ( 0.000000000000000000, -1.000000000000000000, 0.000000000000000000 ) ) ;
#4360 = ADVANCED_FACE ( 'NONE', ( #1160 ), #122, .F. ) ;
#4361 = AXIS2_PLACEMENT_3D ( 'NONE', #4099, #3396, #2729 ) ;
#4362 = LINE ( 'NONE', #654, #3119 ) ;
#4363 = CARTESIAN_POINT ( 'NONE',  ( 150.0000000000000000, 39.27468712068003498, -11.49999999999999467 ) ) ;
#4364 = ORIENTED_EDGE ( 'NONE', *, *, #1985, .F. ) ;
#4365 = EDGE_CURVE ( 'NONE', #914, #1653, #459, .T. ) ;
#4366 = ORIENTED_EDGE ( 'NONE', *, *, #2821, .T. ) ;
#4367 = CARTESIAN_POINT ( 'NONE',  ( 54.00000000000000000, 79.27468712067999945, -28.82050807568880302 ) ) ;
#4368 = FACE_OUTER_BOUND ( 'NONE', #1614, .T. ) ;
#4369 = PLANE ( 'NONE',  #2433 ) ;
#4370 = ORIENTED_EDGE ( 'NONE', *, *, #2436, .T. ) ;
#4371 = VECTOR ( 'NONE', #3873, 1000.000000000000114 ) ;
#4372 = CARTESIAN_POINT ( 'NONE',  ( 40.99999999999997868, 0.000000000000000000, 2.000000000000000000 ) ) ;
#4373 = VECTOR ( 'NONE', #489, 1000.000000000000000 ) ;
#4374 = LINE ( 'NONE', #3679, #932 ) ;
#4375 = CARTESIAN_POINT ( 'NONE',  ( 150.0000000000000000, 106.6766109093266550, -30.32050807568879947 ) ) ;
#4376 = EDGE_LOOP ( 'NONE', ( #1346, #3582, #2100, #1638 ) ) ;
#4377 = DIRECTION ( 'NONE',  ( -0.000000000000000000, 0.8660254037844402619, 0.4999999999999973355 ) ) ;
#4378 = VERTEX_POINT ( 'NONE', #1210 ) ;
#4379 = FACE_OUTER_BOUND ( 'NONE', #1373, .T. ) ;
#4380 = CIRCLE ( 'NONE', #1813, 1.649999999999998579 ) ;
#4381 = CARTESIAN_POINT ( 'NONE',  ( 5.000000000000084377, 108.0000000000000142, -30.00000000000000711 ) ) ;
#4382 = CARTESIAN_POINT ( 'NONE',  ( 150.0000000000000000, 124.2746871206799852, -28.82050807568881012 ) ) ;
#4383 = EDGE_LOOP ( 'NONE', ( #926, #244, #1573, #1021 ) ) ;
#4384 = VERTEX_POINT ( 'NONE', #1824 ) ;
#4385 = EDGE_CURVE ( 'NONE', #2620, #2585, #895, .T. ) ;
#4386 = EDGE_CURVE ( 'NONE', #2393, #89, #1894, .T. ) ;
#4387 = CIRCLE ( 'NONE', #2265, 4.000000000000003553 ) ;
#4388 = DIRECTION ( 'NONE',  ( 0.000000000000000000, 0.8660254037844414832, 0.4999999999999950595 ) ) ;
#4389 = VERTEX_POINT ( 'NONE', #2262 ) ;
#4390 = VERTEX_POINT ( 'NONE', #3649 ) ;
#4391 = EDGE_CURVE ( 'NONE', #4035, #2542, #376, .T. ) ;
#4392 = VECTOR ( 'NONE', #2479, 1000.000000000000000 ) ;
#4393 = LINE ( 'NONE', #1963, #3485 ) ;
#4394 = ORIENTED_EDGE ( 'NONE', *, *, #2702, .F. ) ;
#4395 = DIRECTION ( 'NONE',  ( -1.000000000000000000, -0.000000000000000000, -0.000000000000000000 ) ) ;
#4396 = FACE_OUTER_BOUND ( 'NONE', #1427, .T. ) ;
#4397 = DIRECTION ( 'NONE',  ( 1.000000000000000000, 0.000000000000000000, 0.000000000000000000 ) ) ;
#4398 = VECTOR ( 'NONE', #610, 1000.000000000000000 ) ;
#4399 = DIRECTION ( 'NONE',  ( -1.000000000000000000, 0.000000000000000000, 0.000000000000000000 ) ) ;
#4400 = EDGE_CURVE ( 'NONE', #1048, #48, #170, .T. ) ;
#4401 = ORIENTED_EDGE ( 'NONE', *, *, #2849, .F. ) ;
#4402 = DIRECTION ( 'NONE',  ( 0.000000000000000000, 0.4999999999999976130, -0.8660254037844399289 ) ) ;
#4403 = EDGE_CURVE ( 'NONE', #3937, #590, #576, .T. ) ;
#4404 = DIRECTION ( 'NONE',  ( 0.000000000000000000, -0.8660254037844389297, -0.4999999999999993339 ) ) ;
#4405 = LINE ( 'NONE', #2649, #2691 ) ;
#4406 = CARTESIAN_POINT ( 'NONE',  ( 22.14142842854284510, 165.0000000000000000, -27.99999999999999645 ) ) ;
#4407 = CARTESIAN_POINT ( 'NONE',  ( 2.000000000000000000, 149.7983178519305909, 26.33008584096907967 ) ) ;
#4408 = ORIENTED_EDGE ( 'NONE', *, *, #216, .T. ) ;
#4409 = CARTESIAN_POINT ( 'NONE',  ( 47.49999999999997158, 123.7500000000000000, -1.000000000000000000 ) ) ;
#4410 = ORIENTED_EDGE ( 'NONE', *, *, #644, .T. ) ;
#4411 = VECTOR ( 'NONE', #3218, 999.9999999999998863 ) ;
#4412 = EDGE_CURVE ( 'NONE', #3361, #4333, #2356, .T. ) ;
#4413 = CARTESIAN_POINT ( 'NONE',  ( 150.0000000000000000, 91.67661090932665502, -30.32050807568879947 ) ) ;
#4414 = EDGE_LOOP ( 'NONE', ( #1684, #3076, #217, #362 ) ) ;
#4415 = ORIENTED_EDGE ( 'NONE', *, *, #1491, .T. ) ;
#4416 = LINE ( 'NONE', #237, #4516 ) ;
#4417 = EDGE_CURVE ( 'NONE', #1831, #2126, #2638, .T. ) ;
#4418 = DIRECTION ( 'NONE',  ( -0.000000000000000000, -0.000000000000000000, 1.000000000000000000 ) ) ;
#4419 = CARTESIAN_POINT ( 'NONE',  ( 17.00000000000000000, 163.0000000000000000, 2.000000000000000000 ) ) ;
#4420 = DIRECTION ( 'NONE',  ( 0.000000000000000000, 0.4999999999999950595, -0.8660254037844414832 ) ) ;
#4421 = LINE ( 'NONE', #4128, #1512 ) ;
#4422 = DIRECTION ( 'NONE',  ( 0.000000000000000000, 0.000000000000000000, 1.000000000000000000 ) ) ;
#4423 = EDGE_LOOP ( 'NONE', ( #3881, #3194, #3145, #3796 ) ) ;
#4424 = LINE ( 'NONE', #1323, #849 ) ;
#4425 = ORIENTED_EDGE ( 'NONE', *, *, #3453, .F. ) ;
#4426 = ORIENTED_EDGE ( 'NONE', *, *, #2450, .F. ) ;
#4427 = EDGE_CURVE ( 'NONE', #3590, #1430, #3676, .T. ) ;
#4428 = CARTESIAN_POINT ( 'NONE',  ( 56.00000000000000000, 31.67661090932666212, -30.32050807568880657 ) ) ;
#4429 = LINE ( 'NONE', #4407, #3448 ) ;
#4430 = ORIENTED_EDGE ( 'NONE', *, *, #186, .T. ) ;
#4431 = CARTESIAN_POINT ( 'NONE',  ( 52.40000000000008384, 149.0000000000000284, -40.00000000000000711 ) ) ;
#4432 = CARTESIAN_POINT ( 'NONE',  ( 53.99999999999999289, 54.27468712068003498, -11.49999999999999467 ) ) ;
#4433 = VERTEX_POINT ( 'NONE', #534 ) ;
#4434 = AXIS2_PLACEMENT_3D ( 'NONE', #348, #4522, #1018 ) ;
#4435 = EDGE_LOOP ( 'NONE', ( #1762, #4519, #2799, #2294 ) ) ;
#4436 = EDGE_CURVE ( 'NONE', #4384, #912, #907, .T. ) ;
#4437 = CARTESIAN_POINT ( 'NONE',  ( 150.0000000000000000, 34.27468712067999235, -28.82050807568881368 ) ) ;
#4438 = DIRECTION ( 'NONE',  ( 1.000000000000000000, 0.000000000000000000, 0.000000000000000000 ) ) ;
#4439 = CARTESIAN_POINT ( 'NONE',  ( 0.000000000000000000, 141.6766109093267119, -12.99999999999999822 ) ) ;
#4440 = EDGE_CURVE ( 'NONE', #4195, #3514, #4050, .T. ) ;
#4441 = EDGE_CURVE ( 'NONE', #3853, #3377, #1687, .T. ) ;
#4442 = DIRECTION ( 'NONE',  ( 0.000000000000000000, 0.000000000000000000, -1.000000000000000000 ) ) ;
#4443 = EDGE_LOOP ( 'NONE', ( #1886, #866 ) ) ;
#4444 = VECTOR ( 'NONE', #4204, 1000.000000000000000 ) ;
#4445 = DIRECTION ( 'NONE',  ( 0.000000000000000000, 0.8660254037844414832, 0.4999999999999950595 ) ) ;
#4446 = VERTEX_POINT ( 'NONE', #3698 ) ;
#4447 = VECTOR ( 'NONE', #2145, 1000.000000000000114 ) ;
#4448 = FACE_OUTER_BOUND ( 'NONE', #461, .T. ) ;
#4449 = CARTESIAN_POINT ( 'NONE',  ( 56.00000000000000000, 165.0000000000000000, 3.000000000000000000 ) ) ;
#4450 = DIRECTION ( 'NONE',  ( 0.000000000000000000, 0.000000000000000000, 1.000000000000000000 ) ) ;
#4451 = ORIENTED_EDGE ( 'NONE', *, *, #4344, .T. ) ;
#4452 = CARTESIAN_POINT ( 'NONE',  ( 56.00000000000000000, 0.000000000000000000, 0.000000000000000000 ) ) ;
#4453 = VECTOR ( 'NONE', #599, 1000.000000000000000 ) ;
#4454 = EDGE_CURVE ( 'NONE', #2742, #2913, #2139, .T. ) ;
#4455 = VERTEX_POINT ( 'NONE', #3043 ) ;
#4456 = ORIENTED_EDGE ( 'NONE', *, *, #52, .T. ) ;
#4457 = VECTOR ( 'NONE', #3331, 1000.000000000000000 ) ;
#4458 = LINE ( 'NONE', #2283, #2899 ) ;
#4459 = EDGE_LOOP ( 'NONE', ( #3907, #4425, #1115, #2153 ) ) ;
#4460 = CARTESIAN_POINT ( 'NONE',  ( 7.499999999999971578, 82.49999999999998579, -1.000000000000000000 ) ) ;
#4461 = DIRECTION ( 'NONE',  ( -0.000000000000000000, -0.000000000000000000, 1.000000000000000000 ) ) ;
#4462 = CIRCLE ( 'NONE', #724, 4.000000000000000000 ) ;
#4463 = DIRECTION ( 'NONE',  ( -1.000000000000000000, -0.000000000000000000, -0.000000000000000000 ) ) ;
#4464 = EDGE_LOOP ( 'NONE', ( #3738, #2770, #1696, #1256 ) ) ;
#4465 = ORIENTED_EDGE ( 'NONE', *, *, #2203, .F. ) ;
#4466 = FACE_OUTER_BOUND ( 'NONE', #1757, .T. ) ;
#4467 = CARTESIAN_POINT ( 'NONE',  ( 16.99999999999997868, 0.000000000000000000, -2.000000000000000000 ) ) ;
#4468 = ORIENTED_EDGE ( 'NONE', *, *, #4161, .F. ) ;
#4469 = CARTESIAN_POINT ( 'NONE',  ( 150.0000000000000000, 64.27468712067998524, -28.82050807568881368 ) ) ;
#4470 = CARTESIAN_POINT ( 'NONE',  ( 150.0000000000000000, 79.27468712067998524, -28.82050807568881012 ) ) ;
#4471 = FACE_OUTER_BOUND ( 'NONE', #3467, .T. ) ;
#4472 = ORIENTED_EDGE ( 'NONE', *, *, #2402, .T. ) ;
#4473 = ADVANCED_FACE ( 'NONE', ( #4073 ), #3354, .F. ) ;
#4474 = ORIENTED_EDGE ( 'NONE', *, *, #527, .T. ) ;
#4475 = EDGE_CURVE ( 'NONE', #2938, #214, #1297, .T. ) ;
#4476 = ADVANCED_FACE ( 'NONE', ( #218 ), #975, .F. ) ;
#4477 = AXIS2_PLACEMENT_3D ( 'NONE', #3721, #3375, #618 ) ;
#4478 = AXIS2_PLACEMENT_3D ( 'NONE', #3190, #4222, #2532 ) ;
#4479 = CARTESIAN_POINT ( 'NONE',  ( 150.0000000000000000, 141.6766109093267119, -12.99999999999999822 ) ) ;
#4480 = CIRCLE ( 'NONE', #2501, 2.000000000000001776 ) ;
#4481 = CARTESIAN_POINT ( 'NONE',  ( 14.99999999999997868, 2.000000000000002220, 2.000000000000000000 ) ) ;
#4482 = DIRECTION ( 'NONE',  ( 0.000000000000000000, -0.8660254037844414832, -0.4999999999999950595 ) ) ;
#4483 = VECTOR ( 'NONE', #653, 1000.000000000000000 ) ;
#4484 = DIRECTION ( 'NONE',  ( -0.000000000000000000, -0.000000000000000000, 1.000000000000000000 ) ) ;
#4485 = FACE_OUTER_BOUND ( 'NONE', #3716, .T. ) ;
#4486 = EDGE_LOOP ( 'NONE', ( #365, #2371 ) ) ;
#4487 = CARTESIAN_POINT ( 'NONE',  ( 150.0000000000000000, 129.2746871206800279, -11.49999999999999289 ) ) ;
#4488 = ORIENTED_EDGE ( 'NONE', *, *, #435, .T. ) ;
#4489 = EDGE_CURVE ( 'NONE', #767, #1541, #600, .T. ) ;
#4490 = DIRECTION ( 'NONE',  ( -0.000000000000000000, -0.000000000000000000, 1.000000000000000000 ) ) ;
#4491 = DIRECTION ( 'NONE',  ( 0.000000000000000000, 0.000000000000000000, 1.000000000000000000 ) ) ;
#4492 = DIRECTION ( 'NONE',  ( 1.000000000000000000, 0.000000000000000000, 0.000000000000000000 ) ) ;
#4493 = ORIENTED_EDGE ( 'NONE', *, *, #371, .T. ) ;
#4494 = DIRECTION ( 'NONE',  ( -0.000000000000000000, -0.000000000000000000, -1.000000000000000000 ) ) ;
#4495 = ORIENTED_EDGE ( 'NONE', *, *, #3137, .T. ) ;
#4496 = DIRECTION ( 'NONE',  ( 3.469446951953613400E-15, 0.000000000000000000, -1.000000000000000000 ) ) ;
#4497 = ADVANCED_FACE ( 'NONE', ( #1277 ), #4121, .F. ) ;
#4498 = CARTESIAN_POINT ( 'NONE',  ( 54.00000000000000000, 119.3782930573960641, -26.33970478420243921 ) ) ;
#4499 = ADVANCED_FACE ( 'NONE', ( #3328 ), #194, .F. ) ;
#4500 = AXIS2_PLACEMENT_3D ( 'NONE', #356, #673, #4199 ) ;
#4501 = FACE_OUTER_BOUND ( 'NONE', #277, .T. ) ;
#4502 = LINE ( 'NONE', #3140, #1451 ) ;
#4503 = LINE ( 'NONE', #1020, #3785 ) ;
#4504 = EDGE_LOOP ( 'NONE', ( #4240, #1770, #1274, #3311 ) ) ;
#4505 = FACE_BOUND ( 'NONE', #3180, .T. ) ;
#4506 = EDGE_LOOP ( 'NONE', ( #753, #1014, #177, #671 ) ) ;
#4507 = ORIENTED_EDGE ( 'NONE', *, *, #1207, .F. ) ;
#4508 = AXIS2_PLACEMENT_3D ( 'NONE', #2449, #2813, #3895 ) ;
#4509 = CARTESIAN_POINT ( 'NONE',  ( 17.00000000000000000, 165.0000000000000000, 2.000000000000000000 ) ) ;
#4510 = LINE ( 'NONE', #2490, #4483 ) ;
#4511 = ORIENTED_EDGE ( 'NONE', *, *, #2018, .T. ) ;
#4512 = DIRECTION ( 'NONE',  ( 0.000000000000000000, 0.8660254037844414832, 0.4999999999999950595 ) ) ;
#4513 = DIRECTION ( 'NONE',  ( -1.000000000000000000, 0.000000000000000000, 0.000000000000000000 ) ) ;
#4514 = VECTOR ( 'NONE', #818, 1000.000000000000000 ) ;
#4515 = CARTESIAN_POINT ( 'NONE',  ( 47.49999999999997158, 123.7500000000000000, -1.000000000000000000 ) ) ;
#4516 = VECTOR ( 'NONE', #928, 1000.000000000000227 ) ;
#4517 = LINE ( 'NONE', #3856, #4392 ) ;
#4518 = EDGE_LOOP ( 'NONE', ( #1911, #2957 ) ) ;
#4519 = ORIENTED_EDGE ( 'NONE', *, *, #3918, .F. ) ;
#4520 = AXIS2_PLACEMENT_3D ( 'NONE', #3639, #271, #1675 ) ;
#4521 = LINE ( 'NONE', #2418, #636 ) ;
#4522 = DIRECTION ( 'NONE',  ( -0.000000000000000000, 0.8660254037844401509, 0.4999999999999973910 ) ) ;
#4523 = EDGE_CURVE ( 'NONE', #3836, #2678, #3068, .T. ) ;
#4524 = CARTESIAN_POINT ( 'NONE',  ( 49.14999999999995595, 41.24999999999999289, 3.000000000000000000 ) ) ;
#4525 = VECTOR ( 'NONE', #1501, 1000.000000000000000 ) ;
#4526 = LINE ( 'NONE', #742, #1811 ) ;
#4527 = ORIENTED_EDGE ( 'NONE', *, *, #1320, .T. ) ;
#4528 = DIRECTION ( 'NONE',  ( -1.000000000000000000, -0.000000000000000000, -0.000000000000000000 ) ) ;
#4529 = VECTOR ( 'NONE', #3950, 1000.000000000000114 ) ;
#4530 = VERTEX_POINT ( 'NONE', #4481 ) ;
#4531 = AXIS2_PLACEMENT_3D ( 'NONE', #3155, #26, #1426 ) ;
#4532 = EDGE_CURVE ( 'NONE', #2759, #2991, #1641, .T. ) ;
#4533 = DIRECTION ( 'NONE',  ( 0.000000000000000000, -0.8660254037844414832, -0.4999999999999950595 ) ) ;
#4534 = DIRECTION ( 'NONE',  ( -1.000000000000000000, 1.261617073437677752E-16, 0.000000000000000000 ) ) ;
#4535 = FACE_OUTER_BOUND ( 'NONE', #2010, .T. ) ;
#4536 = ORIENTED_EDGE ( 'NONE', *, *, #848, .F. ) ;
#4537 = DIRECTION ( 'NONE',  ( -0.000000000000000000, 0.8660254037844401509, 0.4999999999999973910 ) ) ;
#4538 = ORIENTED_EDGE ( 'NONE', *, *, #2360, .T. ) ;
ENDSEC;
END-ISO-10303-21;
