ISO-10303-21;
HEADER;
FILE_DESCRIPTION (( 'STEP AP214' ),
    '1' );
FILE_NAME ('suppport.STEP',
    '2026-05-17T10:55:27',
    ( '' ),
    ( '' ),
    'SwSTEP 2.0',
    'SolidWorks 2026',
    '' );
FILE_SCHEMA (( 'AUTOMOTIVE_DESIGN' ));
ENDSEC;

DATA;
#1 = ORIENTED_EDGE ( 'NONE', *, *, #910, .F. ) ;
#2 = DIRECTION ( 'NONE',  ( 0.000000000000000000, 0.000000000000000000, 1.000000000000000000 ) ) ;
#3 = DIRECTION ( 'NONE',  ( -0.000000000000000000, -1.000000000000000000, -0.000000000000000000 ) ) ;
#4 = ORIENTED_EDGE ( 'NONE', *, *, #626, .T. ) ;
#5 = EDGE_CURVE ( 'NONE', #840, #820, #639, .T. ) ;
#6 = VECTOR ( 'NONE', #698, 1000.000000000000000 ) ;
#7 = LINE ( 'NONE', #250, #370 ) ;
#8 = CARTESIAN_POINT ( 'NONE',  ( 27.00000000000000000, 4.000000000000000000, -26.64999999999999858 ) ) ;
#9 = CARTESIAN_POINT ( 'NONE',  ( 12.49999999999999822, 7.000000000000000888, -12.49999999999999822 ) ) ;
#10 = ORIENTED_EDGE ( 'NONE', *, *, #141, .T. ) ;
#11 = CARTESIAN_POINT ( 'NONE',  ( -0.9999999999999856781, 4.000000000000000000, -28.00000000000000000 ) ) ;
#12 = FACE_BOUND ( 'NONE', #1196, .T. ) ;
#13 = VERTEX_POINT ( 'NONE', #1015 ) ;
#14 = EDGE_CURVE ( 'NONE', #1072, #1124, #1010, .T. ) ;
#15 = DIRECTION ( 'NONE',  ( -1.000000000000000000, 0.000000000000000000, 0.000000000000000000 ) ) ;
#16 = CARTESIAN_POINT ( 'NONE',  ( 12.49999999999999822, 38.99999999999998579, -2.106201416103650192 ) ) ;
#17 = LINE ( 'NONE', #780, #1172 ) ;
#18 = ORIENTED_EDGE ( 'NONE', *, *, #663, .T. ) ;
#19 = CARTESIAN_POINT ( 'NONE',  ( 23.49999999999997868, 43.00000000000000000, 0.5000000000000029976 ) ) ;
#20 = CARTESIAN_POINT ( 'NONE',  ( 23.49999999999997868, 38.99999999999999289, 0.5000000000000029976 ) ) ;
#21 = EDGE_CURVE ( 'NONE', #840, #274, #487, .T. ) ;
#22 = PRESENTATION_LAYER_ASSIGNMENT (  '', '', ( #1290 ) ) ;
#23 = AXIS2_PLACEMENT_3D ( 'NONE', #326, #771, #677 ) ;
#24 = AXIS2_PLACEMENT_3D ( 'NONE', #557, #1350, #513 ) ;
#25 = ORIENTED_EDGE ( 'NONE', *, *, #853, .T. ) ;
#26 = CARTESIAN_POINT ( 'NONE',  ( 1.500000000000006883, 38.99999999999999289, 0.5000000000000029976 ) ) ;
#27 = CARTESIAN_POINT ( 'NONE',  ( 27.00000000000000000, 4.000000000000000000, -26.64999999999999858 ) ) ;
#28 = ADVANCED_FACE ( 'NONE', ( #528 ), #992, .F. ) ;
#29 = DIRECTION ( 'NONE',  ( 0.000000000000000000, 0.000000000000000000, 1.000000000000000000 ) ) ;
#30 = CARTESIAN_POINT ( 'NONE',  ( 2.020667218593133987E-16, 0.000000000000000000, -23.35000000000000142 ) ) ;
#31 = DIRECTION ( 'NONE',  ( 0.000000000000000000, -1.000000000000000000, 0.000000000000000000 ) ) ;
#32 = VERTEX_POINT ( 'NONE', #316 ) ;
#33 = DIRECTION ( 'NONE',  ( -0.000000000000000000, 1.000000000000000000, 0.000000000000000000 ) ) ;
#34 = PLANE ( 'NONE',  #1087 ) ;
#35 = CARTESIAN_POINT ( 'NONE',  ( -0.9999999999999856781, 0.000000000000000000, -28.00000000000000000 ) ) ;
#36 = AXIS2_PLACEMENT_3D ( 'NONE', #486, #953, #368 ) ;
#37 = AXIS2_PLACEMENT_3D ( 'NONE', #1372, #929, #911 ) ;
#38 = ADVANCED_FACE ( 'NONE', ( #642 ), #106, .F. ) ;
#39 = CARTESIAN_POINT ( 'NONE',  ( 22.49999999999999645, 38.99999999999999289, -2.499999999999996891 ) ) ;
#40 = VERTEX_POINT ( 'NONE', #443 ) ;
#41 = CARTESIAN_POINT ( 'NONE',  ( 0.000000000000000000, 0.000000000000000000, 0.000000000000000000 ) ) ;
#42 = DIRECTION ( 'NONE',  ( 0.000000000000000000, -1.000000000000000000, 0.000000000000000000 ) ) ;
#43 = PLANE ( 'NONE',  #457 ) ;
#44 = PRODUCT_CONTEXT ( 'NONE', #392, 'mechanical' ) ;
#45 = LINE ( 'NONE', #713, #846 ) ;
#46 = FACE_OUTER_BOUND ( 'NONE', #723, .T. ) ;
#47 = CYLINDRICAL_SURFACE ( 'NONE', #352, 1.999999999999999112 ) ;
#48 = VERTEX_POINT ( 'NONE', #1364 ) ;
#49 = CIRCLE ( 'NONE', #1293, 1.999999999999999556 ) ;
#50 = CARTESIAN_POINT ( 'NONE',  ( 25.49999999999999645, 38.99999999999999289, -1.500000000000011324 ) ) ;
#51 = CIRCLE ( 'NONE', #95, 1.650000000000000133 ) ;
#52 = CARTESIAN_POINT ( 'NONE',  ( 0.000000000000000000, 4.000000000000000000, 0.000000000000000000 ) ) ;
#53 = DIRECTION ( 'NONE',  ( 0.000000000000000000, 0.000000000000000000, -1.000000000000000000 ) ) ;
#54 = VERTEX_POINT ( 'NONE', #360 ) ;
#55 = DIRECTION ( 'NONE',  ( 2.956915015869561469E-17, 0.000000000000000000, -1.000000000000000000 ) ) ;
#56 = DIRECTION ( 'NONE',  ( 0.000000000000000000, 0.000000000000000000, 1.000000000000000000 ) ) ;
#57 = DIRECTION ( 'NONE',  ( 0.000000000000000000, -1.000000000000000000, 0.000000000000000000 ) ) ;
#58 = PLANE ( 'NONE',  #341 ) ;
#59 = CARTESIAN_POINT ( 'NONE',  ( 30.00000000000000000, 4.000000000000000000, 1.000000000000000000 ) ) ;
#60 = CIRCLE ( 'NONE', #999, 1.650000000000000133 ) ;
#61 = ORIENTED_EDGE ( 'NONE', *, *, #5, .F. ) ;
#62 = ORIENTED_EDGE ( 'NONE', *, *, #408, .T. ) ;
#63 = CARTESIAN_POINT ( 'NONE',  ( 2.499999999999993339, 38.99999999999999289, -20.85000000000000142 ) ) ;
#64 = CARTESIAN_POINT ( 'NONE',  ( -3.000000000000000000, 4.000000000000000000, 0.9999999999999856781 ) ) ;
#65 = EDGE_CURVE ( 'NONE', #976, #223, #509, .T. ) ;
#66 = APPLICATION_PROTOCOL_DEFINITION ( 'draft international standard', 'automotive_design', 1998, #392 ) ;
#67 = VERTEX_POINT ( 'NONE', #347 ) ;
#68 = ORIENTED_EDGE ( 'NONE', *, *, #1137, .F. ) ;
#69 = EDGE_LOOP ( 'NONE', ( #555, #216, #948, #338 ) ) ;
#70 = DIRECTION ( 'NONE',  ( 0.000000000000000000, 0.000000000000000000, -1.000000000000000000 ) ) ;
#71 = AXIS2_PLACEMENT_3D ( 'NONE', #228, #1130, #1248 ) ;
#72 = AXIS2_PLACEMENT_3D ( 'NONE', #364, #818, #1267 ) ;
#73 = DIRECTION ( 'NONE',  ( -0.000000000000000000, 1.000000000000000000, 0.000000000000000000 ) ) ;
#74 = EDGE_CURVE ( 'NONE', #1410, #510, #258, .T. ) ;
#75 = EDGE_LOOP ( 'NONE', ( #62, #650, #1296, #754 ) ) ;
#76 = ORIENTED_EDGE ( 'NONE', *, *, #353, .F. ) ;
#77 = ORIENTED_EDGE ( 'NONE', *, *, #499, .T. ) ;
#78 = CARTESIAN_POINT ( 'NONE',  ( 1.499999999999992228, 38.99999999999999289, -1.499999999999996669 ) ) ;
#79 = CARTESIAN_POINT ( 'NONE',  ( 25.21035443510151453, 38.99999999999999289, -23.44060739328923759 ) ) ;
#80 = DIRECTION ( 'NONE',  ( 0.000000000000000000, 0.000000000000000000, -1.000000000000000000 ) ) ;
#81 = ORIENTED_EDGE ( 'NONE', *, *, #1422, .T. ) ;
#82 = CARTESIAN_POINT ( 'NONE',  ( -0.9999999999999856781, 0.000000000000000000, 3.000000000000000000 ) ) ;
#83 = EDGE_CURVE ( 'NONE', #323, #641, #1232, .T. ) ;
#84 = ORIENTED_EDGE ( 'NONE', *, *, #229, .T. ) ;
#85 = CIRCLE ( 'NONE', #1054, 1.999999999999999556 ) ;
#86 = ORIENTED_EDGE ( 'NONE', *, *, #907, .F. ) ;
#87 = ADVANCED_FACE ( 'NONE', ( #1146 ), #1134, .F. ) ;
#88 = DIRECTION ( 'NONE',  ( 0.000000000000000000, 0.000000000000000000, 1.000000000000000000 ) ) ;
#89 = ORIENTED_EDGE ( 'NONE', *, *, #436, .F. ) ;
#90 = DIRECTION ( 'NONE',  ( -0.000000000000000000, -1.000000000000000000, -0.000000000000000000 ) ) ;
#91 = ORIENTED_EDGE ( 'NONE', *, *, #910, .T. ) ;
#92 = ADVANCED_FACE ( 'NONE', ( #872 ), #524, .F. ) ;
#93 = AXIS2_PLACEMENT_3D ( 'NONE', #1265, #1368, #685 ) ;
#94 = CIRCLE ( 'NONE', #1399, 7.395432676254970694 ) ;
#95 = AXIS2_PLACEMENT_3D ( 'NONE', #1245, #252, #774 ) ;
#96 = LINE ( 'NONE', #319, #191 ) ;
#97 = DIRECTION ( 'NONE',  ( 0.000000000000000000, 0.000000000000000000, -1.000000000000000000 ) ) ;
#98 = ORIENTED_EDGE ( 'NONE', *, *, #587, .T. ) ;
#99 = CARTESIAN_POINT ( 'NONE',  ( -0.5000000000000066613, 38.99999999999999289, -23.49999999999998224 ) ) ;
#100 = ORIENTED_EDGE ( 'NONE', *, *, #853, .F. ) ;
#101 = CARTESIAN_POINT ( 'NONE',  ( 27.00000000000000000, 4.000000000000000000, 0.000000000000000000 ) ) ;
#102 = ADVANCED_FACE ( 'NONE', ( #516 ), #1050, .F. ) ;
#103 = CARTESIAN_POINT ( 'NONE',  ( 12.49999999999999822, 7.000000000000000888, -2.106201416103646640 ) ) ;
#104 = DIRECTION ( 'NONE',  ( 0.000000000000000000, 1.000000000000000000, 0.000000000000000000 ) ) ;
#105 = ORIENTED_EDGE ( 'NONE', *, *, #499, .F. ) ;
#106 = PLANE ( 'NONE',  #612 ) ;
#107 = FACE_OUTER_BOUND ( 'NONE', #445, .T. ) ;
#108 = ORIENTED_EDGE ( 'NONE', *, *, #1176, .T. ) ;
#109 = CIRCLE ( 'NONE', #1412, 7.395432676254973359 ) ;
#110 = CARTESIAN_POINT ( 'NONE',  ( 25.49999999999999645, 43.00000000000000000, -23.49999999999998224 ) ) ;
#111 = EDGE_CURVE ( 'NONE', #649, #738, #381, .T. ) ;
#112 = DIRECTION ( 'NONE',  ( 0.000000000000000000, 1.000000000000000000, 0.000000000000000000 ) ) ;
#113 = ORIENTED_EDGE ( 'NONE', *, *, #760, .T. ) ;
#114 = VERTEX_POINT ( 'NONE', #1317 ) ;
#115 = DIRECTION ( 'NONE',  ( 0.000000000000000000, 0.000000000000000000, -1.000000000000000000 ) ) ;
#116 = ORIENTED_EDGE ( 'NONE', *, *, #1375, .F. ) ;
#117 = VECTOR ( 'NONE', #901, 1000.000000000000000 ) ;
#118 = SURFACE_SIDE_STYLE ('',( #654 ) ) ;
#119 = FACE_BOUND ( 'NONE', #903, .T. ) ;
#120 = AXIS2_PLACEMENT_3D ( 'NONE', #1203, #1429, #80 ) ;
#121 = CARTESIAN_POINT ( 'NONE',  ( 22.49999999999999645, 43.00000000000000000, -24.14999999999999858 ) ) ;
#122 = AXIS2_PLACEMENT_3D ( 'NONE', #382, #955, #1385 ) ;
#123 = EDGE_CURVE ( 'NONE', #1278, #676, #179, .T. ) ;
#124 = ORIENTED_EDGE ( 'NONE', *, *, #111, .T. ) ;
#125 = ORIENTED_EDGE ( 'NONE', *, *, #1244, .T. ) ;
#126 = CYLINDRICAL_SURFACE ( 'NONE', #24, 1.999999999999999556 ) ;
#127 = DIRECTION ( 'NONE',  ( 0.000000000000000000, 1.000000000000000000, 0.000000000000000000 ) ) ;
#128 = CARTESIAN_POINT ( 'NONE',  ( -1.000000000000000444, 0.000000000000000000, 1.000000000000000444 ) ) ;
#129 = DIRECTION ( 'NONE',  ( 7.975273491784263033E-15, 0.000000000000000000, 1.000000000000000000 ) ) ;
#130 = ORIENTED_EDGE ( 'NONE', *, *, #1391, .T. ) ;
#131 = FACE_OUTER_BOUND ( 'NONE', #75, .T. ) ;
#132 = ORIENTED_EDGE ( 'NONE', *, *, #195, .F. ) ;
#133 = EDGE_CURVE ( 'NONE', #1246, #621, #1082, .T. ) ;
#134 = CARTESIAN_POINT ( 'NONE',  ( 16.60000979361256057, 4.000000000000000000, -28.76160876704026137 ) ) ;
#135 = DIRECTION ( 'NONE',  ( 0.000000000000000000, 0.000000000000000000, -1.000000000000000000 ) ) ;
#136 = DIRECTION ( 'NONE',  ( 1.000000000000000000, 0.000000000000000000, 0.000000000000000000 ) ) ;
#137 = DIRECTION ( 'NONE',  ( 0.000000000000000000, 0.000000000000000000, 1.000000000000000000 ) ) ;
#138 = DIRECTION ( 'NONE',  ( 0.000000000000000000, 1.000000000000000000, -0.000000000000000000 ) ) ;
#139 = ORIENTED_EDGE ( 'NONE', *, *, #531, .T. ) ;
#140 = PRODUCT_DEFINITION_CONTEXT ( 'detailed design', #1212, 'design' ) ;
#141 = EDGE_CURVE ( 'NONE', #453, #641, #721, .T. ) ;
#142 = VECTOR ( 'NONE', #730, 1000.000000000000000 ) ;
#143 = DIRECTION ( 'NONE',  ( 0.000000000000000000, 0.000000000000000000, 1.000000000000000000 ) ) ;
#144 = VECTOR ( 'NONE', #15, 1000.000000000000000 ) ;
#145 = EDGE_LOOP ( 'NONE', ( #1347, #1218, #108, #1441, #1168 ) ) ;
#146 = AXIS2_PLACEMENT_3D ( 'NONE', #465, #926, #934 ) ;
#147 = DIRECTION ( 'NONE',  ( -0.000000000000000000, -1.000000000000000000, -0.000000000000000000 ) ) ;
#148 = FACE_OUTER_BOUND ( 'NONE', #451, .T. ) ;
#149 = CARTESIAN_POINT ( 'NONE',  ( 2.499999999999993339, 38.99999999999999289, -22.50000000000000000 ) ) ;
#150 = ADVANCED_FACE ( 'NONE', ( #46 ), #194, .T. ) ;
#151 = LINE ( 'NONE', #551, #117 ) ;
#152 = CARTESIAN_POINT ( 'NONE',  ( 22.49999999999999645, 43.00000000000000000, -2.499999999999996891 ) ) ;
#153 = ORIENTED_EDGE ( 'NONE', *, *, #21, .F. ) ;
#154 = LINE ( 'NONE', #50, #1183 ) ;
#155 = CARTESIAN_POINT ( 'NONE',  ( -3.000000000000000000, 0.000000000000000000, 0.9999999999999856781 ) ) ;
#156 = DIRECTION ( 'NONE',  ( -0.000000000000000000, 1.000000000000000000, 0.000000000000000000 ) ) ;
#157 = CARTESIAN_POINT ( 'NONE',  ( 1.500000000000007550, 38.99999999999999289, -25.50000000000000000 ) ) ;
#158 = VECTOR ( 'NONE', #594, 1000.000000000000000 ) ;
#159 = FACE_OUTER_BOUND ( 'NONE', #1177, .T. ) ;
#160 = EDGE_CURVE ( 'NONE', #464, #481, #477, .T. ) ;
#161 = DIRECTION ( 'NONE',  ( 1.000000000000000000, 0.000000000000000000, -0.000000000000000000 ) ) ;
#162 = PRODUCT_RELATED_PRODUCT_CATEGORY ( 'part', '', ( #467 ) ) ;
#163 = ORIENTED_EDGE ( 'NONE', *, *, #448, .F. ) ;
#164 = FACE_OUTER_BOUND ( 'NONE', #69, .T. ) ;
#165 = FACE_BOUND ( 'NONE', #296, .T. ) ;
#166 = DIRECTION ( 'NONE',  ( -0.000000000000000000, -1.000000000000000000, -0.000000000000000000 ) ) ;
#167 = DIRECTION ( 'NONE',  ( 0.000000000000000000, 1.000000000000000000, 0.000000000000000000 ) ) ;
#168 = DIRECTION ( 'NONE',  ( 0.000000000000000000, 0.000000000000000000, -1.000000000000000000 ) ) ;
#169 = ORIENTED_EDGE ( 'NONE', *, *, #599, .F. ) ;
#170 = EDGE_CURVE ( 'NONE', #223, #976, #916, .T. ) ;
#171 = VECTOR ( 'NONE', #657, 1000.000000000000000 ) ;
#172 = ORIENTED_EDGE ( 'NONE', *, *, #727, .F. ) ;
#173 = DIRECTION ( 'NONE',  ( 0.000000000000000000, 0.000000000000000000, -1.000000000000000000 ) ) ;
#174 = CIRCLE ( 'NONE', #1210, 7.395432676254970694 ) ;
#175 = DIRECTION ( 'NONE',  ( 0.000000000000000000, 1.000000000000000000, 0.000000000000000000 ) ) ;
#176 = FACE_BOUND ( 'NONE', #1047, .T. ) ;
#177 = PLANE ( 'NONE',  #974 ) ;
#178 = DIRECTION ( 'NONE',  ( -1.000000000000000000, -0.000000000000000000, -0.000000000000000000 ) ) ;
#179 = CIRCLE ( 'NONE', #746, 1.649999999999998579 ) ;
#180 = ORIENTED_EDGE ( 'NONE', *, *, #1097, .F. ) ;
#181 = EDGE_CURVE ( 'NONE', #280, #40, #1186, .T. ) ;
#182 = CARTESIAN_POINT ( 'NONE',  ( 30.00000000000000000, 0.000000000000000000, -26.00000000000000355 ) ) ;
#183 = LINE ( 'NONE', #720, #1115 ) ;
#184 = EDGE_LOOP ( 'NONE', ( #615, #1219, #1393, #1249 ) ) ;
#185 = ORIENTED_EDGE ( 'NONE', *, *, #1376, .F. ) ;
#186 = DIRECTION ( 'NONE',  ( -0.000000000000000000, 1.000000000000000000, 0.000000000000000000 ) ) ;
#187 = DIRECTION ( 'NONE',  ( -0.000000000000000000, -1.000000000000000000, -0.000000000000000000 ) ) ;
#188 = FACE_OUTER_BOUND ( 'NONE', #997, .T. ) ;
#189 = VERTEX_POINT ( 'NONE', #405 ) ;
#190 = VERTEX_POINT ( 'NONE', #752 ) ;
#191 = VECTOR ( 'NONE', #432, 1000.000000000000000 ) ;
#192 = CIRCLE ( 'NONE', #550, 1.999999999999998224 ) ;
#193 = EDGE_CURVE ( 'NONE', #630, #1278, #1425, .T. ) ;
#194 = CYLINDRICAL_SURFACE ( 'NONE', #120, 1.999999999999998224 ) ;
#195 = EDGE_CURVE ( 'NONE', #1437, #388, #299, .T. ) ;
#196 = EDGE_LOOP ( 'NONE', ( #1370, #1112, #546, #1340, #77, #4, #549, #25 ) ) ;
#197 = ORIENTED_EDGE ( 'NONE', *, *, #288, .F. ) ;
#198 = DIRECTION ( 'NONE',  ( -0.000000000000000000, -1.000000000000000000, -0.000000000000000000 ) ) ;
#199 = AXIS2_PLACEMENT_3D ( 'NONE', #78, #376, #824 ) ;
#200 = VECTOR ( 'NONE', #186, 1000.000000000000000 ) ;
#201 = EDGE_CURVE ( 'NONE', #1205, #534, #1440, .T. ) ;
#202 = CARTESIAN_POINT ( 'NONE',  ( 22.49999999999999645, 38.99999999999999289, -4.149999999999995914 ) ) ;
#203 = EDGE_LOOP ( 'NONE', ( #897, #996, #547, #215 ) ) ;
#204 = CARTESIAN_POINT ( 'NONE',  ( 27.96929288979974970, 4.000000000000000000, -18.97695742533410623 ) ) ;
#205 = CARTESIAN_POINT ( 'NONE',  ( 0.000000000000000000, 0.000000000000000000, -25.00000000000000000 ) ) ;
#206 = CARTESIAN_POINT ( 'NONE',  ( 2.499999999999993339, 43.00000000000000000, -22.50000000000000000 ) ) ;
#207 = ORIENTED_EDGE ( 'NONE', *, *, #599, .T. ) ;
#208 = ORIENTED_EDGE ( 'NONE', *, *, #1354, .T. ) ;
#209 = ADVANCED_FACE ( 'NONE', ( #188 ), #1322, .F. ) ;
#210 = VECTOR ( 'NONE', #156, 1000.000000000000000 ) ;
#211 = AXIS2_PLACEMENT_3D ( 'NONE', #983, #1414, #423 ) ;
#212 = CARTESIAN_POINT ( 'NONE',  ( 27.00000000000000000, 4.000000000000000000, -25.00000000000000000 ) ) ;
#213 =( GEOMETRIC_REPRESENTATION_CONTEXT ( 3 ) GLOBAL_UNCERTAINTY_ASSIGNED_CONTEXT ( ( #1031 ) ) GLOBAL_UNIT_ASSIGNED_CONTEXT ( ( #967, #1180, #595 ) ) REPRESENTATION_CONTEXT ( 'NONE', 'WORKASPACE' ) );
#214 = CARTESIAN_POINT ( 'NONE',  ( 17.86549312619191454, 6.900995535990086083, -7.410411806264963097 ) ) ;
#215 = ORIENTED_EDGE ( 'NONE', *, *, #1037, .F. ) ;
#216 = ORIENTED_EDGE ( 'NONE', *, *, #1121, .T. ) ;
#217 = DIRECTION ( 'NONE',  ( 0.000000000000000000, 0.000000000000000000, -1.000000000000000000 ) ) ;
#218 = EDGE_LOOP ( 'NONE', ( #518, #889, #100, #124 ) ) ;
#219 = CARTESIAN_POINT ( 'NONE',  ( 6.815358451906405435, 4.000000000000000000, -17.39232567085307934 ) ) ;
#220 = EDGE_CURVE ( 'NONE', #426, #1072, #351, .T. ) ;
#221 = CARTESIAN_POINT ( 'NONE',  ( 0.000000000000000000, 0.000000000000000000, -1.650000000000000133 ) ) ;
#222 = CARTESIAN_POINT ( 'NONE',  ( 25.49999999999999645, 38.99999999999999289, -1.500000000000011324 ) ) ;
#223 = VERTEX_POINT ( 'NONE', #310 ) ;
#224 = EDGE_LOOP ( 'NONE', ( #1136, #1004, #1387, #130 ) ) ;
#225 = EDGE_LOOP ( 'NONE', ( #329, #1078, #68, #1030 ) ) ;
#226 = DIRECTION ( 'NONE',  ( -0.000000000000000000, 1.000000000000000000, 0.000000000000000000 ) ) ;
#227 = VERTEX_POINT ( 'NONE', #1276 ) ;
#228 = CARTESIAN_POINT ( 'NONE',  ( 27.99999999999999645, 0.000000000000000000, -26.00000000000000355 ) ) ;
#229 = EDGE_CURVE ( 'NONE', #274, #1437, #416, .T. ) ;
#230 = CIRCLE ( 'NONE', #301, 1.649999999999998579 ) ;
#231 = DIRECTION ( 'NONE',  ( 0.000000000000000000, 0.000000000000000000, -1.000000000000000000 ) ) ;
#232 = ORIENTED_EDGE ( 'NONE', *, *, #141, .F. ) ;
#233 = ORIENTED_EDGE ( 'NONE', *, *, #1363, .F. ) ;
#234 = CARTESIAN_POINT ( 'NONE',  ( 2.499999999999993339, 38.99999999999999289, -2.499999999999996891 ) ) ;
#235 = ORIENTED_EDGE ( 'NONE', *, *, #873, .F. ) ;
#236 = CARTESIAN_POINT ( 'NONE',  ( -0.2103544351015132485, 38.99999999999999289, -1.559392606710765516 ) ) ;
#237 = CIRCLE ( 'NONE', #411, 1.649999999999998579 ) ;
#238 = CARTESIAN_POINT ( 'NONE',  ( 23.49999999999997868, 43.00000000000000000, -25.50000000000000000 ) ) ;
#239 = EDGE_CURVE ( 'NONE', #1181, #1396, #96, .T. ) ;
#240 = AXIS2_PLACEMENT_3D ( 'NONE', #675, #1111, #565 ) ;
#241 = DIRECTION ( 'NONE',  ( 0.000000000000000000, 0.000000000000000000, -1.000000000000000000 ) ) ;
#242 = ORIENTED_EDGE ( 'NONE', *, *, #239, .T. ) ;
#243 = VECTOR ( 'NONE', #147, 1000.000000000000000 ) ;
#244 = EDGE_CURVE ( 'NONE', #1008, #1105, #968, .T. ) ;
#245 = CARTESIAN_POINT ( 'NONE',  ( 30.00000000000000000, 4.000000000000000000, 1.000000000000000222 ) ) ;
#246 = FACE_OUTER_BOUND ( 'NONE', #387, .T. ) ;
#247 = EDGE_LOOP ( 'NONE', ( #180, #1069 ) ) ;
#248 = AXIS2_PLACEMENT_3D ( 'NONE', #212, #742, #762 ) ;
#249 = CARTESIAN_POINT ( 'NONE',  ( 23.49999999999999645, 43.00000000000000000, -1.499999999999996669 ) ) ;
#250 = CARTESIAN_POINT ( 'NONE',  ( -0.9999999999999856781, 4.000000000000000000, -28.00000000000000000 ) ) ;
#251 = AXIS2_PLACEMENT_3D ( 'NONE', #600, #175, #56 ) ;
#252 = DIRECTION ( 'NONE',  ( 0.000000000000000000, 1.000000000000000000, 0.000000000000000000 ) ) ;
#253 = EDGE_LOOP ( 'NONE', ( #501, #733, #716, #574 ) ) ;
#254 = ADVANCED_FACE ( 'NONE', ( #1007, #450, #909, #798, #119 ), #1108, .T. ) ;
#255 = LINE ( 'NONE', #1095, #1093 ) ;
#256 = CARTESIAN_POINT ( 'NONE',  ( 27.00000000000000000, 4.000000000000000000, -25.00000000000000000 ) ) ;
#257 = LINE ( 'NONE', #593, #1292 ) ;
#258 = LINE ( 'NONE', #245, #6 ) ;
#259 = EDGE_LOOP ( 'NONE', ( #876, #1302 ) ) ;
#260 = EDGE_CURVE ( 'NONE', #998, #496, #628, .T. ) ;
#261 = CARTESIAN_POINT ( 'NONE',  ( 12.49999999999999822, 4.000000000000000000, -12.49999999999999822 ) ) ;
#262 = CIRCLE ( 'NONE', #1144, 1.649999999999998579 ) ;
#263 = DIRECTION ( 'NONE',  ( 1.000000000000000000, -0.000000000000000000, -0.000000000000000000 ) ) ;
#264 = CARTESIAN_POINT ( 'NONE',  ( 30.00000000000000000, 0.000000000000000000, 1.000000000000000222 ) ) ;
#265 =( BOUNDED_SURFACE ( )  B_SPLINE_SURFACE ( 3, 1, ( 
 ( #1080, #856 ),
 ( #1307, #1400 ),
 ( #1089, #79 ),
 ( #966, #498 ),
 ( #851, #862 ),
 ( #1301, #522 ),
 ( #1421, #414 ) ),
 .UNSPECIFIED., .T., .F., .T. ) 
 B_SPLINE_SURFACE_WITH_KNOTS ( ( 4, 3, 4 ),
 ( 2, 2 ),
 ( 0.000000000000000000, 0.5000000000000000000, 1.000000000000000000 ),
 ( 0.000000000000000000, 1.000000000000000000 ),
 .UNSPECIFIED. ) 
 GEOMETRIC_REPRESENTATION_ITEM ( )  RATIONAL_B_SPLINE_SURFACE ( (
 ( 1.000000000000000000, 1.000000000000000000),
 ( 0.3333333333333333703, 0.3333333333333333703),
 ( 0.3333333333333333703, 0.3333333333333333703),
 ( 1.000000000000000000, 1.000000000000000000),
 ( 0.3333333333333333703, 0.3333333333333333703),
 ( 0.3333333333333333703, 0.3333333333333333703),
 ( 1.000000000000000000, 1.000000000000000000) ) ) 
 REPRESENTATION_ITEM ( '' )  SURFACE ( )  );
#266 = DIRECTION ( 'NONE',  ( 0.000000000000000000, 0.000000000000000000, -1.000000000000000000 ) ) ;
#267 = CIRCLE ( 'NONE', #1085, 1.649999999999998579 ) ;
#268 = DIRECTION ( 'NONE',  ( 0.000000000000000000, 1.000000000000000000, 0.000000000000000000 ) ) ;
#269 = VECTOR ( 'NONE', #263, 1000.000000000000000 ) ;
#270 = FACE_BOUND ( 'NONE', #247, .T. ) ;
#271 = DIRECTION ( 'NONE',  ( -0.000000000000000000, -1.000000000000000000, -0.000000000000000000 ) ) ;
#272 = ADVANCED_FACE ( 'NONE', ( #885 ), #1027, .T. ) ;
#273 = CARTESIAN_POINT ( 'NONE',  ( 22.49999999999999645, 43.00000000000000000, -4.149999999999995914 ) ) ;
#274 = VERTEX_POINT ( 'NONE', #1439 ) ;
#275 = FACE_OUTER_BOUND ( 'NONE', #745, .T. ) ;
#276 = LINE ( 'NONE', #808, #210 ) ;
#277 = AXIS2_PLACEMENT_3D ( 'NONE', #149, #1390, #815 ) ;
#278 = ADVANCED_FACE ( 'NONE', ( #662 ), #1242, .F. ) ;
#279 = CARTESIAN_POINT ( 'NONE',  ( 27.99999999999999645, 4.000000000000000000, -26.00000000000000355 ) ) ;
#280 = VERTEX_POINT ( 'NONE', #110 ) ;
#281 = CARTESIAN_POINT ( 'NONE',  ( -0.5000000000000073275, 43.00000000000000000, -1.500000000000011324 ) ) ;
#282 = FACE_OUTER_BOUND ( 'NONE', #224, .T. ) ;
#283 = DIRECTION ( 'NONE',  ( 0.000000000000000000, -0.000000000000000000, -1.000000000000000000 ) ) ;
#284 = CARTESIAN_POINT ( 'NONE',  ( 30.00000000000000000, 4.000000000000000000, -26.00000000000000355 ) ) ;
#285 = DIRECTION ( 'NONE',  ( 0.000000000000000000, 0.000000000000000000, 1.000000000000000000 ) ) ;
#286 = ORIENTED_EDGE ( 'NONE', *, *, #83, .F. ) ;
#287 = AXIS2_PLACEMENT_3D ( 'NONE', #1145, #1038, #363 ) ;
#288 = EDGE_CURVE ( 'NONE', #1181, #13, #894, .T. ) ;
#289 = VECTOR ( 'NONE', #552, 1000.000000000000000 ) ;
#290 = CIRCLE ( 'NONE', #211, 1.649999999999998579 ) ;
#291 = ORIENTED_EDGE ( 'NONE', *, *, #646, .T. ) ;
#292 = VECTOR ( 'NONE', #1281, 1000.000000000000000 ) ;
#293 = CARTESIAN_POINT ( 'NONE',  ( 12.49999999999999822, 36.09900446400990148, -12.49999999999999822 ) ) ;
#294 = FACE_OUTER_BOUND ( 'NONE', #1392, .T. ) ;
#295 = CARTESIAN_POINT ( 'NONE',  ( -0.5000000000000073275, 38.99999999999999289, -1.500000000000011324 ) ) ;
#296 = EDGE_LOOP ( 'NONE', ( #987, #1061 ) ) ;
#297 = EDGE_LOOP ( 'NONE', ( #956, #393, #493, #963 ) ) ;
#298 = EDGE_CURVE ( 'NONE', #227, #676, #454, .T. ) ;
#299 = LINE ( 'NONE', #410, #627 ) ;
#300 = ORIENTED_EDGE ( 'NONE', *, *, #14, .T. ) ;
#301 = AXIS2_PLACEMENT_3D ( 'NONE', #1398, #850, #718 ) ;
#302 = DIRECTION ( 'NONE',  ( -0.000000000000000000, 1.000000000000000000, 0.000000000000000000 ) ) ;
#303 = DIRECTION ( 'NONE',  ( 0.000000000000000000, 0.000000000000000000, -1.000000000000000000 ) ) ;
#304 = EDGE_CURVE ( 'NONE', #1188, #607, #1331, .T. ) ;
#305 = CARTESIAN_POINT ( 'NONE',  ( 12.49999999999999822, 36.09900446400990148, -12.49999999999999822 ) ) ;
#306 = EDGE_LOOP ( 'NONE', ( #86, #312 ) ) ;
#307 = ORIENTED_EDGE ( 'NONE', *, *, #304, .F. ) ;
#308 = ORIENTED_EDGE ( 'NONE', *, *, #401, .F. ) ;
#309 = CIRCLE ( 'NONE', #1128, 3.000000000000000000 ) ;
#310 = CARTESIAN_POINT ( 'NONE',  ( 22.49999999999999645, 38.99999999999999289, -20.85000000000000142 ) ) ;
#311 = EDGE_CURVE ( 'NONE', #1046, #1246, #1113, .T. ) ;
#312 = ORIENTED_EDGE ( 'NONE', *, *, #1121, .F. ) ;
#313 = ORIENTED_EDGE ( 'NONE', *, *, #193, .T. ) ;
#314 = FACE_OUTER_BOUND ( 'NONE', #145, .T. ) ;
#315 = DIRECTION ( 'NONE',  ( 0.000000000000000000, -1.000000000000000000, 0.000000000000000000 ) ) ;
#316 = CARTESIAN_POINT ( 'NONE',  ( 1.500000000000006883, 43.00000000000000000, 0.5000000000000029976 ) ) ;
#317 = ORIENTED_EDGE ( 'NONE', *, *, #1354, .F. ) ;
#318 = SURFACE_STYLE_USAGE ( .BOTH. , #118 ) ;
#319 = CARTESIAN_POINT ( 'NONE',  ( 23.49999999999997868, 38.99999999999999289, 0.5000000000000029976 ) ) ;
#320 = DIRECTION ( 'NONE',  ( 0.000000000000000000, -1.000000000000000000, 0.000000000000000000 ) ) ;
#321 = ORIENTED_EDGE ( 'NONE', *, *, #5, .T. ) ;
#322 = DIRECTION ( 'NONE',  ( -0.000000000000000000, 1.000000000000000000, 0.000000000000000000 ) ) ;
#323 = VERTEX_POINT ( 'NONE', #1329 ) ;
#324 = AXIS2_PLACEMENT_3D ( 'NONE', #103, #791, #1337 ) ;
#325 = AXIS2_PLACEMENT_3D ( 'NONE', #279, #1380, #589 ) ;
#326 = CARTESIAN_POINT ( 'NONE',  ( 27.00000000000000000, 0.000000000000000000, 0.000000000000000000 ) ) ;
#327 = LINE ( 'NONE', #8, #592 ) ;
#328 = AXIS2_PLACEMENT_3D ( 'NONE', #1032, #473, #1259 ) ;
#329 = ORIENTED_EDGE ( 'NONE', *, *, #973, .T. ) ;
#330 = CYLINDRICAL_SURFACE ( 'NONE', #867, 1.999999999999998224 ) ;
#331 = VERTEX_POINT ( 'NONE', #1013 ) ;
#332 = CLOSED_SHELL ( 'NONE', ( #994, #793, #1114, #87, #491, #278, #545, #484, #567, #703, #776, #427, #254, #1081, #1009, #1064, #1430, #1154, #38, #150, #706, #1052, #92, #463, #961, #734, #1001, #863, #1167, #753, #988, #635, #272, #1184, #1044, #1222, #28, #102, #209, #1164, #1214, #741 ) ) ;
#333 = EDGE_CURVE ( 'NONE', #1040, #355, #7, .T. ) ;
#334 = CARTESIAN_POINT ( 'NONE',  ( 10.66582792970460858, 38.99999999999999289, -19.77226325269845120 ) ) ;
#335 = CARTESIAN_POINT ( 'NONE',  ( 25.49999999999999645, 38.99999999999999289, -1.500000000000011324 ) ) ;
#336 = EDGE_LOOP ( 'NONE', ( #1432, #1086, #731, #1 ) ) ;
#337 = ORIENTED_EDGE ( 'NONE', *, *, #201, .T. ) ;
#338 = ORIENTED_EDGE ( 'NONE', *, *, #616, .F. ) ;
#339 = DIRECTION ( 'NONE',  ( -1.000000000000000000, 0.000000000000000000, -0.000000000000000000 ) ) ;
#340 = ORIENTED_EDGE ( 'NONE', *, *, #973, .F. ) ;
#341 = AXIS2_PLACEMENT_3D ( 'NONE', #64, #1179, #303 ) ;
#342 = EDGE_CURVE ( 'NONE', #761, #1237, #1433, .T. ) ;
#343 = DIRECTION ( 'NONE',  ( -0.000000000000000000, 1.000000000000000000, 0.000000000000000000 ) ) ;
#344 = DIRECTION ( 'NONE',  ( 0.000000000000000000, 1.000000000000000000, 0.000000000000000000 ) ) ;
#345 = EDGE_CURVE ( 'NONE', #1410, #726, #1362, .T. ) ;
#346 = ORIENTED_EDGE ( 'NONE', *, *, #1097, .T. ) ;
#347 = CARTESIAN_POINT ( 'NONE',  ( 12.50000000000000000, 4.000000000000000000, -22.89379858389635203 ) ) ;
#348 = CARTESIAN_POINT ( 'NONE',  ( 23.49999999999999645, 38.99999999999999289, -23.50000000000000000 ) ) ;
#349 = FACE_BOUND ( 'NONE', #259, .T. ) ;
#350 = DIRECTION ( 'NONE',  ( -0.000000000000000000, 1.000000000000000000, 0.000000000000000000 ) ) ;
#351 = CIRCLE ( 'NONE', #768, 1.649999999999998579 ) ;
#352 = AXIS2_PLACEMENT_3D ( 'NONE', #838, #1029, #811 ) ;
#353 = EDGE_CURVE ( 'NONE', #854, #1299, #430, .T. ) ;
#354 = DIRECTION ( 'NONE',  ( 0.000000000000000000, 0.000000000000000000, 1.000000000000000000 ) ) ;
#355 = VERTEX_POINT ( 'NONE', #439 ) ;
#356 = DIRECTION ( 'NONE',  ( 0.000000000000000000, 0.000000000000000000, 1.000000000000000000 ) ) ;
#357 = CARTESIAN_POINT ( 'NONE',  ( 30.00000000000000000, 4.000000000000000000, 1.000000000000000000 ) ) ;
#358 = DIRECTION ( 'NONE',  ( 0.000000000000000000, 0.000000000000000000, 1.000000000000000000 ) ) ;
#359 = EDGE_CURVE ( 'NONE', #32, #1333, #1012, .T. ) ;
#360 = CARTESIAN_POINT ( 'NONE',  ( 27.00000000000000000, 4.000000000000000000, -23.35000000000000142 ) ) ;
#361 = VERTEX_POINT ( 'NONE', #221 ) ;
#362 = CYLINDRICAL_SURFACE ( 'NONE', #36, 1.650000000000000133 ) ;
#363 = DIRECTION ( 'NONE',  ( 0.000000000000000000, 0.000000000000000000, 1.000000000000000000 ) ) ;
#364 = CARTESIAN_POINT ( 'NONE',  ( 1.499999999999993117, 43.00000000000000000, -23.50000000000000000 ) ) ;
#365 = ORIENTED_EDGE ( 'NONE', *, *, #714, .F. ) ;
#366 = CARTESIAN_POINT ( 'NONE',  ( 27.99999999999999645, 4.000000000000000000, 1.000000000000000000 ) ) ;
#367 = CARTESIAN_POINT ( 'NONE',  ( 23.49999999999997868, 43.00000000000000000, -25.50000000000000000 ) ) ;
#368 = DIRECTION ( 'NONE',  ( 0.000000000000000000, 0.000000000000000000, -1.000000000000000000 ) ) ;
#369 = MECHANICAL_DESIGN_GEOMETRIC_PRESENTATION_REPRESENTATION (  '', ( #1290 ), #475 ) ;
#370 = VECTOR ( 'NONE', #535, 1000.000000000000000 ) ;
#371 = DIRECTION ( 'NONE',  ( -1.000000000000000000, 0.000000000000000000, 0.000000000000000000 ) ) ;
#372 = CIRCLE ( 'NONE', #969, 1.650000000000000133 ) ;
#373 = ORIENTED_EDGE ( 'NONE', *, *, #345, .F. ) ;
#374 = DIRECTION ( 'NONE',  ( 0.000000000000000000, 1.000000000000000000, 0.000000000000000000 ) ) ;
#375 = EDGE_CURVE ( 'NONE', #1188, #1229, #94, .T. ) ;
#376 = DIRECTION ( 'NONE',  ( -0.000000000000000000, 1.000000000000000000, 0.000000000000000000 ) ) ;
#377 = FACE_BOUND ( 'NONE', #306, .T. ) ;
#378 = AXIS2_PLACEMENT_3D ( 'NONE', #905, #31, #1349 ) ;
#379 = LINE ( 'NONE', #1132, #1279 ) ;
#380 = CARTESIAN_POINT ( 'NONE',  ( 25.49999999999999645, 38.99999999999999289, -23.49999999999998224 ) ) ;
#381 = LINE ( 'NONE', #995, #895 ) ;
#382 = CARTESIAN_POINT ( 'NONE',  ( 0.000000000000000000, 4.000000000000000000, -25.00000000000000000 ) ) ;
#383 = ORIENTED_EDGE ( 'NONE', *, *, #1227, .F. ) ;
#384 = CARTESIAN_POINT ( 'NONE',  ( 12.49999999999999822, 4.000000000000000000, -2.106201416103646640 ) ) ;
#385 = CARTESIAN_POINT ( 'NONE',  ( 27.99999999999999645, 4.000000000000000000, 3.000000000000000000 ) ) ;
#386 = CARTESIAN_POINT ( 'NONE',  ( -0.9999999999999856781, 0.000000000000000000, 3.000000000000000000 ) ) ;
#387 = EDGE_LOOP ( 'NONE', ( #1068, #1003, #1397, #1420 ) ) ;
#388 = VERTEX_POINT ( 'NONE', #238 ) ;
#389 = ORIENTED_EDGE ( 'NONE', *, *, #848, .T. ) ;
#390 = DIRECTION ( 'NONE',  ( 0.000000000000000000, 0.000000000000000000, 1.000000000000000000 ) ) ;
#391 = CARTESIAN_POINT ( 'NONE',  ( 27.00000000000000000, 4.000000000000000000, -1.649999999999998579 ) ) ;
#392 = APPLICATION_CONTEXT ( 'automotive_design' ) ;
#393 = ORIENTED_EDGE ( 'NONE', *, *, #1297, .F. ) ;
#394 = VECTOR ( 'NONE', #777, 1000.000000000000000 ) ;
#395 = AXIS2_PLACEMENT_3D ( 'NONE', #651, #3, #444 ) ;
#396 = ORIENTED_EDGE ( 'NONE', *, *, #1305, .F. ) ;
#397 = ORIENTED_EDGE ( 'NONE', *, *, #1274, .T. ) ;
#398 = CIRCLE ( 'NONE', #146, 7.395432676254970694 ) ;
#399 = ORIENTED_EDGE ( 'NONE', *, *, #14, .F. ) ;
#400 = DIRECTION ( 'NONE',  ( 0.000000000000000000, 0.000000000000000000, -1.000000000000000000 ) ) ;
#401 = EDGE_CURVE ( 'NONE', #190, #496, #670, .T. ) ;
#402 = EDGE_LOOP ( 'NONE', ( #98, #882 ) ) ;
#403 = ORIENTED_EDGE ( 'NONE', *, *, #456, .T. ) ;
#404 = CARTESIAN_POINT ( 'NONE',  ( 22.49999999999999645, 38.99999999999999289, -24.14999999999999858 ) ) ;
#405 = CARTESIAN_POINT ( 'NONE',  ( 27.00000000000000000, 0.000000000000000000, -26.64999999999999858 ) ) ;
#406 =( BOUNDED_SURFACE ( )  B_SPLINE_SURFACE ( 3, 1, ( 
 ( #978, #1202 ),
 ( #204, #1343 ),
 ( #134, #568 ),
 ( #219, #334 ),
 ( #1327, #877 ),
 ( #1018, #236 ),
 ( #1207, #447 ) ),
 .UNSPECIFIED., .T., .F., .T. ) 
 B_SPLINE_SURFACE_WITH_KNOTS ( ( 4, 3, 4 ),
 ( 2, 2 ),
 ( 0.000000000000000000, 0.5000000000000000000, 1.000000000000000000 ),
 ( 0.000000000000000000, 1.000000000000000000 ),
 .UNSPECIFIED. ) 
 GEOMETRIC_REPRESENTATION_ITEM ( )  RATIONAL_B_SPLINE_SURFACE ( (
 ( 1.000000000000000000, 1.000000000000000000),
 ( 0.3333333333333333703, 0.3333333333333333703),
 ( 0.3333333333333333703, 0.3333333333333333703),
 ( 1.000000000000000000, 1.000000000000000000),
 ( 0.3333333333333333703, 0.3333333333333333703),
 ( 0.3333333333333333703, 0.3333333333333333703),
 ( 1.000000000000000000, 1.000000000000000000) ) ) 
 REPRESENTATION_ITEM ( '' )  SURFACE ( )  );
#407 = EDGE_LOOP ( 'NONE', ( #346, #1330, #1006, #169 ) ) ;
#408 = EDGE_CURVE ( 'NONE', #1348, #510, #918, .T. ) ;
#409 = CARTESIAN_POINT ( 'NONE',  ( 30.00000000000000000, 4.000000000000000000, -26.00000000000000355 ) ) ;
#410 = CARTESIAN_POINT ( 'NONE',  ( 23.49999999999997868, 38.99999999999999289, -25.50000000000000000 ) ) ;
#411 = AXIS2_PLACEMENT_3D ( 'NONE', #1129, #790, #356 ) ;
#412 = AXIS2_PLACEMENT_3D ( 'NONE', #1312, #532, #979 ) ;
#413 = CIRCLE ( 'NONE', #644, 1.650000000000000355 ) ;
#414 = CARTESIAN_POINT ( 'NONE',  ( 14.33417207029538964, 38.99999999999999289, -5.227736747301546139 ) ) ;
#415 = CARTESIAN_POINT ( 'NONE',  ( 22.49999999999999645, 38.99999999999999289, -0.8499999999999983125 ) ) ;
#416 = LINE ( 'NONE', #758, #694 ) ;
#417 = TOROIDAL_SURFACE ( 'NONE', #251, 10.39379858389634848, 3.000000000000000000 ) ;
#418 = DIRECTION ( 'NONE',  ( -0.000000000000000000, 1.000000000000000000, 0.000000000000000000 ) ) ;
#419 = ORIENTED_EDGE ( 'NONE', *, *, #1363, .T. ) ;
#420 = DIRECTION ( 'NONE',  ( 1.000000000000000000, -0.000000000000000000, 1.224646799147353207E-16 ) ) ;
#421 = DIRECTION ( 'NONE',  ( 0.000000000000000000, -1.000000000000000000, 0.000000000000000000 ) ) ;
#422 = CARTESIAN_POINT ( 'NONE',  ( 0.000000000000000000, 4.000000000000000000, -25.00000000000000000 ) ) ;
#423 = DIRECTION ( 'NONE',  ( 0.000000000000000000, 0.000000000000000000, 1.000000000000000000 ) ) ;
#424 = ORIENTED_EDGE ( 'NONE', *, *, #813, .T. ) ;
#425 = DIRECTION ( 'NONE',  ( 0.000000000000000000, 0.000000000000000000, -1.000000000000000000 ) ) ;
#426 = VERTEX_POINT ( 'NONE', #1263 ) ;
#427 = ADVANCED_FACE ( 'NONE', ( #711, #474, #176, #165, #270, #377 ), #43, .F. ) ;
#428 = DIRECTION ( 'NONE',  ( 0.000000000000000000, 1.000000000000000000, 0.000000000000000000 ) ) ;
#429 = ORIENTED_EDGE ( 'NONE', *, *, #880, .T. ) ;
#430 = CIRCLE ( 'NONE', #23, 1.649999999999998579 ) ;
#431 = AXIS2_PLACEMENT_3D ( 'NONE', #1268, #1286, #161 ) ;
#432 = DIRECTION ( 'NONE',  ( -0.000000000000000000, 1.000000000000000000, 0.000000000000000000 ) ) ;
#433 = CARTESIAN_POINT ( 'NONE',  ( 2.499999999999993339, 43.00000000000000000, -4.149999999999997691 ) ) ;
#434 = AXIS2_PLACEMENT_3D ( 'NONE', #293, #624, #1383 ) ;
#435 = VERTEX_POINT ( 'NONE', #490 ) ;
#436 = EDGE_CURVE ( 'NONE', #976, #1205, #257, .T. ) ;
#437 = CARTESIAN_POINT ( 'NONE',  ( 12.49999999999999822, 4.000000000000000000, -12.49999999999999822 ) ) ;
#438 = ORIENTED_EDGE ( 'NONE', *, *, #1244, .F. ) ;
#439 = CARTESIAN_POINT ( 'NONE',  ( -0.9999999999999856781, 0.000000000000000000, -28.00000000000000000 ) ) ;
#440 = CARTESIAN_POINT ( 'NONE',  ( 12.49999999999999822, 36.09900446400990148, -12.49999999999999822 ) ) ;
#441 = ORIENTED_EDGE ( 'NONE', *, *, #288, .T. ) ;
#442 = ORIENTED_EDGE ( 'NONE', *, *, #333, .T. ) ;
#443 = CARTESIAN_POINT ( 'NONE',  ( 25.49999999999999645, 43.00000000000000000, -1.500000000000011324 ) ) ;
#444 = DIRECTION ( 'NONE',  ( 0.000000000000000000, 0.000000000000000000, -1.000000000000000000 ) ) ;
#445 = EDGE_LOOP ( 'NONE', ( #812, #300, #396, #775 ) ) ;
#446 = AXIS2_PLACEMENT_3D ( 'NONE', #1264, #560, #826 ) ;
#447 = CARTESIAN_POINT ( 'NONE',  ( 14.33417207029538964, 38.99999999999999289, -5.227736747301546139 ) ) ;
#448 = EDGE_CURVE ( 'NONE', #114, #840, #835, .T. ) ;
#449 = LINE ( 'NONE', #367, #269 ) ;
#450 = FACE_BOUND ( 'NONE', #688, .T. ) ;
#451 = EDGE_LOOP ( 'NONE', ( #340, #839, #887, #566, #598, #233, #1240, #1406 ) ) ;
#452 = DIRECTION ( 'NONE',  ( -0.000000000000000000, 1.000000000000000000, 0.000000000000000000 ) ) ;
#453 = VERTEX_POINT ( 'NONE', #1158 ) ;
#454 = LINE ( 'NONE', #559, #289 ) ;
#455 = COLOUR_RGB ( '',0.7921568627450980005, 0.8196078431372548767, 0.9333333333333333481 ) ;
#456 = EDGE_CURVE ( 'NONE', #114, #1333, #276, .T. ) ;
#457 = AXIS2_PLACEMENT_3D ( 'NONE', #462, #57, #283 ) ;
#458 = AXIS2_PLACEMENT_3D ( 'NONE', #1339, #1228, #231 ) ;
#459 = CIRCLE ( 'NONE', #1294, 1.650000000000000355 ) ;
#460 = EDGE_LOOP ( 'NONE', ( #125, #313, #317, #794 ) ) ;
#461 = CARTESIAN_POINT ( 'NONE',  ( 23.49999999999997868, 43.00000000000000000, 0.5000000000000029976 ) ) ;
#462 = CARTESIAN_POINT ( 'NONE',  ( -1.000000000000000444, 4.000000000000000000, 1.000000000000000444 ) ) ;
#463 = ADVANCED_FACE ( 'NONE', ( #1143 ), #944, .F. ) ;
#464 = VERTEX_POINT ( 'NONE', #702 ) ;
#465 = CARTESIAN_POINT ( 'NONE',  ( 12.49999999999999822, 6.900995535990086083, -12.49999999999999822 ) ) ;
#466 = VECTOR ( 'NONE', #611, 1000.000000000000000 ) ;
#467 = PRODUCT ( 'suppport', 'suppport', '', ( #44 ) ) ;
#468 = DIRECTION ( 'NONE',  ( 0.000000000000000000, 0.000000000000000000, 1.000000000000000000 ) ) ;
#469 = DIRECTION ( 'NONE',  ( 0.000000000000000000, 0.000000000000000000, 1.000000000000000000 ) ) ;
#470 = CARTESIAN_POINT ( 'NONE',  ( 0.000000000000000000, 0.000000000000000000, 0.000000000000000000 ) ) ;
#471 = ORIENTED_EDGE ( 'NONE', *, *, #1176, .F. ) ;
#472 = EDGE_CURVE ( 'NONE', #323, #1188, #708, .T. ) ;
#473 = DIRECTION ( 'NONE',  ( 0.000000000000000000, -1.000000000000000000, 0.000000000000000000 ) ) ;
#474 = FACE_OUTER_BOUND ( 'NONE', #196, .T. ) ;
#475 =( GEOMETRIC_REPRESENTATION_CONTEXT ( 3 ) GLOBAL_UNCERTAINTY_ASSIGNED_CONTEXT ( ( #806 ) ) GLOBAL_UNIT_ASSIGNED_CONTEXT ( ( #1328, #1107, #1224 ) ) REPRESENTATION_CONTEXT ( 'NONE', 'WORKASPACE' ) );
#476 = DIRECTION ( 'NONE',  ( 0.000000000000000000, 0.000000000000000000, 1.000000000000000000 ) ) ;
#477 = CIRCLE ( 'NONE', #603, 1.649999999999998579 ) ;
#478 = DIRECTION ( 'NONE',  ( 0.000000000000000000, 0.000000000000000000, -1.000000000000000000 ) ) ;
#479 = CARTESIAN_POINT ( 'NONE',  ( 22.49999999999999645, 43.00000000000000000, -22.50000000000000000 ) ) ;
#480 = CIRCLE ( 'NONE', #788, 1.649999999999998579 ) ;
#481 = VERTEX_POINT ( 'NONE', #601 ) ;
#482 = PRODUCT_DEFINITION_SHAPE ( 'NONE', 'NONE',  #537 ) ;
#483 = EDGE_CURVE ( 'NONE', #1229, #48, #1415, .T. ) ;
#484 = ADVANCED_FACE ( 'NONE', ( #1283 ), #362, .F. ) ;
#485 = CARTESIAN_POINT ( 'NONE',  ( 22.49999999999999645, 38.99999999999999289, -2.499999999999996891 ) ) ;
#486 = CARTESIAN_POINT ( 'NONE',  ( 0.000000000000000000, 4.000000000000000000, 0.000000000000000000 ) ) ;
#487 = CIRCLE ( 'NONE', #1316, 1.999999999999998224 ) ;
#488 = VERTEX_POINT ( 'NONE', #386 ) ;
#489 = DIRECTION ( 'NONE',  ( 0.000000000000000000, 0.000000000000000000, -1.000000000000000000 ) ) ;
#490 = CARTESIAN_POINT ( 'NONE',  ( 2.020667218593133001E-16, 4.000000000000000000, 1.650000000000000133 ) ) ;
#491 = ADVANCED_FACE ( 'NONE', ( #719 ), #960, .F. ) ;
#492 = AXIS2_PLACEMENT_3D ( 'NONE', #1163, #1048, #53 ) ;
#493 = ORIENTED_EDGE ( 'NONE', *, *, #663, .F. ) ;
#494 = VERTEX_POINT ( 'NONE', #391 ) ;
#495 = CARTESIAN_POINT ( 'NONE',  ( 12.49999999999999822, 6.900995535990086083, -12.49999999999999822 ) ) ;
#496 = VERTEX_POINT ( 'NONE', #843 ) ;
#497 = DIRECTION ( 'NONE',  ( 1.000000000000000000, -0.000000000000000000, 1.224646799147353207E-16 ) ) ;
#498 = CARTESIAN_POINT ( 'NONE',  ( 10.66582792970460858, 38.99999999999999289, -19.77226325269845120 ) ) ;
#499 = EDGE_CURVE ( 'NONE', #726, #190, #1045, .T. ) ;
#500 = DIRECTION ( 'NONE',  ( 1.000000000000000000, 0.000000000000000000, 2.956915015869561469E-17 ) ) ;
#501 = ORIENTED_EDGE ( 'NONE', *, *, #1142, .T. ) ;
#502 = AXIS2_PLACEMENT_3D ( 'NONE', #569, #647, #655 ) ;
#503 = AXIS2_PLACEMENT_3D ( 'NONE', #440, #1236, #129 ) ;
#504 = EDGE_LOOP ( 'NONE', ( #1320, #972 ) ) ;
#505 = ORIENTED_EDGE ( 'NONE', *, *, #1297, .T. ) ;
#506 = ORIENTED_EDGE ( 'NONE', *, *, #714, .T. ) ;
#507 = LINE ( 'NONE', #749, #466 ) ;
#508 = CARTESIAN_POINT ( 'NONE',  ( 22.49999999999999645, 38.99999999999999289, -2.499999999999996891 ) ) ;
#509 = CIRCLE ( 'NONE', #378, 1.649999999999998579 ) ;
#510 = VERTEX_POINT ( 'NONE', #264 ) ;
#511 = VERTEX_POINT ( 'NONE', #1036 ) ;
#512 = ORIENTED_EDGE ( 'NONE', *, *, #1434, .F. ) ;
#513 = DIRECTION ( 'NONE',  ( 0.000000000000000000, 0.000000000000000000, -1.000000000000000000 ) ) ;
#514 = FACE_OUTER_BOUND ( 'NONE', #525, .T. ) ;
#515 = CARTESIAN_POINT ( 'NONE',  ( 12.49999999999999822, 7.000000000000000888, -12.49999999999999822 ) ) ;
#516 = FACE_OUTER_BOUND ( 'NONE', #184, .T. ) ;
#517 = VECTOR ( 'NONE', #271, 1000.000000000000000 ) ;
#518 = ORIENTED_EDGE ( 'NONE', *, *, #1323, .T. ) ;
#519 = VERTEX_POINT ( 'NONE', #27 ) ;
#520 = ORIENTED_EDGE ( 'NONE', *, *, #930, .T. ) ;
#521 = EDGE_CURVE ( 'NONE', #496, #355, #928, .T. ) ;
#522 = CARTESIAN_POINT ( 'NONE',  ( -0.2103544351015132485, 38.99999999999999289, -1.559392606710765516 ) ) ;
#523 = LINE ( 'NONE', #415, #1394 ) ;
#524 = CYLINDRICAL_SURFACE ( 'NONE', #248, 1.649999999999998579 ) ;
#525 = EDGE_LOOP ( 'NONE', ( #286, #1122, #1351, #542, #1418, #10 ) ) ;
#526 = AXIS2_PLACEMENT_3D ( 'NONE', #256, #127, #558 ) ;
#527 = TOROIDAL_SURFACE ( 'NONE', #915, 10.39379858389635203, 3.000000000000000000 ) ;
#528 = FACE_OUTER_BOUND ( 'NONE', #858, .T. ) ;
#529 = ORIENTED_EDGE ( 'NONE', *, *, #1422, .F. ) ;
#530 = CIRCLE ( 'NONE', #1359, 1.649999999999998579 ) ;
#531 = EDGE_CURVE ( 'NONE', #1299, #854, #931, .T. ) ;
#532 = DIRECTION ( 'NONE',  ( 0.000000000000000000, -1.000000000000000000, 0.000000000000000000 ) ) ;
#533 = DIRECTION ( 'NONE',  ( 0.000000000000000000, 0.000000000000000000, 1.000000000000000000 ) ) ;
#534 = VERTEX_POINT ( 'NONE', #748 ) ;
#535 = DIRECTION ( 'NONE',  ( -0.000000000000000000, -1.000000000000000000, -0.000000000000000000 ) ) ;
#536 = EDGE_CURVE ( 'NONE', #964, #606, #879, .T. ) ;
#537 = PRODUCT_DEFINITION ( 'UNKNOWN', '', #582, #140 ) ;
#538 = CIRCLE ( 'NONE', #1367, 10.39379858389634848 ) ;
#539 = EDGE_LOOP ( 'NONE', ( #1194, #781 ) ) ;
#540 = AXIS2_PLACEMENT_3D ( 'NONE', #101, #893, #1063 ) ;
#541 = CYLINDRICAL_SURFACE ( 'NONE', #1209, 1.649999999999998579 ) ;
#542 = ORIENTED_EDGE ( 'NONE', *, *, #483, .T. ) ;
#543 = DIRECTION ( 'NONE',  ( 0.000000000000000000, -0.000000000000000000, -1.000000000000000000 ) ) ;
#544 = DIRECTION ( 'NONE',  ( -0.000000000000000000, -1.000000000000000000, -0.000000000000000000 ) ) ;
#545 = ADVANCED_FACE ( 'NONE', ( #294 ), #406, .T. ) ;
#546 = ORIENTED_EDGE ( 'NONE', *, *, #596, .T. ) ;
#547 = ORIENTED_EDGE ( 'NONE', *, *, #1419, .F. ) ;
#548 = CYLINDRICAL_SURFACE ( 'NONE', #395, 1.649999999999998579 ) ;
#549 = ORIENTED_EDGE ( 'NONE', *, *, #1318, .T. ) ;
#550 = AXIS2_PLACEMENT_3D ( 'NONE', #1275, #602, #1059 ) ;
#551 = CARTESIAN_POINT ( 'NONE',  ( 2.020667218593133001E-16, 4.000000000000000000, 1.650000000000000133 ) ) ;
#552 = DIRECTION ( 'NONE',  ( -0.000000000000000000, -1.000000000000000000, -0.000000000000000000 ) ) ;
#553 = FACE_OUTER_BOUND ( 'NONE', #899, .T. ) ;
#554 = VERTEX_POINT ( 'NONE', #1106 ) ;
#555 = ORIENTED_EDGE ( 'NONE', *, *, #804, .F. ) ;
#556 = ORIENTED_EDGE ( 'NONE', *, *, #342, .T. ) ;
#557 = CARTESIAN_POINT ( 'NONE',  ( -1.000000000000000444, 4.000000000000000000, 1.000000000000000444 ) ) ;
#558 = DIRECTION ( 'NONE',  ( 0.000000000000000000, 0.000000000000000000, 1.000000000000000000 ) ) ;
#559 = CARTESIAN_POINT ( 'NONE',  ( 0.000000000000000000, 4.000000000000000000, -26.64999999999999858 ) ) ;
#560 = DIRECTION ( 'NONE',  ( 0.000000000000000000, -1.000000000000000000, 0.000000000000000000 ) ) ;
#561 = DIRECTION ( 'NONE',  ( 0.000000000000000000, 1.000000000000000000, 0.000000000000000000 ) ) ;
#562 = CARTESIAN_POINT ( 'NONE',  ( 25.49999999999999645, 38.99999999999999289, -1.500000000000011324 ) ) ;
#563 = EDGE_LOOP ( 'NONE', ( #429, #786, #383, #614 ) ) ;
#564 = CARTESIAN_POINT ( 'NONE',  ( 2.499999999999993339, 38.99999999999999289, -2.499999999999996891 ) ) ;
#565 = DIRECTION ( 'NONE',  ( 0.000000000000000000, 0.000000000000000000, -1.000000000000000000 ) ) ;
#566 = ORIENTED_EDGE ( 'NONE', *, *, #861, .F. ) ;
#567 = ADVANCED_FACE ( 'NONE', ( #787 ), #1438, .F. ) ;
#568 = CARTESIAN_POINT ( 'NONE',  ( 25.21035443510151453, 38.99999999999999289, -23.44060739328923759 ) ) ;
#569 = CARTESIAN_POINT ( 'NONE',  ( 22.49999999999999645, 38.99999999999999289, -22.50000000000000000 ) ) ;
#570 = CARTESIAN_POINT ( 'NONE',  ( 27.00000000000000000, 0.000000000000000000, -1.649999999999998579 ) ) ;
#571 = ADVANCED_BREP_SHAPE_REPRESENTATION ( 'suppport', ( #799, #1035 ), #213 ) ;
#572 = VERTEX_POINT ( 'NONE', #925 ) ;
#573 = CARTESIAN_POINT ( 'NONE',  ( -1.000000000000000444, 0.000000000000000000, 1.000000000000000444 ) ) ;
#574 = ORIENTED_EDGE ( 'NONE', *, *, #750, .T. ) ;
#575 = CARTESIAN_POINT ( 'NONE',  ( -0.5000000000000066613, 43.00000000000000000, -23.49999999999998224 ) ) ;
#576 = DIRECTION ( 'NONE',  ( 0.000000000000000000, 1.000000000000000000, 0.000000000000000000 ) ) ;
#577 = CIRCLE ( 'NONE', #287, 1.649999999999998579 ) ;
#578 = EDGE_CURVE ( 'NONE', #1237, #40, #154, .T. ) ;
#579 = AXIS2_PLACEMENT_3D ( 'NONE', #610, #1272, #684 ) ;
#580 = CIRCLE ( 'NONE', #695, 10.39379858389635203 ) ;
#581 = CARTESIAN_POINT ( 'NONE',  ( 27.00000000000000000, 0.000000000000000000, -25.00000000000000000 ) ) ;
#582 = PRODUCT_DEFINITION_FORMATION_WITH_SPECIFIED_SOURCE ( 'ANY', '', #467, .NOT_KNOWN. ) ;
#583 = DIRECTION ( 'NONE',  ( -0.000000000000000000, 1.000000000000000000, 0.000000000000000000 ) ) ;
#584 = VERTEX_POINT ( 'NONE', #1247 ) ;
#585 = CARTESIAN_POINT ( 'NONE',  ( 27.00000000000000000, 4.000000000000000000, -1.649999999999998579 ) ) ;
#586 = CARTESIAN_POINT ( 'NONE',  ( 27.99999999999999645, 4.000000000000000000, -28.00000000000000355 ) ) ;
#587 = EDGE_CURVE ( 'NONE', #773, #964, #538, .T. ) ;
#588 = CARTESIAN_POINT ( 'NONE',  ( -1.000000000000000444, 0.000000000000000000, -26.00000000000000355 ) ) ;
#589 = DIRECTION ( 'NONE',  ( 0.000000000000000000, 0.000000000000000000, -1.000000000000000000 ) ) ;
#590 = DIRECTION ( 'NONE',  ( 0.000000000000000000, 0.000000000000000000, 1.000000000000000000 ) ) ;
#591 = CARTESIAN_POINT ( 'NONE',  ( 2.499999999999993339, 43.00000000000000000, -2.499999999999996891 ) ) ;
#592 = VECTOR ( 'NONE', #544, 1000.000000000000000 ) ;
#593 = CARTESIAN_POINT ( 'NONE',  ( 22.49999999999999645, 38.99999999999999289, -24.14999999999999858 ) ) ;
#594 = DIRECTION ( 'NONE',  ( -0.000000000000000000, 1.000000000000000000, 0.000000000000000000 ) ) ;
#595 =( NAMED_UNIT ( * ) SI_UNIT ( $, .STERADIAN. ) SOLID_ANGLE_UNIT ( ) );
#596 = EDGE_CURVE ( 'NONE', #990, #1410, #1223, .T. ) ;
#597 = CARTESIAN_POINT ( 'NONE',  ( 12.49999999999999822, 6.900995535990086083, -5.104567323745028418 ) ) ;
#598 = ORIENTED_EDGE ( 'NONE', *, *, #1274, .F. ) ;
#599 = EDGE_CURVE ( 'NONE', #494, #1299, #949, .T. ) ;
#600 = CARTESIAN_POINT ( 'NONE',  ( 12.49999999999999822, 35.99999999999997868, -12.49999999999999822 ) ) ;
#601 = CARTESIAN_POINT ( 'NONE',  ( 2.499999999999993339, 43.00000000000000000, -20.85000000000000142 ) ) ;
#602 = DIRECTION ( 'NONE',  ( 0.000000000000000000, 1.000000000000000000, 0.000000000000000000 ) ) ;
#603 = AXIS2_PLACEMENT_3D ( 'NONE', #989, #421, #637 ) ;
#604 = AXIS2_PLACEMENT_3D ( 'NONE', #39, #932, #285 ) ;
#605 = DIRECTION ( 'NONE',  ( -0.000000000000000000, -1.000000000000000000, -0.000000000000000000 ) ) ;
#606 = VERTEX_POINT ( 'NONE', #821 ) ;
#607 = VERTEX_POINT ( 'NONE', #384 ) ;
#608 = CARTESIAN_POINT ( 'NONE',  ( 2.499999999999993339, 38.99999999999999289, -24.14999999999999858 ) ) ;
#609 = LINE ( 'NONE', #618, #142 ) ;
#610 = CARTESIAN_POINT ( 'NONE',  ( 27.99999999999999645, 0.000000000000000000, 1.000000000000000000 ) ) ;
#611 = DIRECTION ( 'NONE',  ( 0.000000000000000000, 0.000000000000000000, -1.000000000000000000 ) ) ;
#612 = AXIS2_PLACEMENT_3D ( 'NONE', #11, #137, #922 ) ;
#613 = EDGE_LOOP ( 'NONE', ( #1161, #132, #1411, #1326 ) ) ;
#614 = ORIENTED_EDGE ( 'NONE', *, *, #890, .F. ) ;
#615 = ORIENTED_EDGE ( 'NONE', *, *, #951, .F. ) ;
#616 = EDGE_CURVE ( 'NONE', #1427, #361, #984, .T. ) ;
#617 = ORIENTED_EDGE ( 'NONE', *, *, #160, .T. ) ;
#618 = CARTESIAN_POINT ( 'NONE',  ( 2.499999999999993339, 38.99999999999999289, -24.14999999999999858 ) ) ;
#619 = CYLINDRICAL_SURFACE ( 'NONE', #1346, 1.649999999999998579 ) ;
#620 = FILL_AREA_STYLE_COLOUR ( '', #455 ) ;
#621 = VERTEX_POINT ( 'NONE', #1361 ) ;
#622 = ORIENTED_EDGE ( 'NONE', *, *, #521, .T. ) ;
#623 = ORIENTED_EDGE ( 'NONE', *, *, #804, .T. ) ;
#624 = DIRECTION ( 'NONE',  ( -0.000000000000000000, -1.000000000000000000, -0.000000000000000000 ) ) ;
#625 = DIRECTION ( 'NONE',  ( 0.000000000000000000, 1.000000000000000000, 0.000000000000000000 ) ) ;
#626 = EDGE_CURVE ( 'NONE', #190, #1040, #255, .T. ) ;
#627 = VECTOR ( 'NONE', #1197, 1000.000000000000000 ) ;
#628 = CIRCLE ( 'NONE', #71, 2.000000000000001776 ) ;
#629 = AXIS2_PLACEMENT_3D ( 'NONE', #562, #784, #1216 ) ;
#630 = VERTEX_POINT ( 'NONE', #1076 ) ;
#631 = DIRECTION ( 'NONE',  ( -0.000000000000000000, -1.000000000000000000, -0.000000000000000000 ) ) ;
#632 = DIRECTION ( 'NONE',  ( -0.000000000000000000, -1.000000000000000000, -0.000000000000000000 ) ) ;
#633 = CARTESIAN_POINT ( 'NONE',  ( 22.49999999999999645, 43.00000000000000000, -22.50000000000000000 ) ) ;
#634 = PLANE ( 'NONE',  #1226 ) ;
#635 = ADVANCED_FACE ( 'NONE', ( #1295 ), #634, .F. ) ;
#636 = ORIENTED_EDGE ( 'NONE', *, *, #1318, .F. ) ;
#637 = DIRECTION ( 'NONE',  ( 0.000000000000000000, 0.000000000000000000, -1.000000000000000000 ) ) ;
#638 = VECTOR ( 'NONE', #1366, 1000.000000000000000 ) ;
#639 = LINE ( 'NONE', #99, #1133 ) ;
#640 = CARTESIAN_POINT ( 'NONE',  ( 2.020667218593132508E-16, 4.000000000000000000, -23.35000000000000142 ) ) ;
#641 = VERTEX_POINT ( 'NONE', #656 ) ;
#642 = FACE_OUTER_BOUND ( 'NONE', #830, .T. ) ;
#643 = VECTOR ( 'NONE', #1065, 1000.000000000000000 ) ;
#644 = AXIS2_PLACEMENT_3D ( 'NONE', #234, #785, #1358 ) ;
#645 = CIRCLE ( 'NONE', #1034, 1.649999999999998579 ) ;
#646 = EDGE_CURVE ( 'NONE', #519, #189, #327, .T. ) ;
#647 = DIRECTION ( 'NONE',  ( -0.000000000000000000, 1.000000000000000000, 0.000000000000000000 ) ) ;
#648 = CARTESIAN_POINT ( 'NONE',  ( 0.000000000000000000, 4.000000000000000000, -1.650000000000000133 ) ) ;
#649 = VERTEX_POINT ( 'NONE', #671 ) ;
#650 = ORIENTED_EDGE ( 'NONE', *, *, #74, .F. ) ;
#651 = CARTESIAN_POINT ( 'NONE',  ( 0.000000000000000000, 4.000000000000000000, -25.00000000000000000 ) ) ;
#652 = ORIENTED_EDGE ( 'NONE', *, *, #1198, .F. ) ;
#653 = EDGE_CURVE ( 'NONE', #606, #48, #109, .T. ) ;
#654 = SURFACE_STYLE_FILL_AREA ( #1321 ) ;
#655 = DIRECTION ( 'NONE',  ( 0.000000000000000000, 0.000000000000000000, 1.000000000000000000 ) ) ;
#656 = CARTESIAN_POINT ( 'NONE',  ( 10.34667950780293211, 36.09900446400990148, -19.57500072981649808 ) ) ;
#657 = DIRECTION ( 'NONE',  ( -0.000000000000000000, -1.000000000000000000, -0.000000000000000000 ) ) ;
#658 = AXIS2_PLACEMENT_3D ( 'NONE', #678, #561, #29 ) ;
#659 = ORIENTED_EDGE ( 'NONE', *, *, #1137, .T. ) ;
#660 = DIRECTION ( 'NONE',  ( -0.000000000000000000, -1.000000000000000000, 0.000000000000000000 ) ) ;
#661 = EDGE_LOOP ( 'NONE', ( #1435, #796, #512, #881, #1221, #1098, #668, #652 ) ) ;
#662 = FACE_OUTER_BOUND ( 'NONE', #336, .T. ) ;
#663 = EDGE_CURVE ( 'NONE', #1437, #761, #933, .T. ) ;
#664 = ORIENTED_EDGE ( 'NONE', *, *, #646, .F. ) ;
#665 = ORIENTED_EDGE ( 'NONE', *, *, #536, .T. ) ;
#666 = AXIS2_PLACEMENT_3D ( 'NONE', #1055, #631, #1178 ) ;
#667 = FACE_OUTER_BOUND ( 'NONE', #297, .T. ) ;
#668 = ORIENTED_EDGE ( 'NONE', *, *, #408, .F. ) ;
#669 = AXIS2_PLACEMENT_3D ( 'NONE', #1140, #217, #339 ) ;
#670 = LINE ( 'NONE', #586, #1102 ) ;
#671 = CARTESIAN_POINT ( 'NONE',  ( -2.999999999999999556, 4.000000000000000000, -25.99999999999998579 ) ) ;
#672 = ORIENTED_EDGE ( 'NONE', *, *, #260, .T. ) ;
#673 = EDGE_CURVE ( 'NONE', #1105, #488, #1021, .T. ) ;
#674 = ORIENTED_EDGE ( 'NONE', *, *, #873, .T. ) ;
#675 = CARTESIAN_POINT ( 'NONE',  ( 27.99999999999999645, 4.000000000000000000, 1.000000000000000000 ) ) ;
#676 = VERTEX_POINT ( 'NONE', #1243 ) ;
#677 = DIRECTION ( 'NONE',  ( 0.000000000000000000, 0.000000000000000000, 1.000000000000000000 ) ) ;
#678 = CARTESIAN_POINT ( 'NONE',  ( 12.49999999999999822, 35.99999999999997868, -12.49999999999999822 ) ) ;
#679 = DIRECTION ( 'NONE',  ( -0.000000000000000000, 1.000000000000000000, 0.000000000000000000 ) ) ;
#680 = CARTESIAN_POINT ( 'NONE',  ( 23.49999999999999645, 38.99999999999999289, -1.499999999999996669 ) ) ;
#681 = ORIENTED_EDGE ( 'NONE', *, *, #74, .T. ) ;
#682 = AXIS2_PLACEMENT_3D ( 'NONE', #1371, #1153, #468 ) ;
#683 = EDGE_CURVE ( 'NONE', #274, #584, #704, .T. ) ;
#684 = DIRECTION ( 'NONE',  ( 0.000000000000000000, 0.000000000000000000, 1.000000000000000000 ) ) ;
#685 = DIRECTION ( 'NONE',  ( 0.000000000000000000, 0.000000000000000000, -1.000000000000000000 ) ) ;
#686 = DIRECTION ( 'NONE',  ( 0.000000000000000000, -1.000000000000000000, 0.000000000000000000 ) ) ;
#687 = DIRECTION ( 'NONE',  ( 0.000000000000000000, 0.000000000000000000, 1.000000000000000000 ) ) ;
#688 = EDGE_LOOP ( 'NONE', ( #208, #914 ) ) ;
#689 = CIRCLE ( 'NONE', #886, 1.650000000000000355 ) ;
#690 = DIRECTION ( 'NONE',  ( 0.000000000000000000, 0.000000000000000000, 1.000000000000000000 ) ) ;
#691 = EDGE_CURVE ( 'NONE', #510, #998, #507, .T. ) ;
#692 = FACE_BOUND ( 'NONE', #958, .T. ) ;
#693 = DIRECTION ( 'NONE',  ( 0.000000000000000000, 0.000000000000000000, 1.000000000000000000 ) ) ;
#694 = VECTOR ( 'NONE', #1099, 1000.000000000000000 ) ;
#695 = AXIS2_PLACEMENT_3D ( 'NONE', #437, #660, #115 ) ;
#696 = CIRCLE ( 'NONE', #434, 7.395432676254973359 ) ;
#697 = FACE_OUTER_BOUND ( 'NONE', #852, .T. ) ;
#698 = DIRECTION ( 'NONE',  ( -0.000000000000000000, -1.000000000000000000, -0.000000000000000000 ) ) ;
#699 = ORIENTED_EDGE ( 'NONE', *, *, #900, .F. ) ;
#700 = CARTESIAN_POINT ( 'NONE',  ( 30.00000000000000000, 4.000000000000000000, 1.000000000000000222 ) ) ;
#701 = CARTESIAN_POINT ( 'NONE',  ( -3.000000000000000000, 4.000000000000000000, 0.9999999999999856781 ) ) ;
#702 = CARTESIAN_POINT ( 'NONE',  ( 2.499999999999993339, 43.00000000000000000, -24.14999999999999858 ) ) ;
#703 = ADVANCED_FACE ( 'NONE', ( #1066 ), #619, .F. ) ;
#704 = LINE ( 'NONE', #157, #158 ) ;
#705 = PLANE ( 'NONE',  #37 ) ;
#706 = ADVANCED_FACE ( 'NONE', ( #954 ), #58, .F. ) ;
#707 = EDGE_LOOP ( 'NONE', ( #172, #1182, #207, #76 ) ) ;
#708 = CIRCLE ( 'NONE', #805, 7.395432676254970694 ) ;
#709 = CARTESIAN_POINT ( 'NONE',  ( 27.00000000000000000, 4.000000000000000000, -23.35000000000000142 ) ) ;
#710 = VECTOR ( 'NONE', #187, 1000.000000000000000 ) ;
#711 = FACE_BOUND ( 'NONE', #1062, .T. ) ;
#712 = SHAPE_DEFINITION_REPRESENTATION ( #482, #571 ) ;
#713 = CARTESIAN_POINT ( 'NONE',  ( -0.9999999999999856781, 4.000000000000000000, 3.000000000000000000 ) ) ;
#714 = EDGE_CURVE ( 'NONE', #726, #998, #1284, .T. ) ;
#715 = DIRECTION ( 'NONE',  ( 0.000000000000000000, 0.000000000000000000, 1.000000000000000000 ) ) ;
#716 = ORIENTED_EDGE ( 'NONE', *, *, #244, .F. ) ;
#717 = CARTESIAN_POINT ( 'NONE',  ( 12.49999999999999822, 38.99999999999999289, -12.49999999999999822 ) ) ;
#718 = DIRECTION ( 'NONE',  ( 0.000000000000000000, 0.000000000000000000, 1.000000000000000000 ) ) ;
#719 = FACE_OUTER_BOUND ( 'NONE', #563, .T. ) ;
#720 = CARTESIAN_POINT ( 'NONE',  ( 27.00000000000000000, 4.000000000000000000, 1.649999999999998579 ) ) ;
#721 = CIRCLE ( 'NONE', #866, 7.395432676254973359 ) ;
#722 = AXIS2_PLACEMENT_3D ( 'NONE', #1225, #902, #1215 ) ;
#723 = EDGE_LOOP ( 'NONE', ( #1403, #1269, #636, #442 ) ) ;
#724 = CARTESIAN_POINT ( 'NONE',  ( 12.49999999999999822, 35.99999999999997868, -2.106201416103650192 ) ) ;
#725 = CIRCLE ( 'NONE', #328, 1.649999999999998579 ) ;
#726 = VERTEX_POINT ( 'NONE', #409 ) ;
#727 = EDGE_CURVE ( 'NONE', #511, #854, #183, .T. ) ;
#728 = ORIENTED_EDGE ( 'NONE', *, *, #1016, .F. ) ;
#729 = LINE ( 'NONE', #26, #1058 ) ;
#730 = DIRECTION ( 'NONE',  ( -0.000000000000000000, 1.000000000000000000, 0.000000000000000000 ) ) ;
#731 = ORIENTED_EDGE ( 'NONE', *, *, #1191, .F. ) ;
#732 = ORIENTED_EDGE ( 'NONE', *, *, #578, .F. ) ;
#733 = ORIENTED_EDGE ( 'NONE', *, *, #673, .F. ) ;
#734 = ADVANCED_FACE ( 'NONE', ( #514 ), #265, .T. ) ;
#735 = DIRECTION ( 'NONE',  ( 0.000000000000000000, -1.000000000000000000, 0.000000000000000000 ) ) ;
#736 = VECTOR ( 'NONE', #1270, 1000.000000000000000 ) ;
#737 = DIRECTION ( 'NONE',  ( -0.000000000000000000, -1.000000000000000000, -0.000000000000000000 ) ) ;
#738 = VERTEX_POINT ( 'NONE', #871 ) ;
#739 = ORIENTED_EDGE ( 'NONE', *, *, #691, .T. ) ;
#740 = DIRECTION ( 'NONE',  ( 0.000000000000000000, 0.000000000000000000, -1.000000000000000000 ) ) ;
#741 = ADVANCED_FACE ( 'NONE', ( #314 ), #1304, .F. ) ;
#742 = DIRECTION ( 'NONE',  ( -0.000000000000000000, -1.000000000000000000, -0.000000000000000000 ) ) ;
#743 = EDGE_LOOP ( 'NONE', ( #419, #61, #163, #403 ) ) ;
#744 = LINE ( 'NONE', #82, #816 ) ;
#745 = EDGE_LOOP ( 'NONE', ( #912, #665, #235, #232, #471 ) ) ;
#746 = AXIS2_PLACEMENT_3D ( 'NONE', #205, #625, #1190 ) ;
#747 = ORIENTED_EDGE ( 'NONE', *, *, #1075, .F. ) ;
#748 = CARTESIAN_POINT ( 'NONE',  ( 22.49999999999999645, 43.00000000000000000, -20.85000000000000142 ) ) ;
#749 = CARTESIAN_POINT ( 'NONE',  ( 30.00000000000000000, 0.000000000000000000, 1.000000000000000000 ) ) ;
#750 = EDGE_CURVE ( 'NONE', #1008, #1417, #379, .T. ) ;
#751 = PRESENTATION_STYLE_ASSIGNMENT (( #318 ) ) ;
#752 = CARTESIAN_POINT ( 'NONE',  ( 27.99999999999999645, 4.000000000000000000, -28.00000000000000355 ) ) ;
#753 = ADVANCED_FACE ( 'NONE', ( #697 ), #705, .F. ) ;
#754 = ORIENTED_EDGE ( 'NONE', *, *, #980, .T. ) ;
#755 = ORIENTED_EDGE ( 'NONE', *, *, #342, .F. ) ;
#756 = DIRECTION ( 'NONE',  ( 0.000000000000000000, 0.000000000000000000, -1.000000000000000000 ) ) ;
#757 = VECTOR ( 'NONE', #302, 1000.000000000000000 ) ;
#758 = CARTESIAN_POINT ( 'NONE',  ( 23.49999999999997868, 38.99999999999999289, -25.50000000000000000 ) ) ;
#759 = DIRECTION ( 'NONE',  ( 0.000000000000000000, -1.000000000000000000, 0.000000000000000000 ) ) ;
#760 = EDGE_CURVE ( 'NONE', #13, #114, #85, .T. ) ;
#761 = VERTEX_POINT ( 'NONE', #1049 ) ;
#762 = DIRECTION ( 'NONE',  ( 0.000000000000000000, 0.000000000000000000, -1.000000000000000000 ) ) ;
#763 = VECTOR ( 'NONE', #943, 1000.000000000000000 ) ;
#764 = VECTOR ( 'NONE', #1241, 1000.000000000000000 ) ;
#765 = ORIENTED_EDGE ( 'NONE', *, *, #1375, .T. ) ;
#766 = EDGE_CURVE ( 'NONE', #554, #189, #1311, .T. ) ;
#767 = CARTESIAN_POINT ( 'NONE',  ( 12.50000000000000000, 6.900995535990086083, -19.89543267625496981 ) ) ;
#768 = AXIS2_PLACEMENT_3D ( 'NONE', #508, #1090, #864 ) ;
#769 = CIRCLE ( 'NONE', #868, 10.39379858389634848 ) ;
#770 = AXIS2_PLACEMENT_3D ( 'NONE', #588, #962, #1401 ) ;
#771 = DIRECTION ( 'NONE',  ( 0.000000000000000000, 1.000000000000000000, 0.000000000000000000 ) ) ;
#772 = ORIENTED_EDGE ( 'NONE', *, *, #766, .F. ) ;
#773 = VERTEX_POINT ( 'NONE', #16 ) ;
#774 = DIRECTION ( 'NONE',  ( 0.000000000000000000, 0.000000000000000000, 1.000000000000000000 ) ) ;
#775 = ORIENTED_EDGE ( 'NONE', *, *, #813, .F. ) ;
#776 = ADVANCED_FACE ( 'NONE', ( #1356 ), #800, .F. ) ;
#777 = DIRECTION ( 'NONE',  ( -0.000000000000000000, -0.000000000000000000, 1.000000000000000000 ) ) ;
#778 = LINE ( 'NONE', #648, #171 ) ;
#779 = ORIENTED_EDGE ( 'NONE', *, *, #133, .T. ) ;
#780 = CARTESIAN_POINT ( 'NONE',  ( 2.499999999999993339, 38.99999999999999289, -0.8499999999999967581 ) ) ;
#781 = ORIENTED_EDGE ( 'NONE', *, *, #940, .F. ) ;
#782 = DIRECTION ( 'NONE',  ( 0.000000000000000000, 0.000000000000000000, 1.000000000000000000 ) ) ;
#783 = EDGE_CURVE ( 'NONE', #519, #54, #577, .T. ) ;
#784 = DIRECTION ( 'NONE',  ( -1.000000000000000000, 0.000000000000000000, -0.000000000000000000 ) ) ;
#785 = DIRECTION ( 'NONE',  ( 0.000000000000000000, -1.000000000000000000, 0.000000000000000000 ) ) ;
#786 = ORIENTED_EDGE ( 'NONE', *, *, #951, .T. ) ;
#787 = FACE_OUTER_BOUND ( 'NONE', #407, .T. ) ;
#788 = AXIS2_PLACEMENT_3D ( 'NONE', #206, #320, #241 ) ;
#789 = CIRCLE ( 'NONE', #1426, 10.39379858389635203 ) ;
#790 = DIRECTION ( 'NONE',  ( 0.000000000000000000, 1.000000000000000000, 0.000000000000000000 ) ) ;
#791 = DIRECTION ( 'NONE',  ( -1.000000000000000000, 0.000000000000000000, 0.000000000000000000 ) ) ;
#792 = DIRECTION ( 'NONE',  ( -0.000000000000000000, -1.000000000000000000, -0.000000000000000000 ) ) ;
#793 = ADVANCED_FACE ( 'NONE', ( #1254 ), #527, .F. ) ;
#794 = ORIENTED_EDGE ( 'NONE', *, *, #298, .F. ) ;
#795 = FACE_OUTER_BOUND ( 'NONE', #1280, .T. ) ;
#796 = ORIENTED_EDGE ( 'NONE', *, *, #1323, .F. ) ;
#797 = AXIS2_PLACEMENT_3D ( 'NONE', #985, #1308, #88 ) ;
#798 = FACE_BOUND ( 'NONE', #1109, .T. ) ;
#799 = MANIFOLD_SOLID_BREP ( 'Fillet1', #332 ) ;
#800 = CYLINDRICAL_SURFACE ( 'NONE', #93, 1.649999999999998579 ) ;
#801 = CYLINDRICAL_SURFACE ( 'NONE', #325, 2.000000000000001776 ) ;
#802 = AXIS2_PLACEMENT_3D ( 'NONE', #855, #497, #1377 ) ;
#803 = ORIENTED_EDGE ( 'NONE', *, *, #616, .T. ) ;
#804 = EDGE_CURVE ( 'NONE', #435, #1427, #151, .T. ) ;
#805 = AXIS2_PLACEMENT_3D ( 'NONE', #825, #1384, #693 ) ;
#806 = UNCERTAINTY_MEASURE_WITH_UNIT (LENGTH_MEASURE( 1.000000000000000082E-05 ), #1328, 'distance_accuracy_value', 'NONE');
#807 = LINE ( 'NONE', #19, #764 ) ;
#808 = CARTESIAN_POINT ( 'NONE',  ( -0.5000000000000073275, 38.99999999999999289, -1.500000000000011102 ) ) ;
#809 = CARTESIAN_POINT ( 'NONE',  ( 2.499999999999993339, 38.99999999999999289, -20.85000000000000142 ) ) ;
#810 = CARTESIAN_POINT ( 'NONE',  ( 7.134506873808080130, 6.900995535990086083, -17.58958819373503246 ) ) ;
#811 = DIRECTION ( 'NONE',  ( 0.000000000000000000, 0.000000000000000000, 1.000000000000000000 ) ) ;
#812 = ORIENTED_EDGE ( 'NONE', *, *, #220, .T. ) ;
#813 = EDGE_CURVE ( 'NONE', #426, #331, #523, .T. ) ;
#814 = LINE ( 'NONE', #1388, #292 ) ;
#815 = DIRECTION ( 'NONE',  ( 0.000000000000000000, 0.000000000000000000, 1.000000000000000000 ) ) ;
#816 = VECTOR ( 'NONE', #1101, 1000.000000000000000 ) ;
#817 = DIRECTION ( 'NONE',  ( 0.000000000000000000, 0.000000000000000000, 1.000000000000000000 ) ) ;
#818 = DIRECTION ( 'NONE',  ( -0.000000000000000000, -1.000000000000000000, -0.000000000000000000 ) ) ;
#819 = PLANE ( 'NONE',  #431 ) ;
#820 = VERTEX_POINT ( 'NONE', #575 ) ;
#821 = CARTESIAN_POINT ( 'NONE',  ( 12.50000000000000000, 36.09900446400990148, -19.89543267625497336 ) ) ;
#822 = AXIS2_PLACEMENT_3D ( 'NONE', #564, #583, #1208 ) ;
#823 = DIRECTION ( 'NONE',  ( 0.000000000000000000, 0.000000000000000000, -1.000000000000000000 ) ) ;
#824 = DIRECTION ( 'NONE',  ( 0.000000000000000000, 0.000000000000000000, 1.000000000000000000 ) ) ;
#825 = CARTESIAN_POINT ( 'NONE',  ( 12.49999999999999822, 6.900995535990086083, -12.49999999999999822 ) ) ;
#826 = DIRECTION ( 'NONE',  ( 0.000000000000000000, 0.000000000000000000, -1.000000000000000000 ) ) ;
#827 = EDGE_CURVE ( 'NONE', #189, #554, #237, .T. ) ;
#828 = CARTESIAN_POINT ( 'NONE',  ( 23.49999999999997868, 38.99999999999999289, -25.50000000000000000 ) ) ;
#829 = CARTESIAN_POINT ( 'NONE',  ( 2.499999999999993339, 38.99999999999999289, -2.499999999999996891 ) ) ;
#830 = EDGE_LOOP ( 'NONE', ( #622, #1110, #1336, #1342 ) ) ;
#831 = ORIENTED_EDGE ( 'NONE', *, *, #1075, .T. ) ;
#832 = DIRECTION ( 'NONE',  ( 0.000000000000000000, 0.000000000000000000, 1.000000000000000000 ) ) ;
#833 = AXIS2_PLACEMENT_3D ( 'NONE', #366, #1150, #590 ) ;
#834 = DIRECTION ( 'NONE',  ( 0.000000000000000000, -1.000000000000000000, 0.000000000000000000 ) ) ;
#835 = LINE ( 'NONE', #1253, #643 ) ;
#836 = EDGE_CURVE ( 'NONE', #54, #519, #1234, .T. ) ;
#837 = DIRECTION ( 'NONE',  ( 0.000000000000000000, 0.000000000000000000, 1.000000000000000000 ) ) ;
#838 = CARTESIAN_POINT ( 'NONE',  ( 23.49999999999999645, 38.99999999999999289, -1.499999999999996669 ) ) ;
#839 = ORIENTED_EDGE ( 'NONE', *, *, #181, .F. ) ;
#840 = VERTEX_POINT ( 'NONE', #908 ) ;
#841 = CARTESIAN_POINT ( 'NONE',  ( -0.5000000000000073275, 43.00000000000000000, -1.500000000000011102 ) ) ;
#842 = FACE_BOUND ( 'NONE', #539, .T. ) ;
#843 = CARTESIAN_POINT ( 'NONE',  ( 27.99999999999999645, 0.000000000000000000, -28.00000000000000355 ) ) ;
#844 = CARTESIAN_POINT ( 'NONE',  ( 2.020667218593133001E-16, 0.000000000000000000, 1.650000000000000133 ) ) ;
#845 = AXIS2_PLACEMENT_3D ( 'NONE', #1120, #1138, #135 ) ;
#846 = VECTOR ( 'NONE', #136, 1000.000000000000000 ) ;
#847 = CIRCLE ( 'NONE', #1104, 1.649999999999998579 ) ;
#848 = EDGE_CURVE ( 'NONE', #1396, #32, #807, .T. ) ;
#849 = ORIENTED_EDGE ( 'NONE', *, *, #304, .T. ) ;
#850 = DIRECTION ( 'NONE',  ( 0.000000000000000000, 1.000000000000000000, 0.000000000000000000 ) ) ;
#851 = CARTESIAN_POINT ( 'NONE',  ( -2.969292889799749702, 4.000000000000000000, -6.023042574665891991 ) ) ;
#852 = EDGE_LOOP ( 'NONE', ( #389, #1067, #197, #242 ) ) ;
#853 = EDGE_CURVE ( 'NONE', #649, #1008, #927, .T. ) ;
#854 = VERTEX_POINT ( 'NONE', #1019 ) ;
#855 = CARTESIAN_POINT ( 'NONE',  ( 12.50000000000000000, 7.000000000000000888, -22.89379858389635203 ) ) ;
#856 = CARTESIAN_POINT ( 'NONE',  ( 14.33417207029538964, 38.99999999999999289, -5.227736747301546139 ) ) ;
#857 = DIRECTION ( 'NONE',  ( 0.000000000000000000, 0.000000000000000000, 1.000000000000000000 ) ) ;
#858 = EDGE_LOOP ( 'NONE', ( #89, #1374, #91, #1257 ) ) ;
#859 = AXIS2_PLACEMENT_3D ( 'NONE', #1170, #1407, #489 ) ;
#860 = EDGE_LOOP ( 'NONE', ( #397, #1285, #153, #321 ) ) ;
#861 = EDGE_CURVE ( 'NONE', #584, #388, #449, .T. ) ;
#862 = CARTESIAN_POINT ( 'NONE',  ( -3.878698575692296480, 38.99999999999999289, -16.10391911210766835 ) ) ;
#863 = ADVANCED_FACE ( 'NONE', ( #1352, #692, #148, #1041, #349 ), #34, .T. ) ;
#864 = DIRECTION ( 'NONE',  ( 0.000000000000000000, 0.000000000000000000, -1.000000000000000000 ) ) ;
#865 = AXIS2_PLACEMENT_3D ( 'NONE', #581, #1139, #1022 ) ;
#866 = AXIS2_PLACEMENT_3D ( 'NONE', #305, #946, #1083 ) ;
#867 = AXIS2_PLACEMENT_3D ( 'NONE', #348, #452, #354 ) ;
#868 = AXIS2_PLACEMENT_3D ( 'NONE', #888, #1335, #1060 ) ;
#869 = ORIENTED_EDGE ( 'NONE', *, *, #653, .T. ) ;
#870 = CARTESIAN_POINT ( 'NONE',  ( 12.50000000000000000, 35.99999999999997868, -22.89379858389634848 ) ) ;
#871 = CARTESIAN_POINT ( 'NONE',  ( -2.999999999999999556, 0.000000000000000000, -25.99999999999998579 ) ) ;
#872 = FACE_OUTER_BOUND ( 'NONE', #924, .T. ) ;
#873 = EDGE_CURVE ( 'NONE', #641, #606, #696, .T. ) ;
#874 = EDGE_LOOP ( 'NONE', ( #986, #1117, #1051, #664 ) ) ;
#875 = CARTESIAN_POINT ( 'NONE',  ( 22.49999999999999645, 38.99999999999999289, -22.50000000000000000 ) ) ;
#876 = ORIENTED_EDGE ( 'NONE', *, *, #1305, .T. ) ;
#877 = CARTESIAN_POINT ( 'NONE',  ( -3.878698575692296480, 38.99999999999999289, -16.10391911210766835 ) ) ;
#878 = CARTESIAN_POINT ( 'NONE',  ( 25.49999999999999645, 43.00000000000000000, -1.500000000000011324 ) ) ;
#879 = CIRCLE ( 'NONE', #1070, 2.999999999999999112 ) ;
#880 = EDGE_CURVE ( 'NONE', #1298, #1386, #645, .T. ) ;
#881 = ORIENTED_EDGE ( 'NONE', *, *, #521, .F. ) ;
#882 = ORIENTED_EDGE ( 'NONE', *, *, #1123, .T. ) ;
#883 = CARTESIAN_POINT ( 'NONE',  ( -0.9999999999999856781, 4.000000000000000000, 3.000000000000000000 ) ) ;
#884 = ORIENTED_EDGE ( 'NONE', *, *, #1037, .T. ) ;
#885 = FACE_OUTER_BOUND ( 'NONE', #860, .T. ) ;
#886 = AXIS2_PLACEMENT_3D ( 'NONE', #977, #834, #740 ) ;
#887 = ORIENTED_EDGE ( 'NONE', *, *, #1250, .F. ) ;
#888 = CARTESIAN_POINT ( 'NONE',  ( 12.49999999999999822, 38.99999999999999289, -12.49999999999999822 ) ) ;
#889 = ORIENTED_EDGE ( 'NONE', *, *, #750, .F. ) ;
#890 = EDGE_CURVE ( 'NONE', #1298, #481, #1306, .T. ) ;
#891 = VECTOR ( 'NONE', #1020, 1000.000000000000000 ) ;
#892 = VECTOR ( 'NONE', #679, 1000.000000000000000 ) ;
#893 = DIRECTION ( 'NONE',  ( -0.000000000000000000, -1.000000000000000000, -0.000000000000000000 ) ) ;
#894 = LINE ( 'NONE', #20, #144 ) ;
#895 = VECTOR ( 'NONE', #198, 1000.000000000000000 ) ;
#896 = FACE_OUTER_BOUND ( 'NONE', #1025, .T. ) ;
#897 = ORIENTED_EDGE ( 'NONE', *, *, #1026, .T. ) ;
#898 = CYLINDRICAL_SURFACE ( 'NONE', #240, 2.000000000000000888 ) ;
#899 = EDGE_LOOP ( 'NONE', ( #699, #529, #1174, #849, #728 ) ) ;
#900 = EDGE_CURVE ( 'NONE', #1116, #67, #957, .T. ) ;
#901 = DIRECTION ( 'NONE',  ( -0.000000000000000000, -1.000000000000000000, -0.000000000000000000 ) ) ;
#902 = DIRECTION ( 'NONE',  ( -0.000000000000000000, -1.000000000000000000, -0.000000000000000000 ) ) ;
#903 = EDGE_LOOP ( 'NONE', ( #831, #803 ) ) ;
#904 = AXIS2_PLACEMENT_3D ( 'NONE', #41, #941, #832 ) ;
#905 = CARTESIAN_POINT ( 'NONE',  ( 22.49999999999999645, 38.99999999999999289, -22.50000000000000000 ) ) ;
#906 = CARTESIAN_POINT ( 'NONE',  ( 22.49999999999999645, 38.99999999999999289, -4.149999999999995914 ) ) ;
#907 = EDGE_CURVE ( 'NONE', #1303, #435, #60, .T. ) ;
#908 = CARTESIAN_POINT ( 'NONE',  ( -0.5000000000000066613, 38.99999999999999289, -23.49999999999998224 ) ) ;
#909 = FACE_OUTER_BOUND ( 'NONE', #661, .T. ) ;
#910 = EDGE_CURVE ( 'NONE', #223, #534, #1389, .T. ) ;
#911 = DIRECTION ( 'NONE',  ( -1.000000000000000000, 0.000000000000000000, -0.000000000000000000 ) ) ;
#912 = ORIENTED_EDGE ( 'NONE', *, *, #1123, .F. ) ;
#913 = FACE_BOUND ( 'NONE', #982, .T. ) ;
#914 = ORIENTED_EDGE ( 'NONE', *, *, #123, .T. ) ;
#915 = AXIS2_PLACEMENT_3D ( 'NONE', #515, #167, #837 ) ;
#916 = CIRCLE ( 'NONE', #1258, 1.649999999999998579 ) ;
#917 = DIRECTION ( 'NONE',  ( -0.000000000000000000, 1.000000000000000000, 0.000000000000000000 ) ) ;
#918 = CIRCLE ( 'NONE', #579, 2.000000000000000888 ) ;
#919 = CIRCLE ( 'NONE', #458, 1.999999999999998224 ) ;
#920 = CARTESIAN_POINT ( 'NONE',  ( 2.499999999999993339, 38.99999999999999289, -4.149999999999997691 ) ) ;
#921 = CARTESIAN_POINT ( 'NONE',  ( 1.499999999999992228, 38.99999999999999289, -1.499999999999996669 ) ) ;
#922 = DIRECTION ( 'NONE',  ( 1.000000000000000000, 0.000000000000000000, -0.000000000000000000 ) ) ;
#923 = CARTESIAN_POINT ( 'NONE',  ( 23.49999999999999645, 38.99999999999999289, -1.499999999999996669 ) ) ;
#924 = EDGE_LOOP ( 'NONE', ( #185, #1381, #291, #772 ) ) ;
#925 = CARTESIAN_POINT ( 'NONE',  ( 2.499999999999993339, 38.99999999999999289, -0.8499999999999967581 ) ) ;
#926 = DIRECTION ( 'NONE',  ( 0.000000000000000000, 1.000000000000000000, 0.000000000000000000 ) ) ;
#927 = LINE ( 'NONE', #701, #970 ) ;
#928 = LINE ( 'NONE', #35, #638 ) ;
#929 = DIRECTION ( 'NONE',  ( 0.000000000000000000, 0.000000000000000000, -1.000000000000000000 ) ) ;
#930 = EDGE_CURVE ( 'NONE', #1046, #572, #689, .T. ) ;
#931 = CIRCLE ( 'NONE', #682, 1.649999999999998579 ) ;
#932 = DIRECTION ( 'NONE',  ( -0.000000000000000000, 1.000000000000000000, 0.000000000000000000 ) ) ;
#933 = CIRCLE ( 'NONE', #446, 1.999999999999998224 ) ;
#934 = DIRECTION ( 'NONE',  ( 0.000000000000000000, 0.000000000000000000, 1.000000000000000000 ) ) ;
#935 = CARTESIAN_POINT ( 'NONE',  ( 17.86549312619191454, 6.900995535990086083, -7.410411806264963097 ) ) ;
#936 = DIRECTION ( 'NONE',  ( 1.000000000000000000, 0.000000000000000000, 0.000000000000000000 ) ) ;
#937 = ORIENTED_EDGE ( 'NONE', *, *, #1227, .T. ) ;
#938 = DIRECTION ( 'NONE',  ( 0.000000000000000000, 0.000000000000000000, -1.000000000000000000 ) ) ;
#939 = ORIENTED_EDGE ( 'NONE', *, *, #880, .F. ) ;
#940 = EDGE_CURVE ( 'NONE', #1072, #426, #262, .T. ) ;
#941 = DIRECTION ( 'NONE',  ( 0.000000000000000000, 1.000000000000000000, 0.000000000000000000 ) ) ;
#942 = ORIENTED_EDGE ( 'NONE', *, *, #827, .T. ) ;
#943 = DIRECTION ( 'NONE',  ( -0.000000000000000000, -1.000000000000000000, -0.000000000000000000 ) ) ;
#944 = CYLINDRICAL_SURFACE ( 'NONE', #492, 1.649999999999998579 ) ;
#945 = DIRECTION ( 'NONE',  ( 0.000000000000000000, 0.000000000000000000, 1.000000000000000000 ) ) ;
#946 = DIRECTION ( 'NONE',  ( -0.000000000000000000, -1.000000000000000000, -0.000000000000000000 ) ) ;
#947 = DIRECTION ( 'NONE',  ( 0.000000000000000000, -1.000000000000000000, 0.000000000000000000 ) ) ;
#948 = ORIENTED_EDGE ( 'NONE', *, *, #1235, .T. ) ;
#949 = LINE ( 'NONE', #585, #736 ) ;
#950 = CARTESIAN_POINT ( 'NONE',  ( 0.000000000000000000, 0.000000000000000000, -25.00000000000000000 ) ) ;
#951 = EDGE_CURVE ( 'NONE', #1386, #464, #609, .T. ) ;
#952 = CYLINDRICAL_SURFACE ( 'NONE', #859, 1.650000000000000133 ) ;
#953 = DIRECTION ( 'NONE',  ( -0.000000000000000000, -1.000000000000000000, -0.000000000000000000 ) ) ;
#954 = FACE_OUTER_BOUND ( 'NONE', #218, .T. ) ;
#955 = DIRECTION ( 'NONE',  ( 0.000000000000000000, 1.000000000000000000, 0.000000000000000000 ) ) ;
#956 = ORIENTED_EDGE ( 'NONE', *, *, #1250, .T. ) ;
#957 = CIRCLE ( 'NONE', #802, 2.999999999999999112 ) ;
#958 = EDGE_LOOP ( 'NONE', ( #1395, #337 ) ) ;
#959 = FACE_BOUND ( 'NONE', #504, .T. ) ;
#960 = CYLINDRICAL_SURFACE ( 'NONE', #277, 1.649999999999998579 ) ;
#961 = ADVANCED_FACE ( 'NONE', ( #164 ), #952, .F. ) ;
#962 = DIRECTION ( 'NONE',  ( 0.000000000000000000, 1.000000000000000000, 0.000000000000000000 ) ) ;
#963 = ORIENTED_EDGE ( 'NONE', *, *, #195, .T. ) ;
#964 = VERTEX_POINT ( 'NONE', #965 ) ;
#965 = CARTESIAN_POINT ( 'NONE',  ( 12.50000000000000000, 38.99999999999998579, -22.89379858389634848 ) ) ;
#966 = CARTESIAN_POINT ( 'NONE',  ( 6.815358451906405435, 4.000000000000000000, -17.39232567085307934 ) ) ;
#967 =( LENGTH_UNIT ( ) NAMED_UNIT ( * ) SI_UNIT ( .MILLI., .METRE. ) );
#968 = CIRCLE ( 'NONE', #845, 1.999999999999999556 ) ;
#969 = AXIS2_PLACEMENT_3D ( 'NONE', #1211, #428, #1436 ) ;
#970 = VECTOR ( 'NONE', #1252, 1000.000000000000000 ) ;
#971 = EDGE_CURVE ( 'NONE', #511, #494, #230, .T. ) ;
#972 = ORIENTED_EDGE ( 'NONE', *, *, #930, .F. ) ;
#973 = EDGE_CURVE ( 'NONE', #40, #1396, #1288, .T. ) ;
#974 = AXIS2_PLACEMENT_3D ( 'NONE', #59, #1266, #945 ) ;
#975 = ORIENTED_EDGE ( 'NONE', *, *, #21, .T. ) ;
#976 = VERTEX_POINT ( 'NONE', #404 ) ;
#977 = CARTESIAN_POINT ( 'NONE',  ( 2.499999999999993339, 38.99999999999999289, -2.499999999999996891 ) ) ;
#978 = CARTESIAN_POINT ( 'NONE',  ( 18.18464154809359101, 4.000000000000000000, -7.607674329146920655 ) ) ;
#979 = DIRECTION ( 'NONE',  ( 0.000000000000000000, 0.000000000000000000, -1.000000000000000000 ) ) ;
#980 = EDGE_CURVE ( 'NONE', #990, #1348, #1189, .T. ) ;
#981 = ORIENTED_EDGE ( 'NONE', *, *, #353, .T. ) ;
#982 = EDGE_LOOP ( 'NONE', ( #1187, #1310 ) ) ;
#983 = CARTESIAN_POINT ( 'NONE',  ( 27.00000000000000000, 4.000000000000000000, 0.000000000000000000 ) ) ;
#984 = CIRCLE ( 'NONE', #904, 1.650000000000000133 ) ;
#985 = CARTESIAN_POINT ( 'NONE',  ( 2.499999999999993339, 38.99999999999999289, -22.50000000000000000 ) ) ;
#986 = ORIENTED_EDGE ( 'NONE', *, *, #783, .T. ) ;
#987 = ORIENTED_EDGE ( 'NONE', *, *, #783, .F. ) ;
#988 = ADVANCED_FACE ( 'NONE', ( #282 ), #1088, .T. ) ;
#989 = CARTESIAN_POINT ( 'NONE',  ( 2.499999999999993339, 43.00000000000000000, -22.50000000000000000 ) ) ;
#990 = VERTEX_POINT ( 'NONE', #1271 ) ;
#991 = CIRCLE ( 'NONE', #770, 1.999999999999998224 ) ;
#992 = CYLINDRICAL_SURFACE ( 'NONE', #1428, 1.649999999999998579 ) ;
#993 = EDGE_LOOP ( 'NONE', ( #672, #308, #105, #506 ) ) ;
#994 = ADVANCED_FACE ( 'NONE', ( #275 ), #417, .F. ) ;
#995 = CARTESIAN_POINT ( 'NONE',  ( -2.999999999999999556, 4.000000000000000000, -25.99999999999998579 ) ) ;
#996 = ORIENTED_EDGE ( 'NONE', *, *, #311, .T. ) ;
#997 = EDGE_LOOP ( 'NONE', ( #1119, #520, #884, #1195 ) ) ;
#998 = VERTEX_POINT ( 'NONE', #182 ) ;
#999 = AXIS2_PLACEMENT_3D ( 'NONE', #52, #1162, #390 ) ;
#1000 = CARTESIAN_POINT ( 'NONE',  ( 1.499999999999993117, 38.99999999999999289, -23.50000000000000000 ) ) ;
#1001 = ADVANCED_FACE ( 'NONE', ( #1282, #842, #959, #12, #913, #1220 ), #1024, .F. ) ;
#1002 = DIRECTION ( 'NONE',  ( 0.000000000000000000, 0.000000000000000000, 1.000000000000000000 ) ) ;
#1003 = ORIENTED_EDGE ( 'NONE', *, *, #980, .F. ) ;
#1004 = ORIENTED_EDGE ( 'NONE', *, *, #456, .F. ) ;
#1005 = DIRECTION ( 'NONE',  ( 0.000000000000000000, 0.000000000000000000, 1.000000000000000000 ) ) ;
#1006 = ORIENTED_EDGE ( 'NONE', *, *, #531, .F. ) ;
#1007 = FACE_BOUND ( 'NONE', #1017, .T. ) ;
#1008 = VERTEX_POINT ( 'NONE', #1341 ) ;
#1009 = ADVANCED_FACE ( 'NONE', ( #246 ), #1118, .F. ) ;
#1010 = LINE ( 'NONE', #202, #1155 ) ;
#1011 = DIRECTION ( 'NONE',  ( 0.000000000000000000, 1.000000000000000000, 0.000000000000000000 ) ) ;
#1012 = CIRCLE ( 'NONE', #722, 1.999999999999999556 ) ;
#1013 = CARTESIAN_POINT ( 'NONE',  ( 22.49999999999999645, 43.00000000000000000, -0.8499999999999983125 ) ) ;
#1014 = ORIENTED_EDGE ( 'NONE', *, *, #1419, .T. ) ;
#1015 = CARTESIAN_POINT ( 'NONE',  ( 1.500000000000006883, 38.99999999999999289, 0.5000000000000029976 ) ) ;
#1016 = EDGE_CURVE ( 'NONE', #67, #607, #580, .T. ) ;
#1017 = EDGE_LOOP ( 'NONE', ( #139, #981 ) ) ;
#1018 = CARTESIAN_POINT ( 'NONE',  ( 8.399990206387439429, 4.000000000000000000, 3.761608767040266255 ) ) ;
#1019 = CARTESIAN_POINT ( 'NONE',  ( 27.00000000000000000, 0.000000000000000000, 1.649999999999998579 ) ) ;
#1020 = DIRECTION ( 'NONE',  ( -0.000000000000000000, 1.000000000000000000, 0.000000000000000000 ) ) ;
#1021 = LINE ( 'NONE', #1355, #517 ) ;
#1022 = DIRECTION ( 'NONE',  ( 0.000000000000000000, 0.000000000000000000, 1.000000000000000000 ) ) ;
#1023 = ORIENTED_EDGE ( 'NONE', *, *, #123, .F. ) ;
#1024 = PLANE ( 'NONE',  #1028 ) ;
#1025 = EDGE_LOOP ( 'NONE', ( #1199, #732, #755, #505 ) ) ;
#1026 = EDGE_CURVE ( 'NONE', #572, #1046, #413, .T. ) ;
#1027 = CYLINDRICAL_SURFACE ( 'NONE', #1442, 1.999999999999998224 ) ;
#1028 = AXIS2_PLACEMENT_3D ( 'NONE', #680, #1011, #1135 ) ;
#1029 = DIRECTION ( 'NONE',  ( -0.000000000000000000, 1.000000000000000000, 0.000000000000000000 ) ) ;
#1030 = ORIENTED_EDGE ( 'NONE', *, *, #578, .T. ) ;
#1031 = UNCERTAINTY_MEASURE_WITH_UNIT (LENGTH_MEASURE( 1.000000000000000082E-05 ), #967, 'distance_accuracy_value', 'NONE');
#1032 = CARTESIAN_POINT ( 'NONE',  ( 2.499999999999993339, 38.99999999999999289, -22.50000000000000000 ) ) ;
#1033 = CIRCLE ( 'NONE', #72, 1.999999999999998224 ) ;
#1034 = AXIS2_PLACEMENT_3D ( 'NONE', #1291, #735, #70 ) ;
#1035 = AXIS2_PLACEMENT_3D ( 'NONE', #470, #476, #936 ) ;
#1036 = CARTESIAN_POINT ( 'NONE',  ( 27.00000000000000000, 4.000000000000000000, 1.649999999999998579 ) ) ;
#1037 = EDGE_CURVE ( 'NONE', #572, #621, #17, .T. ) ;
#1038 = DIRECTION ( 'NONE',  ( 0.000000000000000000, 1.000000000000000000, 0.000000000000000000 ) ) ;
#1039 = LINE ( 'NONE', #380, #892 ) ;
#1040 = VERTEX_POINT ( 'NONE', #1238 ) ;
#1041 = FACE_BOUND ( 'NONE', #1092, .T. ) ;
#1042 = CARTESIAN_POINT ( 'NONE',  ( 27.99999999999999645, 4.000000000000000000, -26.00000000000000355 ) ) ;
#1043 = DIRECTION ( 'NONE',  ( -0.000000000000000000, -1.000000000000000000, -0.000000000000000000 ) ) ;
#1044 = ADVANCED_FACE ( 'NONE', ( #667 ), #330, .T. ) ;
#1045 = CIRCLE ( 'NONE', #1344, 2.000000000000001776 ) ;
#1046 = VERTEX_POINT ( 'NONE', #1231 ) ;
#1047 = EDGE_LOOP ( 'NONE', ( #438, #1175 ) ) ;
#1048 = DIRECTION ( 'NONE',  ( -0.000000000000000000, -1.000000000000000000, -0.000000000000000000 ) ) ;
#1049 = CARTESIAN_POINT ( 'NONE',  ( 25.49999999999999645, 38.99999999999999289, -23.49999999999998224 ) ) ;
#1050 = CYLINDRICAL_SURFACE ( 'NONE', #797, 1.649999999999998579 ) ;
#1051 = ORIENTED_EDGE ( 'NONE', *, *, #827, .F. ) ;
#1052 = ADVANCED_FACE ( 'NONE', ( #795 ), #548, .F. ) ;
#1053 = CARTESIAN_POINT ( 'NONE',  ( 27.99999999999999645, 0.000000000000000000, 3.000000000000000000 ) ) ;
#1054 = AXIS2_PLACEMENT_3D ( 'NONE', #921, #792, #358 ) ;
#1055 = CARTESIAN_POINT ( 'NONE',  ( 23.49999999999999645, 43.00000000000000000, -1.499999999999996669 ) ) ;
#1056 = CARTESIAN_POINT ( 'NONE',  ( 14.65332049219706612, 36.09900446400990148, -5.424999270183499256 ) ) ;
#1057 = AXIS2_PLACEMENT_3D ( 'NONE', #923, #605, #687 ) ;
#1058 = VECTOR ( 'NONE', #33, 1000.000000000000000 ) ;
#1059 = DIRECTION ( 'NONE',  ( 0.000000000000000000, 0.000000000000000000, 1.000000000000000000 ) ) ;
#1060 = DIRECTION ( 'NONE',  ( 0.000000000000000000, 0.000000000000000000, 1.000000000000000000 ) ) ;
#1061 = ORIENTED_EDGE ( 'NONE', *, *, #836, .F. ) ;
#1062 = EDGE_LOOP ( 'NONE', ( #765, #1309 ) ) ;
#1063 = DIRECTION ( 'NONE',  ( 0.000000000000000000, 0.000000000000000000, -1.000000000000000000 ) ) ;
#1064 = ADVANCED_FACE ( 'NONE', ( #131 ), #898, .T. ) ;
#1065 = DIRECTION ( 'NONE',  ( 2.956915015869561469E-17, 0.000000000000000000, -1.000000000000000000 ) ) ;
#1066 = FACE_OUTER_BOUND ( 'NONE', #874, .T. ) ;
#1067 = ORIENTED_EDGE ( 'NONE', *, *, #1391, .F. ) ;
#1068 = ORIENTED_EDGE ( 'NONE', *, *, #1198, .T. ) ;
#1069 = ORIENTED_EDGE ( 'NONE', *, *, #971, .F. ) ;
#1070 = AXIS2_PLACEMENT_3D ( 'NONE', #870, #420, #756 ) ;
#1071 = DIRECTION ( 'NONE',  ( 0.000000000000000000, 1.000000000000000000, 0.000000000000000000 ) ) ;
#1072 = VERTEX_POINT ( 'NONE', #906 ) ;
#1073 = DIRECTION ( 'NONE',  ( 0.000000000000000000, -0.000000000000000000, 1.000000000000000000 ) ) ;
#1074 = DIRECTION ( 'NONE',  ( 0.000000000000000000, 0.000000000000000000, -1.000000000000000000 ) ) ;
#1075 = EDGE_CURVE ( 'NONE', #361, #1427, #51, .T. ) ;
#1076 = CARTESIAN_POINT ( 'NONE',  ( 2.020667218593133987E-16, 4.000000000000000000, -23.35000000000000142 ) ) ;
#1077 = ORIENTED_EDGE ( 'NONE', *, *, #298, .T. ) ;
#1078 = ORIENTED_EDGE ( 'NONE', *, *, #239, .F. ) ;
#1079 = DIRECTION ( 'NONE',  ( 0.000000000000000000, 1.000000000000000000, 0.000000000000000000 ) ) ;
#1080 = CARTESIAN_POINT ( 'NONE',  ( 18.18464154809359101, 4.000000000000000000, -7.607674329146920655 ) ) ;
#1081 = ADVANCED_FACE ( 'NONE', ( #1126 ), #126, .T. ) ;
#1082 = CIRCLE ( 'NONE', #412, 1.650000000000000355 ) ;
#1083 = DIRECTION ( 'NONE',  ( 0.000000000000000000, 0.000000000000000000, 1.000000000000000000 ) ) ;
#1084 = VECTOR ( 'NONE', #425, 1000.000000000000000 ) ;
#1085 = AXIS2_PLACEMENT_3D ( 'NONE', #152, #686, #266 ) ;
#1086 = ORIENTED_EDGE ( 'NONE', *, *, #436, .T. ) ;
#1087 = AXIS2_PLACEMENT_3D ( 'NONE', #249, #1079, #1073 ) ;
#1088 = CYLINDRICAL_SURFACE ( 'NONE', #199, 1.999999999999999556 ) ;
#1089 = CARTESIAN_POINT ( 'NONE',  ( 16.60000979361256057, 4.000000000000000000, -28.76160876704026137 ) ) ;
#1090 = DIRECTION ( 'NONE',  ( 0.000000000000000000, -1.000000000000000000, 0.000000000000000000 ) ) ;
#1091 = EDGE_LOOP ( 'NONE', ( #399, #1289, #424, #1141 ) ) ;
#1092 = EDGE_LOOP ( 'NONE', ( #937, #617 ) ) ;
#1093 = VECTOR ( 'NONE', #178, 1000.000000000000000 ) ;
#1094 = DIRECTION ( 'NONE',  ( 0.000000000000000000, 0.000000000000000000, -1.000000000000000000 ) ) ;
#1095 = CARTESIAN_POINT ( 'NONE',  ( -0.9999999999999856781, 4.000000000000000000, -28.00000000000000000 ) ) ;
#1096 = CARTESIAN_POINT ( 'NONE',  ( 1.499999999999993117, 38.99999999999999289, -23.50000000000000000 ) ) ;
#1097 = EDGE_CURVE ( 'NONE', #494, #511, #290, .T. ) ;
#1098 = ORIENTED_EDGE ( 'NONE', *, *, #691, .F. ) ;
#1099 = DIRECTION ( 'NONE',  ( 1.000000000000000000, -0.000000000000000000, -0.000000000000000000 ) ) ;
#1100 = VECTOR ( 'NONE', #1416, 1000.000000000000000 ) ;
#1101 = DIRECTION ( 'NONE',  ( 1.000000000000000000, 0.000000000000000000, 0.000000000000000000 ) ) ;
#1102 = VECTOR ( 'NONE', #1378, 1000.000000000000000 ) ;
#1103 = CIRCLE ( 'NONE', #1261, 1.649999999999998579 ) ;
#1104 = AXIS2_PLACEMENT_3D ( 'NONE', #950, #268, #1382 ) ;
#1105 = VERTEX_POINT ( 'NONE', #883 ) ;
#1106 = CARTESIAN_POINT ( 'NONE',  ( 27.00000000000000000, 0.000000000000000000, -23.35000000000000142 ) ) ;
#1107 =( NAMED_UNIT ( * ) PLANE_ANGLE_UNIT ( ) SI_UNIT ( $, .RADIAN. ) );
#1108 = PLANE ( 'NONE',  #1192 ) ;
#1109 = EDGE_LOOP ( 'NONE', ( #942, #1413 ) ) ;
#1110 = ORIENTED_EDGE ( 'NONE', *, *, #333, .F. ) ;
#1111 = DIRECTION ( 'NONE',  ( -0.000000000000000000, -1.000000000000000000, -0.000000000000000000 ) ) ;
#1112 = ORIENTED_EDGE ( 'NONE', *, *, #1273, .T. ) ;
#1113 = LINE ( 'NONE', #920, #891 ) ;
#1114 = ADVANCED_FACE ( 'NONE', ( #107 ), #541, .F. ) ;
#1115 = VECTOR ( 'NONE', #632, 1000.000000000000000 ) ;
#1116 = VERTEX_POINT ( 'NONE', #767 ) ;
#1117 = ORIENTED_EDGE ( 'NONE', *, *, #1376, .T. ) ;
#1118 = PLANE ( 'NONE',  #669 ) ;
#1119 = ORIENTED_EDGE ( 'NONE', *, *, #311, .F. ) ;
#1120 = CARTESIAN_POINT ( 'NONE',  ( -1.000000000000000444, 4.000000000000000000, 1.000000000000000444 ) ) ;
#1121 = EDGE_CURVE ( 'NONE', #435, #1303, #372, .T. ) ;
#1122 = ORIENTED_EDGE ( 'NONE', *, *, #472, .T. ) ;
#1123 = EDGE_CURVE ( 'NONE', #964, #773, #769, .T. ) ;
#1124 = VERTEX_POINT ( 'NONE', #273 ) ;
#1125 = EDGE_LOOP ( 'NONE', ( #1213, #623, #747, #1315 ) ) ;
#1126 = FACE_OUTER_BOUND ( 'NONE', #253, .T. ) ;
#1127 = ORIENTED_EDGE ( 'NONE', *, *, #1405, .F. ) ;
#1128 = AXIS2_PLACEMENT_3D ( 'NONE', #724, #371, #715 ) ;
#1129 = CARTESIAN_POINT ( 'NONE',  ( 27.00000000000000000, 0.000000000000000000, -25.00000000000000000 ) ) ;
#1130 = DIRECTION ( 'NONE',  ( 0.000000000000000000, 1.000000000000000000, 0.000000000000000000 ) ) ;
#1131 = DIRECTION ( 'NONE',  ( -0.000000000000000000, -1.000000000000000000, -0.000000000000000000 ) ) ;
#1132 = CARTESIAN_POINT ( 'NONE',  ( -3.000000000000000000, 4.000000000000000000, 0.9999999999999856781 ) ) ;
#1133 = VECTOR ( 'NONE', #1200, 1000.000000000000000 ) ;
#1134 = CYLINDRICAL_SURFACE ( 'NONE', #822, 1.650000000000000133 ) ;
#1135 = DIRECTION ( 'NONE',  ( 0.000000000000000000, -0.000000000000000000, 1.000000000000000000 ) ) ;
#1136 = ORIENTED_EDGE ( 'NONE', *, *, #359, .T. ) ;
#1137 = EDGE_CURVE ( 'NONE', #1237, #1181, #1443, .T. ) ;
#1138 = DIRECTION ( 'NONE',  ( 0.000000000000000000, 1.000000000000000000, -0.000000000000000000 ) ) ;
#1139 = DIRECTION ( 'NONE',  ( 0.000000000000000000, 1.000000000000000000, 0.000000000000000000 ) ) ;
#1140 = CARTESIAN_POINT ( 'NONE',  ( -0.9999999999999856781, 4.000000000000000000, 3.000000000000000000 ) ) ;
#1141 = ORIENTED_EDGE ( 'NONE', *, *, #1206, .F. ) ;
#1142 = EDGE_CURVE ( 'NONE', #1417, #488, #49, .T. ) ;
#1143 = FACE_OUTER_BOUND ( 'NONE', #707, .T. ) ;
#1144 = AXIS2_PLACEMENT_3D ( 'NONE', #485, #1300, #400 ) ;
#1145 = CARTESIAN_POINT ( 'NONE',  ( 27.00000000000000000, 4.000000000000000000, -25.00000000000000000 ) ) ;
#1146 = FACE_OUTER_BOUND ( 'NONE', #203, .T. ) ;
#1147 = CYLINDRICAL_SURFACE ( 'NONE', #604, 1.649999999999998579 ) ;
#1148 = ORIENTED_EDGE ( 'NONE', *, *, #193, .F. ) ;
#1149 = VECTOR ( 'NONE', #737, 1000.000000000000000 ) ;
#1150 = DIRECTION ( 'NONE',  ( 0.000000000000000000, 1.000000000000000000, 0.000000000000000000 ) ) ;
#1151 = LINE ( 'NONE', #709, #243 ) ;
#1152 = CIRCLE ( 'NONE', #503, 7.395432676254973359 ) ;
#1153 = DIRECTION ( 'NONE',  ( 0.000000000000000000, 1.000000000000000000, 0.000000000000000000 ) ) ;
#1154 = ADVANCED_FACE ( 'NONE', ( #1277 ), #801, .T. ) ;
#1155 = VECTOR ( 'NONE', #418, 1000.000000000000000 ) ;
#1156 = CARTESIAN_POINT ( 'NONE',  ( 10.34667950780293211, 36.09900446400990148, -19.57500072981649808 ) ) ;
#1157 = ORIENTED_EDGE ( 'NONE', *, *, #472, .F. ) ;
#1158 = CARTESIAN_POINT ( 'NONE',  ( 12.49999999999999822, 36.09900446400990148, -5.104567323745024865 ) ) ;
#1159 = EDGE_CURVE ( 'NONE', #630, #227, #1239, .T. ) ;
#1160 = FACE_OUTER_BOUND ( 'NONE', #1091, .T. ) ;
#1161 = ORIENTED_EDGE ( 'NONE', *, *, #861, .T. ) ;
#1162 = DIRECTION ( 'NONE',  ( 0.000000000000000000, 1.000000000000000000, 0.000000000000000000 ) ) ;
#1163 = CARTESIAN_POINT ( 'NONE',  ( 27.00000000000000000, 4.000000000000000000, 0.000000000000000000 ) ) ;
#1164 = ADVANCED_FACE ( 'NONE', ( #1160 ), #1147, .F. ) ;
#1165 = CARTESIAN_POINT ( 'NONE',  ( 23.49999999999997868, 38.99999999999999289, 0.5000000000000029976 ) ) ;
#1166 = ORIENTED_EDGE ( 'NONE', *, *, #900, .T. ) ;
#1167 = ADVANCED_FACE ( 'NONE', ( #1369 ), #47, .T. ) ;
#1168 = ORIENTED_EDGE ( 'NONE', *, *, #653, .F. ) ;
#1169 = DIRECTION ( 'NONE',  ( -0.000000000000000000, -1.000000000000000000, 0.000000000000000000 ) ) ;
#1170 = CARTESIAN_POINT ( 'NONE',  ( 0.000000000000000000, 4.000000000000000000, 0.000000000000000000 ) ) ;
#1171 = DIRECTION ( 'NONE',  ( -0.000000000000000000, 1.000000000000000000, 0.000000000000000000 ) ) ;
#1172 = VECTOR ( 'NONE', #226, 1000.000000000000000 ) ;
#1173 = VECTOR ( 'NONE', #55, 1000.000000000000000 ) ;
#1174 = ORIENTED_EDGE ( 'NONE', *, *, #375, .F. ) ;
#1175 = ORIENTED_EDGE ( 'NONE', *, *, #1159, .F. ) ;
#1176 = EDGE_CURVE ( 'NONE', #773, #453, #309, .T. ) ;
#1177 = EDGE_LOOP ( 'NONE', ( #739, #365, #373, #681 ) ) ;
#1178 = DIRECTION ( 'NONE',  ( 0.000000000000000000, 0.000000000000000000, 1.000000000000000000 ) ) ;
#1179 = DIRECTION ( 'NONE',  ( 1.000000000000000000, -0.000000000000000000, 0.000000000000000000 ) ) ;
#1180 =( NAMED_UNIT ( * ) PLANE_ANGLE_UNIT ( ) SI_UNIT ( $, .RADIAN. ) );
#1181 = VERTEX_POINT ( 'NONE', #1165 ) ;
#1182 = ORIENTED_EDGE ( 'NONE', *, *, #971, .T. ) ;
#1183 = VECTOR ( 'NONE', #917, 1000.000000000000000 ) ;
#1184 = ADVANCED_FACE ( 'NONE', ( #1256 ), #819, .F. ) ;
#1185 = CARTESIAN_POINT ( 'NONE',  ( 22.49999999999999645, 38.99999999999999289, -20.85000000000000142 ) ) ;
#1186 = LINE ( 'NONE', #878, #1100 ) ;
#1187 = ORIENTED_EDGE ( 'NONE', *, *, #170, .F. ) ;
#1188 = VERTEX_POINT ( 'NONE', #597 ) ;
#1189 = LINE ( 'NONE', #385, #763 ) ;
#1190 = DIRECTION ( 'NONE',  ( 0.000000000000000000, 0.000000000000000000, 1.000000000000000000 ) ) ;
#1191 = EDGE_CURVE ( 'NONE', #534, #1205, #1103, .T. ) ;
#1192 = AXIS2_PLACEMENT_3D ( 'NONE', #128, #1233, #543 ) ;
#1193 = TOROIDAL_SURFACE ( 'NONE', #1332, 10.39379858389635203, 3.000000000000000000 ) ;
#1194 = ORIENTED_EDGE ( 'NONE', *, *, #220, .F. ) ;
#1195 = ORIENTED_EDGE ( 'NONE', *, *, #133, .F. ) ;
#1196 = EDGE_LOOP ( 'NONE', ( #939, #1324 ) ) ;
#1197 = DIRECTION ( 'NONE',  ( -0.000000000000000000, 1.000000000000000000, 0.000000000000000000 ) ) ;
#1198 = EDGE_CURVE ( 'NONE', #488, #1348, #744, .T. ) ;
#1199 = ORIENTED_EDGE ( 'NONE', *, *, #181, .T. ) ;
#1200 = DIRECTION ( 'NONE',  ( -0.000000000000000000, 1.000000000000000000, 0.000000000000000000 ) ) ;
#1201 = ORIENTED_EDGE ( 'NONE', *, *, #483, .F. ) ;
#1202 = CARTESIAN_POINT ( 'NONE',  ( 14.33417207029538964, 38.99999999999999289, -5.227736747301546139 ) ) ;
#1203 = CARTESIAN_POINT ( 'NONE',  ( -1.000000000000000444, 4.000000000000000000, -26.00000000000000355 ) ) ;
#1204 = DIRECTION ( 'NONE',  ( -0.000000000000000000, 1.000000000000000000, 0.000000000000000000 ) ) ;
#1205 = VERTEX_POINT ( 'NONE', #121 ) ;
#1206 = EDGE_CURVE ( 'NONE', #1124, #331, #1424, .T. ) ;
#1207 = CARTESIAN_POINT ( 'NONE',  ( 18.18464154809359101, 4.000000000000000000, -7.607674329146920655 ) ) ;
#1208 = DIRECTION ( 'NONE',  ( 0.000000000000000000, 0.000000000000000000, 1.000000000000000000 ) ) ;
#1209 = AXIS2_PLACEMENT_3D ( 'NONE', #1325, #322, #1005 ) ;
#1210 = AXIS2_PLACEMENT_3D ( 'NONE', #495, #1071, #817 ) ;
#1211 = CARTESIAN_POINT ( 'NONE',  ( 0.000000000000000000, 4.000000000000000000, 0.000000000000000000 ) ) ;
#1212 = APPLICATION_CONTEXT ( 'automotive_design' ) ;
#1213 = ORIENTED_EDGE ( 'NONE', *, *, #907, .T. ) ;
#1214 = ADVANCED_FACE ( 'NONE', ( #553 ), #1193, .F. ) ;
#1215 = DIRECTION ( 'NONE',  ( 0.000000000000000000, 0.000000000000000000, 1.000000000000000000 ) ) ;
#1216 = DIRECTION ( 'NONE',  ( -0.000000000000000000, 0.000000000000000000, 1.000000000000000000 ) ) ;
#1217 = ORIENTED_EDGE ( 'NONE', *, *, #448, .T. ) ;
#1218 = ORIENTED_EDGE ( 'NONE', *, *, #587, .F. ) ;
#1219 = ORIENTED_EDGE ( 'NONE', *, *, #1334, .T. ) ;
#1220 = FACE_OUTER_BOUND ( 'NONE', #1287, .T. ) ;
#1221 = ORIENTED_EDGE ( 'NONE', *, *, #260, .F. ) ;
#1222 = ADVANCED_FACE ( 'NONE', ( #896 ), #1431, .F. ) ;
#1223 = CIRCLE ( 'NONE', #833, 2.000000000000000888 ) ;
#1224 =( NAMED_UNIT ( * ) SI_UNIT ( $, .STERADIAN. ) SOLID_ANGLE_UNIT ( ) );
#1225 = CARTESIAN_POINT ( 'NONE',  ( 1.499999999999992228, 43.00000000000000000, -1.499999999999996669 ) ) ;
#1226 = AXIS2_PLACEMENT_3D ( 'NONE', #295, #500, #1402 ) ;
#1227 = EDGE_CURVE ( 'NONE', #481, #464, #480, .T. ) ;
#1228 = DIRECTION ( 'NONE',  ( 0.000000000000000000, -1.000000000000000000, 0.000000000000000000 ) ) ;
#1229 = VERTEX_POINT ( 'NONE', #214 ) ;
#1230 = ORIENTED_EDGE ( 'NONE', *, *, #1405, .T. ) ;
#1231 = CARTESIAN_POINT ( 'NONE',  ( 2.499999999999993339, 38.99999999999999289, -4.149999999999997691 ) ) ;
#1232 = B_SPLINE_CURVE_WITH_KNOTS ( 'NONE', 1,
 ( #810, #1156 ),
 .UNSPECIFIED., .F., .F.,
 ( 2, 2 ),
 ( 0.08288558674257387460, 0.9171144132574260421 ),
 .UNSPECIFIED. ) ;
#1233 = DIRECTION ( 'NONE',  ( 0.000000000000000000, -1.000000000000000000, 0.000000000000000000 ) ) ;
#1234 = CIRCLE ( 'NONE', #526, 1.649999999999998579 ) ;
#1235 = EDGE_CURVE ( 'NONE', #1303, #361, #778, .T. ) ;
#1236 = DIRECTION ( 'NONE',  ( -0.000000000000000000, -1.000000000000000000, -0.000000000000000000 ) ) ;
#1237 = VERTEX_POINT ( 'NONE', #222 ) ;
#1238 = CARTESIAN_POINT ( 'NONE',  ( -0.9999999999999856781, 4.000000000000000000, -28.00000000000000000 ) ) ;
#1239 = CIRCLE ( 'NONE', #122, 1.649999999999998579 ) ;
#1240 = ORIENTED_EDGE ( 'NONE', *, *, #359, .F. ) ;
#1241 = DIRECTION ( 'NONE',  ( -1.000000000000000000, 0.000000000000000000, 0.000000000000000000 ) ) ;
#1242 = CYLINDRICAL_SURFACE ( 'NONE', #502, 1.649999999999998579 ) ;
#1243 = CARTESIAN_POINT ( 'NONE',  ( 0.000000000000000000, 0.000000000000000000, -26.64999999999999858 ) ) ;
#1244 = EDGE_CURVE ( 'NONE', #227, #630, #530, .T. ) ;
#1245 = CARTESIAN_POINT ( 'NONE',  ( 0.000000000000000000, 0.000000000000000000, 0.000000000000000000 ) ) ;
#1246 = VERTEX_POINT ( 'NONE', #433 ) ;
#1247 = CARTESIAN_POINT ( 'NONE',  ( 1.500000000000007550, 43.00000000000000000, -25.50000000000000000 ) ) ;
#1248 = DIRECTION ( 'NONE',  ( 0.000000000000000000, 0.000000000000000000, 1.000000000000000000 ) ) ;
#1249 = ORIENTED_EDGE ( 'NONE', *, *, #160, .F. ) ;
#1250 = EDGE_CURVE ( 'NONE', #388, #280, #919, .T. ) ;
#1251 = LINE ( 'NONE', #281, #1173 ) ;
#1252 = DIRECTION ( 'NONE',  ( -0.000000000000000000, -0.000000000000000000, 1.000000000000000000 ) ) ;
#1253 = CARTESIAN_POINT ( 'NONE',  ( -0.5000000000000073275, 38.99999999999999289, -1.500000000000011324 ) ) ;
#1254 = FACE_OUTER_BOUND ( 'NONE', #1360, .T. ) ;
#1255 = CARTESIAN_POINT ( 'NONE',  ( 0.000000000000000000, 4.000000000000000000, -1.650000000000000133 ) ) ;
#1256 = FACE_OUTER_BOUND ( 'NONE', #613, .T. ) ;
#1257 = ORIENTED_EDGE ( 'NONE', *, *, #201, .F. ) ;
#1258 = AXIS2_PLACEMENT_3D ( 'NONE', #1409, #315, #478 ) ;
#1259 = DIRECTION ( 'NONE',  ( 0.000000000000000000, 0.000000000000000000, -1.000000000000000000 ) ) ;
#1260 = AXIS2_PLACEMENT_3D ( 'NONE', #829, #73, #857 ) ;
#1261 = AXIS2_PLACEMENT_3D ( 'NONE', #479, #947, #168 ) ;
#1262 = EDGE_CURVE ( 'NONE', #48, #453, #1152, .T. ) ;
#1263 = CARTESIAN_POINT ( 'NONE',  ( 22.49999999999999645, 38.99999999999999289, -0.8499999999999983125 ) ) ;
#1264 = CARTESIAN_POINT ( 'NONE',  ( 23.49999999999999645, 38.99999999999999289, -23.50000000000000000 ) ) ;
#1265 = CARTESIAN_POINT ( 'NONE',  ( 0.000000000000000000, 4.000000000000000000, -25.00000000000000000 ) ) ;
#1266 = DIRECTION ( 'NONE',  ( -1.000000000000000000, 0.000000000000000000, 0.000000000000000000 ) ) ;
#1267 = DIRECTION ( 'NONE',  ( 0.000000000000000000, 0.000000000000000000, 1.000000000000000000 ) ) ;
#1268 = CARTESIAN_POINT ( 'NONE',  ( 23.49999999999997868, 38.99999999999999289, -25.50000000000000000 ) ) ;
#1269 = ORIENTED_EDGE ( 'NONE', *, *, #111, .F. ) ;
#1270 = DIRECTION ( 'NONE',  ( -0.000000000000000000, -1.000000000000000000, -0.000000000000000000 ) ) ;
#1271 = CARTESIAN_POINT ( 'NONE',  ( 27.99999999999999645, 4.000000000000000000, 3.000000000000000000 ) ) ;
#1272 = DIRECTION ( 'NONE',  ( 0.000000000000000000, 1.000000000000000000, 0.000000000000000000 ) ) ;
#1273 = EDGE_CURVE ( 'NONE', #1105, #990, #45, .T. ) ;
#1274 = EDGE_CURVE ( 'NONE', #820, #584, #1033, .T. ) ;
#1275 = CARTESIAN_POINT ( 'NONE',  ( -1.000000000000000444, 4.000000000000000000, -26.00000000000000355 ) ) ;
#1276 = CARTESIAN_POINT ( 'NONE',  ( 0.000000000000000000, 4.000000000000000000, -26.64999999999999858 ) ) ;
#1277 = FACE_OUTER_BOUND ( 'NONE', #993, .T. ) ;
#1278 = VERTEX_POINT ( 'NONE', #30 ) ;
#1279 = VECTOR ( 'NONE', #1043, 1000.000000000000000 ) ;
#1280 = EDGE_LOOP ( 'NONE', ( #1148, #1404, #1077, #1023 ) ) ;
#1281 = DIRECTION ( 'NONE',  ( -0.000000000000000000, -0.000000000000000000, 1.000000000000000000 ) ) ;
#1282 = FACE_BOUND ( 'NONE', #402, .T. ) ;
#1283 = FACE_OUTER_BOUND ( 'NONE', #1125, .T. ) ;
#1284 = LINE ( 'NONE', #284, #710 ) ;
#1285 = ORIENTED_EDGE ( 'NONE', *, *, #683, .F. ) ;
#1286 = DIRECTION ( 'NONE',  ( 0.000000000000000000, 0.000000000000000000, 1.000000000000000000 ) ) ;
#1287 = EDGE_LOOP ( 'NONE', ( #659, #441, #113, #1217, #975, #84, #18, #556 ) ) ;
#1288 = CIRCLE ( 'NONE', #666, 1.999999999999999112 ) ;
#1289 = ORIENTED_EDGE ( 'NONE', *, *, #940, .T. ) ;
#1290 = STYLED_ITEM ( 'NONE', ( #751 ), #799 ) ;
#1291 = CARTESIAN_POINT ( 'NONE',  ( 2.499999999999993339, 38.99999999999999289, -22.50000000000000000 ) ) ;
#1292 = VECTOR ( 'NONE', #1171, 1000.000000000000000 ) ;
#1293 = AXIS2_PLACEMENT_3D ( 'NONE', #573, #138, #938 ) ;
#1294 = AXIS2_PLACEMENT_3D ( 'NONE', #591, #42, #823 ) ;
#1295 = FACE_OUTER_BOUND ( 'NONE', #743, .T. ) ;
#1296 = ORIENTED_EDGE ( 'NONE', *, *, #596, .F. ) ;
#1297 = EDGE_CURVE ( 'NONE', #761, #280, #1039, .T. ) ;
#1298 = VERTEX_POINT ( 'NONE', #809 ) ;
#1299 = VERTEX_POINT ( 'NONE', #570 ) ;
#1300 = DIRECTION ( 'NONE',  ( 0.000000000000000000, -1.000000000000000000, 0.000000000000000000 ) ) ;
#1301 = CARTESIAN_POINT ( 'NONE',  ( 8.399990206387439429, 4.000000000000000000, 3.761608767040266255 ) ) ;
#1302 = ORIENTED_EDGE ( 'NONE', *, *, #1206, .T. ) ;
#1303 = VERTEX_POINT ( 'NONE', #1255 ) ;
#1304 = TOROIDAL_SURFACE ( 'NONE', #658, 10.39379858389634848, 3.000000000000000000 ) ;
#1305 = EDGE_CURVE ( 'NONE', #331, #1124, #267, .T. ) ;
#1306 = LINE ( 'NONE', #63, #757 ) ;
#1307 = CARTESIAN_POINT ( 'NONE',  ( 27.96929288979974970, 4.000000000000000000, -18.97695742533410623 ) ) ;
#1308 = DIRECTION ( 'NONE',  ( -0.000000000000000000, 1.000000000000000000, 0.000000000000000000 ) ) ;
#1309 = ORIENTED_EDGE ( 'NONE', *, *, #1016, .T. ) ;
#1310 = ORIENTED_EDGE ( 'NONE', *, *, #65, .F. ) ;
#1311 = CIRCLE ( 'NONE', #865, 1.649999999999998579 ) ;
#1312 = CARTESIAN_POINT ( 'NONE',  ( 2.499999999999993339, 43.00000000000000000, -2.499999999999996891 ) ) ;
#1313 = AXIS2_PLACEMENT_3D ( 'NONE', #1357, #759, #97 ) ;
#1314 = EDGE_LOOP ( 'NONE', ( #1014, #779 ) ) ;
#1315 = ORIENTED_EDGE ( 'NONE', *, *, #1235, .F. ) ;
#1316 = AXIS2_PLACEMENT_3D ( 'NONE', #1096, #90, #2 ) ;
#1317 = CARTESIAN_POINT ( 'NONE',  ( -0.5000000000000073275, 38.99999999999999289, -1.500000000000011102 ) ) ;
#1318 = EDGE_CURVE ( 'NONE', #1040, #649, #192, .T. ) ;
#1319 = DIRECTION ( 'NONE',  ( 0.000000000000000000, 0.000000000000000000, 1.000000000000000000 ) ) ;
#1320 = ORIENTED_EDGE ( 'NONE', *, *, #1026, .F. ) ;
#1321 = FILL_AREA_STYLE ('',( #620 ) ) ;
#1322 = CYLINDRICAL_SURFACE ( 'NONE', #1260, 1.650000000000000133 ) ;
#1323 = EDGE_CURVE ( 'NONE', #738, #1417, #814, .T. ) ;
#1324 = ORIENTED_EDGE ( 'NONE', *, *, #1334, .F. ) ;
#1325 = CARTESIAN_POINT ( 'NONE',  ( 22.49999999999999645, 38.99999999999999289, -2.499999999999996891 ) ) ;
#1326 = ORIENTED_EDGE ( 'NONE', *, *, #683, .T. ) ;
#1327 = CARTESIAN_POINT ( 'NONE',  ( -2.969292889799749702, 4.000000000000000000, -6.023042574665891991 ) ) ;
#1328 =( LENGTH_UNIT ( ) NAMED_UNIT ( * ) SI_UNIT ( .MILLI., .METRE. ) );
#1329 = CARTESIAN_POINT ( 'NONE',  ( 7.134506873808080130, 6.900995535990086083, -17.58958819373503246 ) ) ;
#1330 = ORIENTED_EDGE ( 'NONE', *, *, #727, .T. ) ;
#1331 = CIRCLE ( 'NONE', #324, 3.000000000000000000 ) ;
#1332 = AXIS2_PLACEMENT_3D ( 'NONE', #9, #112, #533 ) ;
#1333 = VERTEX_POINT ( 'NONE', #841 ) ;
#1334 = EDGE_CURVE ( 'NONE', #1386, #1298, #725, .T. ) ;
#1335 = DIRECTION ( 'NONE',  ( 0.000000000000000000, 1.000000000000000000, 0.000000000000000000 ) ) ;
#1336 = ORIENTED_EDGE ( 'NONE', *, *, #626, .F. ) ;
#1337 = DIRECTION ( 'NONE',  ( 0.000000000000000000, 0.000000000000000000, 1.000000000000000000 ) ) ;
#1338 = CARTESIAN_POINT ( 'NONE',  ( 12.49999999999999822, 36.09900446400990148, -12.49999999999999822 ) ) ;
#1339 = CARTESIAN_POINT ( 'NONE',  ( 23.49999999999999645, 43.00000000000000000, -23.50000000000000000 ) ) ;
#1340 = ORIENTED_EDGE ( 'NONE', *, *, #345, .T. ) ;
#1341 = CARTESIAN_POINT ( 'NONE',  ( -3.000000000000000000, 4.000000000000000000, 0.9999999999999856781 ) ) ;
#1342 = ORIENTED_EDGE ( 'NONE', *, *, #401, .T. ) ;
#1343 = CARTESIAN_POINT ( 'NONE',  ( 28.87869857569229026, 38.99999999999999289, -8.896080887892324540 ) ) ;
#1344 = AXIS2_PLACEMENT_3D ( 'NONE', #1042, #576, #143 ) ;
#1345 = CARTESIAN_POINT ( 'NONE',  ( 12.49999999999999822, 6.900995535990086083, -12.49999999999999822 ) ) ;
#1346 = AXIS2_PLACEMENT_3D ( 'NONE', #1408, #166, #1074 ) ;
#1347 = ORIENTED_EDGE ( 'NONE', *, *, #536, .F. ) ;
#1348 = VERTEX_POINT ( 'NONE', #1053 ) ;
#1349 = DIRECTION ( 'NONE',  ( 0.000000000000000000, 0.000000000000000000, -1.000000000000000000 ) ) ;
#1350 = DIRECTION ( 'NONE',  ( -0.000000000000000000, -1.000000000000000000, -0.000000000000000000 ) ) ;
#1351 = ORIENTED_EDGE ( 'NONE', *, *, #375, .T. ) ;
#1352 = FACE_BOUND ( 'NONE', #1314, .T. ) ;
#1353 = DIRECTION ( 'NONE',  ( 0.000000000000000000, 0.000000000000000000, 1.000000000000000000 ) ) ;
#1354 = EDGE_CURVE ( 'NONE', #676, #1278, #847, .T. ) ;
#1355 = CARTESIAN_POINT ( 'NONE',  ( -0.9999999999999856781, 4.000000000000000000, 3.000000000000000000 ) ) ;
#1356 = FACE_OUTER_BOUND ( 'NONE', #460, .T. ) ;
#1357 = CARTESIAN_POINT ( 'NONE',  ( 22.49999999999999645, 43.00000000000000000, -2.499999999999996891 ) ) ;
#1358 = DIRECTION ( 'NONE',  ( 0.000000000000000000, 0.000000000000000000, -1.000000000000000000 ) ) ;
#1359 = AXIS2_PLACEMENT_3D ( 'NONE', #422, #104, #1002 ) ;
#1360 = EDGE_LOOP ( 'NONE', ( #1127, #1166, #116, #307, #1157 ) ) ;
#1361 = CARTESIAN_POINT ( 'NONE',  ( 2.499999999999993339, 43.00000000000000000, -0.8499999999999967581 ) ) ;
#1362 = LINE ( 'NONE', #357, #1084 ) ;
#1363 = EDGE_CURVE ( 'NONE', #1333, #820, #1251, .T. ) ;
#1364 = CARTESIAN_POINT ( 'NONE',  ( 14.65332049219706612, 36.09900446400990148, -5.424999270183499256 ) ) ;
#1365 = ORIENTED_EDGE ( 'NONE', *, *, #83, .T. ) ;
#1366 = DIRECTION ( 'NONE',  ( -1.000000000000000000, -0.000000000000000000, -0.000000000000000000 ) ) ;
#1367 = AXIS2_PLACEMENT_3D ( 'NONE', #717, #374, #690 ) ;
#1368 = DIRECTION ( 'NONE',  ( -0.000000000000000000, -1.000000000000000000, -0.000000000000000000 ) ) ;
#1369 = FACE_OUTER_BOUND ( 'NONE', #225, .T. ) ;
#1370 = ORIENTED_EDGE ( 'NONE', *, *, #244, .T. ) ;
#1371 = CARTESIAN_POINT ( 'NONE',  ( 27.00000000000000000, 0.000000000000000000, 0.000000000000000000 ) ) ;
#1372 = CARTESIAN_POINT ( 'NONE',  ( 23.49999999999997868, 38.99999999999999289, 0.5000000000000029976 ) ) ;
#1373 = APPLICATION_PROTOCOL_DEFINITION ( 'draft international standard', 'automotive_design', 1998, #1212 ) ;
#1374 = ORIENTED_EDGE ( 'NONE', *, *, #65, .T. ) ;
#1375 = EDGE_CURVE ( 'NONE', #607, #67, #789, .T. ) ;
#1376 = EDGE_CURVE ( 'NONE', #54, #554, #1151, .T. ) ;
#1377 = DIRECTION ( 'NONE',  ( 0.000000000000000000, 0.000000000000000000, -1.000000000000000000 ) ) ;
#1378 = DIRECTION ( 'NONE',  ( -0.000000000000000000, -1.000000000000000000, -0.000000000000000000 ) ) ;
#1379 = DIRECTION ( 'NONE',  ( 0.000000000000000000, -1.000000000000000000, 0.000000000000000000 ) ) ;
#1380 = DIRECTION ( 'NONE',  ( -0.000000000000000000, -1.000000000000000000, -0.000000000000000000 ) ) ;
#1381 = ORIENTED_EDGE ( 'NONE', *, *, #836, .T. ) ;
#1382 = DIRECTION ( 'NONE',  ( 0.000000000000000000, 0.000000000000000000, 1.000000000000000000 ) ) ;
#1383 = DIRECTION ( 'NONE',  ( 0.000000000000000000, 0.000000000000000000, 1.000000000000000000 ) ) ;
#1384 = DIRECTION ( 'NONE',  ( 0.000000000000000000, 1.000000000000000000, 0.000000000000000000 ) ) ;
#1385 = DIRECTION ( 'NONE',  ( 0.000000000000000000, 0.000000000000000000, 1.000000000000000000 ) ) ;
#1386 = VERTEX_POINT ( 'NONE', #608 ) ;
#1387 = ORIENTED_EDGE ( 'NONE', *, *, #760, .F. ) ;
#1388 = CARTESIAN_POINT ( 'NONE',  ( -3.000000000000000000, 0.000000000000000000, 0.9999999999999856781 ) ) ;
#1389 = LINE ( 'NONE', #1185, #200 ) ;
#1390 = DIRECTION ( 'NONE',  ( -0.000000000000000000, 1.000000000000000000, 0.000000000000000000 ) ) ;
#1391 = EDGE_CURVE ( 'NONE', #13, #32, #729, .T. ) ;
#1392 = EDGE_LOOP ( 'NONE', ( #81, #1230, #1365, #674, #869, #1201 ) ) ;
#1393 = ORIENTED_EDGE ( 'NONE', *, *, #890, .T. ) ;
#1394 = VECTOR ( 'NONE', #343, 1000.000000000000000 ) ;
#1395 = ORIENTED_EDGE ( 'NONE', *, *, #1191, .T. ) ;
#1396 = VERTEX_POINT ( 'NONE', #461 ) ;
#1397 = ORIENTED_EDGE ( 'NONE', *, *, #1273, .F. ) ;
#1398 = CARTESIAN_POINT ( 'NONE',  ( 27.00000000000000000, 4.000000000000000000, 0.000000000000000000 ) ) ;
#1399 = AXIS2_PLACEMENT_3D ( 'NONE', #1345, #344, #782 ) ;
#1400 = CARTESIAN_POINT ( 'NONE',  ( 28.87869857569229026, 38.99999999999999289, -8.896080887892324540 ) ) ;
#1401 = DIRECTION ( 'NONE',  ( 0.000000000000000000, 0.000000000000000000, 1.000000000000000000 ) ) ;
#1402 = DIRECTION ( 'NONE',  ( 2.956915015869561469E-17, 0.000000000000000000, -1.000000000000000000 ) ) ;
#1403 = ORIENTED_EDGE ( 'NONE', *, *, #1434, .T. ) ;
#1404 = ORIENTED_EDGE ( 'NONE', *, *, #1159, .T. ) ;
#1405 = EDGE_CURVE ( 'NONE', #1116, #323, #398, .T. ) ;
#1406 = ORIENTED_EDGE ( 'NONE', *, *, #848, .F. ) ;
#1407 = DIRECTION ( 'NONE',  ( -0.000000000000000000, -1.000000000000000000, -0.000000000000000000 ) ) ;
#1408 = CARTESIAN_POINT ( 'NONE',  ( 27.00000000000000000, 4.000000000000000000, -25.00000000000000000 ) ) ;
#1409 = CARTESIAN_POINT ( 'NONE',  ( 22.49999999999999645, 38.99999999999999289, -22.50000000000000000 ) ) ;
#1410 = VERTEX_POINT ( 'NONE', #700 ) ;
#1411 = ORIENTED_EDGE ( 'NONE', *, *, #229, .F. ) ;
#1412 = AXIS2_PLACEMENT_3D ( 'NONE', #1338, #1131, #469 ) ;
#1413 = ORIENTED_EDGE ( 'NONE', *, *, #766, .T. ) ;
#1414 = DIRECTION ( 'NONE',  ( 0.000000000000000000, 1.000000000000000000, 0.000000000000000000 ) ) ;
#1415 = B_SPLINE_CURVE_WITH_KNOTS ( 'NONE', 1,
 ( #935, #1056 ),
 .UNSPECIFIED., .F., .F.,
 ( 2, 2 ),
 ( 0.08288558674257388847, 0.9171144132574260421 ),
 .UNSPECIFIED. ) ;
#1416 = DIRECTION ( 'NONE',  ( -0.000000000000000000, -0.000000000000000000, 1.000000000000000000 ) ) ;
#1417 = VERTEX_POINT ( 'NONE', #155 ) ;
#1418 = ORIENTED_EDGE ( 'NONE', *, *, #1262, .T. ) ;
#1419 = EDGE_CURVE ( 'NONE', #621, #1246, #459, .T. ) ;
#1420 = ORIENTED_EDGE ( 'NONE', *, *, #673, .T. ) ;
#1421 = CARTESIAN_POINT ( 'NONE',  ( 18.18464154809359101, 4.000000000000000000, -7.607674329146920655 ) ) ;
#1422 = EDGE_CURVE ( 'NONE', #1229, #1116, #174, .T. ) ;
#1423 = AXIS2_PLACEMENT_3D ( 'NONE', #633, #1379, #1094 ) ;
#1424 = CIRCLE ( 'NONE', #1313, 1.649999999999998579 ) ;
#1425 = LINE ( 'NONE', #640, #1149 ) ;
#1426 = AXIS2_PLACEMENT_3D ( 'NONE', #261, #1169, #173 ) ;
#1427 = VERTEX_POINT ( 'NONE', #844 ) ;
#1428 = AXIS2_PLACEMENT_3D ( 'NONE', #875, #1204, #1319 ) ;
#1429 = DIRECTION ( 'NONE',  ( -0.000000000000000000, -1.000000000000000000, -0.000000000000000000 ) ) ;
#1430 = ADVANCED_FACE ( 'NONE', ( #159 ), #177, .F. ) ;
#1431 = PLANE ( 'NONE',  #629 ) ;
#1432 = ORIENTED_EDGE ( 'NONE', *, *, #170, .T. ) ;
#1433 = LINE ( 'NONE', #335, #394 ) ;
#1434 = EDGE_CURVE ( 'NONE', #355, #738, #991, .T. ) ;
#1435 = ORIENTED_EDGE ( 'NONE', *, *, #1142, .F. ) ;
#1436 = DIRECTION ( 'NONE',  ( 0.000000000000000000, 0.000000000000000000, 1.000000000000000000 ) ) ;
#1437 = VERTEX_POINT ( 'NONE', #828 ) ;
#1438 = CYLINDRICAL_SURFACE ( 'NONE', #540, 1.649999999999998579 ) ;
#1439 = CARTESIAN_POINT ( 'NONE',  ( 1.500000000000007550, 38.99999999999999289, -25.50000000000000000 ) ) ;
#1440 = CIRCLE ( 'NONE', #1423, 1.649999999999998579 ) ;
#1441 = ORIENTED_EDGE ( 'NONE', *, *, #1262, .F. ) ;
#1442 = AXIS2_PLACEMENT_3D ( 'NONE', #1000, #350, #1353 ) ;
#1443 = CIRCLE ( 'NONE', #1057, 1.999999999999999112 ) ;
ENDSEC;
END-ISO-10303-21;
